ISO-10303-21;
HEADER;
FILE_DESCRIPTION(('STEP AP242'),'1');
FILE_NAME('5054176010.stp','2025-01-21T23:51:45',('TraceParts'),('TraceParts S.A.'),'Spatial InterOp 3D',' ',' ');
FILE_SCHEMA(('AP242_MANAGED_MODEL_BASED_3D_ENGINEERING_MIM_LF  {1 0 10303 442 1 1 4}'));
ENDSEC;
DATA;
#1=PRODUCT_DEFINITION_CONTEXT('',#10,'design');
#2=APPLICATION_PROTOCOL_DEFINITION('INTERNATIONAL STANDARD','ap242_managed_model_based_3d_engineering',2014,#10);
#3=PRODUCT_CATEGORY_RELATIONSHIP('NONE','NONE',#11,#12);
#4=SHAPE_DEFINITION_REPRESENTATION(#13,#14);
#5=SHAPE_DEFINITION_REPRESENTATION(#13,#15);
#6= (GEOMETRIC_REPRESENTATION_CONTEXT(3)GLOBAL_UNCERTAINTY_ASSIGNED_CONTEXT((#18))GLOBAL_UNIT_ASSIGNED_CONTEXT((#20,#21,#22))REPRESENTATION_CONTEXT('NONE','WORKSPACE'));
#10=APPLICATION_CONTEXT('managed model based 3d engineering');
#11=PRODUCT_CATEGORY('part','NONE');
#12=PRODUCT_RELATED_PRODUCT_CATEGORY('detail',' ',(#24));
#13=PRODUCT_DEFINITION_SHAPE('NONE','NONE',#25);
#14=ADVANCED_BREP_SHAPE_REPRESENTATION('5054176010_1',(#26,#27),#6);
#15=GEOMETRICALLY_BOUNDED_SURFACE_SHAPE_REPRESENTATION('1',(#28,#29),#6);
#18=UNCERTAINTY_MEASURE_WITH_UNIT(LENGTH_MEASURE(1.0E-06),#20,'','');
#20= (CONVERSION_BASED_UNIT('MILLIMETRE',#32)LENGTH_UNIT()NAMED_UNIT(#35));
#21= (NAMED_UNIT(#37)PLANE_ANGLE_UNIT()SI_UNIT($,.RADIAN.));
#22= (NAMED_UNIT(#37)SOLID_ANGLE_UNIT()SI_UNIT($,.STERADIAN.));
#24=PRODUCT('5054176010_1','5054176010_1','PART-5054176010_1-DESC',(#43));
#25=PRODUCT_DEFINITION('','NONE',#44,#1);
#26=MANIFOLD_SOLID_BREP('5054176010_1',#45);
#27=AXIS2_PLACEMENT_3D('',#46,#47,#48);
#28=GEOMETRIC_SET('1',(#49,#50,#51,#52,#53,#54,#55,#56,#57,#58,#59,#60,#61,#62,#63,#64,#65,#66,#67,#68,#69,#70,#71,#72,#73,#74,#75,#76,#77,#78,#79,#80,#81,#82,#83,#84,#85,#86,#87,#88,#89,#90,#91,#92,#93,#94,#95,#96,#97,#98,#99,#100,#101,#102,#103,#104,#105,#106,#107,#108,#109,#110,#111,#112,#113,#114,#115,#116,#117,#118,#119,#120,#121,#122,#123,#124,#125,#126,#127,#128,#129,#130,#131,#132,#133,#134,#135,#136,#137,#138,#139,#140,#141,#142,#143,#144,#145,#146,#147,#148,#149,#150,#151,#152,#153,#154,#155,#156,#157,#158,#159,#160,#161,#162,#163,#164,#165,#166,#167,#168,#169,#170,#171,#172,#173,#174,#175,#176,#177,#178,#179,#180,#181,#182,#183,#184,#185,#186,#187,#188,#189,#190,#191,#192,#193,#194,#195,#196,#197,#198,#199,#200,#201,#202,#203,#204,#205,#206,#207,#208,#209,#210,#211,#212,#213,#214,#215,#216,#217,#218,#219,#220,#221,#222,#223,#224,#225,#226,#227,#228,#229,#230,#231,#232,#233,#234,#235,#236,#237,#238,#239,#240,#241,#242,#243,#244,#245,#246,#247,#248,#249,#250,#251,#252,#253,#254,#255,#256,#257,#258,#259,#260,#261,#262,#263,#264,#265,#266,#267,#268,#269,#270,#271,#272,#273,#274,#275,#276,#277,#278,#279,#280,#281,#282,#283,#284,#285,#286,#287,#288,#289,#290,#291,#292,#293,#294,#295,#296,#297,#298,#299,#300,#301,#302,#303,#304));
#29=AXIS2_PLACEMENT_3D('',#305,#306,#307);
#32=LENGTH_MEASURE_WITH_UNIT(LENGTH_MEASURE(1.0),#308);
#35=DIMENSIONAL_EXPONENTS(1.0,0.0,0.0,0.0,0.0,0.0,0.0);
#37=DIMENSIONAL_EXPONENTS(0.0,0.0,0.0,0.0,0.0,0.0,0.0);
#43=PRODUCT_CONTEXT('',#10,'mechanical');
#44=PRODUCT_DEFINITION_FORMATION_WITH_SPECIFIED_SOURCE(' ','NONE',#24,.NOT_KNOWN.);
#45=CLOSED_SHELL('',(#309,#310,#311,#312,#313,#314,#315,#316,#317,#318,#319,#320,#321,#322,#323,#324,#325,#326,#327,#328,#329,#330,#331,#332,#333,#334,#335,#336,#337,#338,#339,#340,#341,#342,#343,#344,#345,#346,#347,#348,#349,#350,#351,#352,#353,#354,#355,#356,#357,#358,#359,#360,#361,#362,#363,#364,#365,#366,#367,#368,#369,#370,#371,#372,#373,#374,#375,#376,#377,#378,#379,#380,#381,#382,#383,#384,#385,#386,#387,#388,#389,#390,#391,#392,#393,#394,#395,#396,#397,#398,#399,#400,#401,#402,#403,#404,#405,#406,#407,#408,#409,#410,#411,#412,#413,#414,#415,#416,#417,#418,#419,#420,#421,#422,#423,#424,#425,#426,#427,#428,#429,#430,#431,#432,#433,#434,#435,#436,#437,#438,#439,#440,#441,#442,#443,#444,#445,#446,#447,#448,#449,#450,#451,#452,#453,#454,#455,#456,#457,#458,#459,#460,#461,#462,#463,#464,#465,#466,#467,#468,#469,#470,#471,#472,#473,#474,#475,#476,#477,#478,#479,#480,#481,#482,#483,#484,#485,#486,#487,#488,#489,#490,#491,#492,#493,#494,#495,#496,#497,#498,#499,#500,#501,#502,#503,#504,#505,#506,#507,#508,#509,#510,#511,#512,#513,#514,#515,#516,#517,#518,#519,#520,#521,#522,#523,#524,#525,#526,#527,#528,#529,#530,#531,#532,#533,#534,#535,#536,#537,#538,#539,#540,#541,#542,#543,#544,#545,#546,#547,#548,#549,#550,#551,#552,#553,#554,#555,#556,#557,#558,#559,#560,#561,#562,#563,#564,#565,#566,#567,#568,#569,#570,#571,#572,#573,#574,#575,#576,#577,#578,#579,#580,#581,#582,#583,#584,#585,#586,#587,#588,#589,#590,#591,#592,#593,#594,#595,#596,#597,#598,#599,#600,#601,#602,#603,#604,#605,#606,#607,#608,#609,#610,#611,#612,#613,#614,#615,#616,#617,#618,#619,#620,#621,#622,#623,#624,#625,#626,#627,#628,#629,#630,#631,#632,#633,#634,#635,#636,#637,#638,#639,#640,#641,#642,#643,#644,#645,#646,#647,#648,#649,#650,#651,#652,#653,#654,#655,#656,#657,#658,#659,#660,#661,#662,#663,#664,#665,#666,#667,#668,#669,#670,#671,#672,#673,#674,#675,#676,#677,#678,#679,#680,#681,#682,#683,#684,#685,#686,#687,#688,#689,#690,#691,#692,#693,#694,#695,#696,#697,#698,#699,#700,#701,#702,#703,#704,#705,#706,#707,#708,#709,#710,#711,#712,#713,#714,#715,#716,#717,#718,#719,#720,#721,#722,#723));
#46=CARTESIAN_POINT('',(0.0,0.0,0.0));
#47=DIRECTION('',(0.0,0.0,1.0));
#48=DIRECTION('',(1.0,0.0,0.0));
#49=COMPOSITE_CURVE('5054176010_2',(#724),.U.);
#50=COMPOSITE_CURVE('5054176010_3',(#725),.U.);
#51=COMPOSITE_CURVE('5054176010_4',(#726),.U.);
#52=COMPOSITE_CURVE('5054176010_5',(#727),.U.);
#53=COMPOSITE_CURVE('5054176010_6',(#728),.U.);
#54=COMPOSITE_CURVE('5054176010_7',(#729),.U.);
#55=COMPOSITE_CURVE('5054176010_8',(#730),.U.);
#56=COMPOSITE_CURVE('5054176010_9',(#731),.U.);
#57=COMPOSITE_CURVE('5054176010_10',(#732),.U.);
#58=COMPOSITE_CURVE('5054176010_11',(#733),.U.);
#59=COMPOSITE_CURVE('5054176010_12',(#734),.U.);
#60=COMPOSITE_CURVE('5054176010_13',(#735),.U.);
#61=COMPOSITE_CURVE('5054176010_14',(#736),.U.);
#62=COMPOSITE_CURVE('5054176010_15',(#737),.U.);
#63=COMPOSITE_CURVE('5054176010_16',(#738),.U.);
#64=COMPOSITE_CURVE('5054176010_17',(#739),.U.);
#65=COMPOSITE_CURVE('5054176010_18',(#740),.U.);
#66=COMPOSITE_CURVE('5054176010_19',(#741),.U.);
#67=COMPOSITE_CURVE('5054176010_20',(#742),.U.);
#68=COMPOSITE_CURVE('5054176010_21',(#743),.U.);
#69=COMPOSITE_CURVE('5054176010_22',(#744),.U.);
#70=COMPOSITE_CURVE('5054176010_23',(#745),.U.);
#71=COMPOSITE_CURVE('5054176010_24',(#746),.U.);
#72=COMPOSITE_CURVE('5054176010_25',(#747),.U.);
#73=COMPOSITE_CURVE('5054176010_26',(#748),.U.);
#74=COMPOSITE_CURVE('5054176010_27',(#749),.U.);
#75=COMPOSITE_CURVE('5054176010_28',(#750),.U.);
#76=COMPOSITE_CURVE('5054176010_29',(#751),.U.);
#77=COMPOSITE_CURVE('5054176010_30',(#752),.U.);
#78=COMPOSITE_CURVE('5054176010_31',(#753),.U.);
#79=COMPOSITE_CURVE('5054176010_32',(#754),.U.);
#80=COMPOSITE_CURVE('5054176010_33',(#755),.U.);
#81=COMPOSITE_CURVE('5054176010_34',(#756),.U.);
#82=COMPOSITE_CURVE('5054176010_35',(#757),.U.);
#83=COMPOSITE_CURVE('5054176010_36',(#758),.U.);
#84=COMPOSITE_CURVE('5054176010_37',(#759),.U.);
#85=COMPOSITE_CURVE('5054176010_38',(#760),.U.);
#86=COMPOSITE_CURVE('5054176010_39',(#761),.U.);
#87=COMPOSITE_CURVE('5054176010_40',(#762),.U.);
#88=COMPOSITE_CURVE('5054176010_41',(#763),.U.);
#89=COMPOSITE_CURVE('5054176010_42',(#764),.U.);
#90=COMPOSITE_CURVE('5054176010_43',(#765),.U.);
#91=COMPOSITE_CURVE('5054176010_44',(#766),.U.);
#92=COMPOSITE_CURVE('5054176010_45',(#767),.U.);
#93=COMPOSITE_CURVE('5054176010_46',(#768),.U.);
#94=COMPOSITE_CURVE('5054176010_47',(#769),.U.);
#95=COMPOSITE_CURVE('5054176010_48',(#770),.U.);
#96=COMPOSITE_CURVE('5054176010_49',(#771),.U.);
#97=COMPOSITE_CURVE('5054176010_50',(#772),.U.);
#98=COMPOSITE_CURVE('5054176010_51',(#773),.U.);
#99=COMPOSITE_CURVE('5054176010_52',(#774),.U.);
#100=COMPOSITE_CURVE('5054176010_53',(#775),.U.);
#101=COMPOSITE_CURVE('5054176010_54',(#776),.U.);
#102=COMPOSITE_CURVE('5054176010_55',(#777),.U.);
#103=COMPOSITE_CURVE('5054176010_56',(#778),.U.);
#104=COMPOSITE_CURVE('5054176010_57',(#779),.U.);
#105=COMPOSITE_CURVE('5054176010_58',(#780),.U.);
#106=COMPOSITE_CURVE('5054176010_59',(#781),.U.);
#107=COMPOSITE_CURVE('5054176010_60',(#782),.U.);
#108=COMPOSITE_CURVE('5054176010_61',(#783),.U.);
#109=COMPOSITE_CURVE('5054176010_62',(#784),.U.);
#110=COMPOSITE_CURVE('5054176010_63',(#785),.U.);
#111=COMPOSITE_CURVE('5054176010_64',(#786),.U.);
#112=COMPOSITE_CURVE('5054176010_65',(#787),.U.);
#113=COMPOSITE_CURVE('5054176010_66',(#788),.U.);
#114=COMPOSITE_CURVE('5054176010_67',(#789),.U.);
#115=COMPOSITE_CURVE('5054176010_68',(#790),.U.);
#116=COMPOSITE_CURVE('5054176010_69',(#791),.U.);
#117=COMPOSITE_CURVE('5054176010_70',(#792),.U.);
#118=COMPOSITE_CURVE('5054176010_71',(#793),.U.);
#119=COMPOSITE_CURVE('5054176010_72',(#794),.U.);
#120=COMPOSITE_CURVE('5054176010_73',(#795),.U.);
#121=COMPOSITE_CURVE('5054176010_74',(#796),.U.);
#122=COMPOSITE_CURVE('5054176010_75',(#797),.U.);
#123=COMPOSITE_CURVE('5054176010_76',(#798),.U.);
#124=COMPOSITE_CURVE('5054176010_77',(#799),.U.);
#125=COMPOSITE_CURVE('5054176010_78',(#800),.U.);
#126=COMPOSITE_CURVE('5054176010_79',(#801),.U.);
#127=COMPOSITE_CURVE('5054176010_80',(#802),.U.);
#128=COMPOSITE_CURVE('5054176010_81',(#803),.U.);
#129=COMPOSITE_CURVE('5054176010_82',(#804),.U.);
#130=COMPOSITE_CURVE('5054176010_83',(#805),.U.);
#131=COMPOSITE_CURVE('5054176010_84',(#806),.U.);
#132=COMPOSITE_CURVE('5054176010_85',(#807),.U.);
#133=COMPOSITE_CURVE('5054176010_86',(#808),.U.);
#134=COMPOSITE_CURVE('5054176010_87',(#809),.U.);
#135=COMPOSITE_CURVE('5054176010_88',(#810),.U.);
#136=COMPOSITE_CURVE('5054176010_89',(#811),.U.);
#137=COMPOSITE_CURVE('5054176010_90',(#812),.U.);
#138=COMPOSITE_CURVE('5054176010_91',(#813),.U.);
#139=COMPOSITE_CURVE('5054176010_92',(#814),.U.);
#140=COMPOSITE_CURVE('5054176010_93',(#815),.U.);
#141=COMPOSITE_CURVE('5054176010_94',(#816),.U.);
#142=COMPOSITE_CURVE('5054176010_95',(#817),.U.);
#143=COMPOSITE_CURVE('5054176010_96',(#818),.U.);
#144=COMPOSITE_CURVE('5054176010_97',(#819),.U.);
#145=COMPOSITE_CURVE('5054176010_98',(#820),.U.);
#146=COMPOSITE_CURVE('5054176010_99',(#821),.U.);
#147=COMPOSITE_CURVE('5054176010_100',(#822),.U.);
#148=COMPOSITE_CURVE('5054176010_101',(#823),.U.);
#149=COMPOSITE_CURVE('5054176010_102',(#824),.U.);
#150=COMPOSITE_CURVE('5054176010_103',(#825),.U.);
#151=COMPOSITE_CURVE('5054176010_104',(#826),.U.);
#152=COMPOSITE_CURVE('5054176010_105',(#827),.U.);
#153=COMPOSITE_CURVE('5054176010_106',(#828),.U.);
#154=COMPOSITE_CURVE('5054176010_107',(#829),.U.);
#155=COMPOSITE_CURVE('5054176010_108',(#830),.U.);
#156=COMPOSITE_CURVE('5054176010_109',(#831),.U.);
#157=COMPOSITE_CURVE('5054176010_110',(#832),.U.);
#158=COMPOSITE_CURVE('5054176010_111',(#833),.U.);
#159=COMPOSITE_CURVE('5054176010_112',(#834),.U.);
#160=COMPOSITE_CURVE('5054176010_113',(#835),.U.);
#161=COMPOSITE_CURVE('5054176010_114',(#836),.U.);
#162=COMPOSITE_CURVE('5054176010_115',(#837),.U.);
#163=COMPOSITE_CURVE('5054176010_116',(#838),.U.);
#164=COMPOSITE_CURVE('5054176010_117',(#839),.U.);
#165=COMPOSITE_CURVE('5054176010_118',(#840),.U.);
#166=COMPOSITE_CURVE('5054176010_119',(#841),.U.);
#167=COMPOSITE_CURVE('5054176010_120',(#842),.U.);
#168=COMPOSITE_CURVE('5054176010_121',(#843),.U.);
#169=COMPOSITE_CURVE('5054176010_122',(#844),.U.);
#170=COMPOSITE_CURVE('5054176010_123',(#845),.U.);
#171=COMPOSITE_CURVE('5054176010_124',(#846),.U.);
#172=COMPOSITE_CURVE('5054176010_125',(#847),.U.);
#173=COMPOSITE_CURVE('5054176010_126',(#848),.U.);
#174=COMPOSITE_CURVE('5054176010_127',(#849),.U.);
#175=COMPOSITE_CURVE('5054176010_128',(#850),.U.);
#176=COMPOSITE_CURVE('5054176010_129',(#851),.U.);
#177=COMPOSITE_CURVE('5054176010_130',(#852),.U.);
#178=COMPOSITE_CURVE('5054176010_131',(#853),.U.);
#179=COMPOSITE_CURVE('5054176010_132',(#854),.U.);
#180=COMPOSITE_CURVE('5054176010_133',(#855),.U.);
#181=COMPOSITE_CURVE('5054176010_134',(#856),.U.);
#182=COMPOSITE_CURVE('5054176010_135',(#857),.U.);
#183=COMPOSITE_CURVE('5054176010_136',(#858),.U.);
#184=COMPOSITE_CURVE('5054176010_137',(#859),.U.);
#185=COMPOSITE_CURVE('5054176010_138',(#860),.U.);
#186=COMPOSITE_CURVE('5054176010_139',(#861),.U.);
#187=COMPOSITE_CURVE('5054176010_140',(#862),.U.);
#188=COMPOSITE_CURVE('5054176010_141',(#863),.U.);
#189=COMPOSITE_CURVE('5054176010_142',(#864),.U.);
#190=COMPOSITE_CURVE('5054176010_143',(#865),.U.);
#191=COMPOSITE_CURVE('5054176010_144',(#866),.U.);
#192=COMPOSITE_CURVE('5054176010_145',(#867),.U.);
#193=COMPOSITE_CURVE('5054176010_146',(#868),.U.);
#194=COMPOSITE_CURVE('5054176010_147',(#869),.U.);
#195=COMPOSITE_CURVE('5054176010_148',(#870),.U.);
#196=COMPOSITE_CURVE('5054176010_149',(#871),.U.);
#197=COMPOSITE_CURVE('5054176010_150',(#872),.U.);
#198=COMPOSITE_CURVE('5054176010_151',(#873),.U.);
#199=COMPOSITE_CURVE('5054176010_152',(#874),.U.);
#200=COMPOSITE_CURVE('5054176010_153',(#875),.U.);
#201=COMPOSITE_CURVE('5054176010_154',(#876),.U.);
#202=COMPOSITE_CURVE('5054176010_155',(#877),.U.);
#203=COMPOSITE_CURVE('5054176010_156',(#878),.U.);
#204=COMPOSITE_CURVE('5054176010_157',(#879),.U.);
#205=COMPOSITE_CURVE('5054176010_158',(#880),.U.);
#206=COMPOSITE_CURVE('5054176010_159',(#881),.U.);
#207=COMPOSITE_CURVE('5054176010_160',(#882),.U.);
#208=COMPOSITE_CURVE('5054176010_161',(#883),.U.);
#209=COMPOSITE_CURVE('5054176010_162',(#884),.U.);
#210=COMPOSITE_CURVE('5054176010_163',(#885),.U.);
#211=COMPOSITE_CURVE('5054176010_164',(#886),.U.);
#212=COMPOSITE_CURVE('5054176010_165',(#887),.U.);
#213=COMPOSITE_CURVE('5054176010_166',(#888),.U.);
#214=COMPOSITE_CURVE('5054176010_167',(#889),.U.);
#215=COMPOSITE_CURVE('5054176010_168',(#890),.U.);
#216=COMPOSITE_CURVE('5054176010_169',(#891),.U.);
#217=COMPOSITE_CURVE('5054176010_170',(#892),.U.);
#218=COMPOSITE_CURVE('5054176010_171',(#893),.U.);
#219=COMPOSITE_CURVE('5054176010_172',(#894),.U.);
#220=COMPOSITE_CURVE('5054176010_173',(#895),.U.);
#221=COMPOSITE_CURVE('5054176010_174',(#896),.U.);
#222=COMPOSITE_CURVE('5054176010_175',(#897),.U.);
#223=COMPOSITE_CURVE('5054176010_176',(#898),.U.);
#224=COMPOSITE_CURVE('5054176010_177',(#899),.U.);
#225=COMPOSITE_CURVE('5054176010_178',(#900),.U.);
#226=COMPOSITE_CURVE('5054176010_179',(#901),.U.);
#227=COMPOSITE_CURVE('5054176010_180',(#902),.U.);
#228=COMPOSITE_CURVE('5054176010_181',(#903),.U.);
#229=COMPOSITE_CURVE('5054176010_182',(#904),.U.);
#230=COMPOSITE_CURVE('5054176010_183',(#905),.U.);
#231=COMPOSITE_CURVE('5054176010_184',(#906),.U.);
#232=COMPOSITE_CURVE('5054176010_185',(#907),.U.);
#233=COMPOSITE_CURVE('5054176010_186',(#908),.U.);
#234=COMPOSITE_CURVE('5054176010_187',(#909),.U.);
#235=COMPOSITE_CURVE('5054176010_188',(#910),.U.);
#236=COMPOSITE_CURVE('5054176010_189',(#911),.U.);
#237=COMPOSITE_CURVE('5054176010_190',(#912),.U.);
#238=COMPOSITE_CURVE('5054176010_191',(#913),.U.);
#239=COMPOSITE_CURVE('5054176010_192',(#914),.U.);
#240=COMPOSITE_CURVE('5054176010_193',(#915),.U.);
#241=COMPOSITE_CURVE('5054176010_194',(#916),.U.);
#242=COMPOSITE_CURVE('5054176010_195',(#917),.U.);
#243=COMPOSITE_CURVE('5054176010_196',(#918),.U.);
#244=COMPOSITE_CURVE('5054176010_197',(#919),.U.);
#245=COMPOSITE_CURVE('5054176010_198',(#920),.U.);
#246=COMPOSITE_CURVE('5054176010_199',(#921),.U.);
#247=COMPOSITE_CURVE('5054176010_200',(#922),.U.);
#248=COMPOSITE_CURVE('5054176010_201',(#923),.U.);
#249=COMPOSITE_CURVE('5054176010_202',(#924),.U.);
#250=COMPOSITE_CURVE('5054176010_203',(#925),.U.);
#251=COMPOSITE_CURVE('5054176010_204',(#926),.U.);
#252=COMPOSITE_CURVE('5054176010_205',(#927),.U.);
#253=COMPOSITE_CURVE('5054176010_206',(#928),.U.);
#254=COMPOSITE_CURVE('5054176010_207',(#929),.U.);
#255=COMPOSITE_CURVE('5054176010_208',(#930),.U.);
#256=COMPOSITE_CURVE('5054176010_209',(#931),.U.);
#257=COMPOSITE_CURVE('5054176010_210',(#932),.U.);
#258=COMPOSITE_CURVE('5054176010_211',(#933),.U.);
#259=COMPOSITE_CURVE('5054176010_212',(#934),.U.);
#260=COMPOSITE_CURVE('5054176010_213',(#935),.U.);
#261=COMPOSITE_CURVE('5054176010_214',(#936),.U.);
#262=COMPOSITE_CURVE('5054176010_215',(#937),.U.);
#263=COMPOSITE_CURVE('5054176010_216',(#938),.U.);
#264=COMPOSITE_CURVE('5054176010_217',(#939),.U.);
#265=COMPOSITE_CURVE('5054176010_218',(#940),.U.);
#266=COMPOSITE_CURVE('5054176010_219',(#941),.U.);
#267=COMPOSITE_CURVE('5054176010_220',(#942),.U.);
#268=COMPOSITE_CURVE('5054176010_221',(#943),.U.);
#269=COMPOSITE_CURVE('5054176010_222',(#944),.U.);
#270=COMPOSITE_CURVE('5054176010_223',(#945),.U.);
#271=COMPOSITE_CURVE('5054176010_224',(#946),.U.);
#272=COMPOSITE_CURVE('5054176010_225',(#947),.U.);
#273=COMPOSITE_CURVE('5054176010_226',(#948),.U.);
#274=COMPOSITE_CURVE('5054176010_227',(#949),.U.);
#275=COMPOSITE_CURVE('5054176010_228',(#950),.U.);
#276=COMPOSITE_CURVE('5054176010_229',(#951),.U.);
#277=COMPOSITE_CURVE('5054176010_230',(#952),.U.);
#278=COMPOSITE_CURVE('5054176010_231',(#953),.U.);
#279=COMPOSITE_CURVE('5054176010_232',(#954),.U.);
#280=COMPOSITE_CURVE('5054176010_233',(#955),.U.);
#281=COMPOSITE_CURVE('5054176010_234',(#956),.U.);
#282=COMPOSITE_CURVE('5054176010_235',(#957),.U.);
#283=COMPOSITE_CURVE('5054176010_236',(#958),.U.);
#284=COMPOSITE_CURVE('5054176010_237',(#959),.U.);
#285=COMPOSITE_CURVE('5054176010_238',(#960),.U.);
#286=COMPOSITE_CURVE('5054176010_239',(#961),.U.);
#287=COMPOSITE_CURVE('5054176010_240',(#962),.U.);
#288=COMPOSITE_CURVE('5054176010_241',(#963),.U.);
#289=COMPOSITE_CURVE('5054176010_242',(#964),.U.);
#290=COMPOSITE_CURVE('5054176010_243',(#965),.U.);
#291=COMPOSITE_CURVE('5054176010_244',(#966),.U.);
#292=COMPOSITE_CURVE('5054176010_245',(#967),.U.);
#293=COMPOSITE_CURVE('5054176010_246',(#968),.U.);
#294=COMPOSITE_CURVE('5054176010_247',(#969),.U.);
#295=COMPOSITE_CURVE('5054176010_248',(#970),.U.);
#296=COMPOSITE_CURVE('5054176010_249',(#971),.U.);
#297=COMPOSITE_CURVE('5054176010_250',(#972),.U.);
#298=COMPOSITE_CURVE('5054176010_251',(#973),.U.);
#299=COMPOSITE_CURVE('5054176010_252',(#974),.U.);
#300=COMPOSITE_CURVE('5054176010_253',(#975),.U.);
#301=COMPOSITE_CURVE('5054176010_254',(#976),.U.);
#302=COMPOSITE_CURVE('5054176010_255',(#977),.U.);
#303=COMPOSITE_CURVE('5054176010_256',(#978),.U.);
#304=COMPOSITE_CURVE('5054176010_257',(#979),.U.);
#305=CARTESIAN_POINT('',(0.0,0.0,0.0));
#306=DIRECTION('',(0.0,0.0,1.0));
#307=DIRECTION('',(1.0,0.0,0.0));
#308= (NAMED_UNIT(#35)LENGTH_UNIT()SI_UNIT(.MILLI.,.METRE.));
#309=ADVANCED_FACE('',(#981),#982,.F.);
#310=ADVANCED_FACE('',(#983),#984,.F.);
#311=ADVANCED_FACE('',(#985),#986,.T.);
#312=ADVANCED_FACE('',(#987),#988,.T.);
#313=ADVANCED_FACE('',(#989),#990,.T.);
#314=ADVANCED_FACE('',(#991),#992,.T.);
#315=ADVANCED_FACE('',(#993),#994,.T.);
#316=ADVANCED_FACE('',(#995),#996,.T.);
#317=ADVANCED_FACE('',(#997),#998,.T.);
#318=ADVANCED_FACE('',(#999),#1000,.T.);
#319=ADVANCED_FACE('',(#1001),#1002,.T.);
#320=ADVANCED_FACE('',(#1003),#1004,.T.);
#321=ADVANCED_FACE('',(#1005),#1006,.T.);
#322=ADVANCED_FACE('',(#1007),#1008,.T.);
#323=ADVANCED_FACE('',(#1009),#1010,.T.);
#324=ADVANCED_FACE('',(#1011),#1012,.F.);
#325=ADVANCED_FACE('',(#1013),#1014,.T.);
#326=ADVANCED_FACE('',(#1015),#1016,.F.);
#327=ADVANCED_FACE('',(#1017),#1018,.T.);
#328=ADVANCED_FACE('',(#1019),#1020,.T.);
#329=ADVANCED_FACE('',(#1021),#1022,.T.);
#330=ADVANCED_FACE('',(#1023),#1024,.T.);
#331=ADVANCED_FACE('',(#1025),#1026,.T.);
#332=ADVANCED_FACE('',(#1027),#1028,.F.);
#333=ADVANCED_FACE('',(#1029),#1030,.T.);
#334=ADVANCED_FACE('',(#1031,#1032),#1033,.T.);
#335=ADVANCED_FACE('',(#1034),#1035,.T.);
#336=ADVANCED_FACE('',(#1036),#1037,.T.);
#337=ADVANCED_FACE('',(#1038),#1039,.T.);
#338=ADVANCED_FACE('',(#1040),#1041,.F.);
#339=ADVANCED_FACE('',(#1042),#1043,.F.);
#340=ADVANCED_FACE('',(#1044),#1045,.T.);
#341=ADVANCED_FACE('',(#1046),#1047,.F.);
#342=ADVANCED_FACE('',(#1048),#1049,.F.);
#343=ADVANCED_FACE('',(#1050),#1051,.T.);
#344=ADVANCED_FACE('',(#1052),#1053,.T.);
#345=ADVANCED_FACE('',(#1054),#1055,.T.);
#346=ADVANCED_FACE('',(#1056),#1057,.F.);
#347=ADVANCED_FACE('',(#1058),#1059,.F.);
#348=ADVANCED_FACE('',(#1060),#1061,.F.);
#349=ADVANCED_FACE('',(#1062),#1063,.F.);
#350=ADVANCED_FACE('',(#1064),#1065,.F.);
#351=ADVANCED_FACE('',(#1066),#1067,.F.);
#352=ADVANCED_FACE('',(#1068),#1069,.F.);
#353=ADVANCED_FACE('',(#1070),#1071,.F.);
#354=ADVANCED_FACE('',(#1072),#1073,.F.);
#355=ADVANCED_FACE('',(#1074),#1075,.F.);
#356=ADVANCED_FACE('',(#1076),#1077,.F.);
#357=ADVANCED_FACE('',(#1078),#1079,.T.);
#358=ADVANCED_FACE('',(#1080),#1081,.T.);
#359=ADVANCED_FACE('',(#1082),#1083,.T.);
#360=ADVANCED_FACE('',(#1084),#1085,.F.);
#361=ADVANCED_FACE('',(#1086),#1087,.F.);
#362=ADVANCED_FACE('',(#1088),#1089,.F.);
#363=ADVANCED_FACE('',(#1090),#1091,.F.);
#364=ADVANCED_FACE('',(#1092),#1093,.T.);
#365=ADVANCED_FACE('',(#1094),#1095,.T.);
#366=ADVANCED_FACE('',(#1096),#1097,.F.);
#367=ADVANCED_FACE('',(#1098),#1099,.F.);
#368=ADVANCED_FACE('',(#1100),#1101,.F.);
#369=ADVANCED_FACE('',(#1102),#1103,.F.);
#370=ADVANCED_FACE('',(#1104),#1105,.F.);
#371=ADVANCED_FACE('',(#1106),#1107,.F.);
#372=ADVANCED_FACE('',(#1108),#1109,.T.);
#373=ADVANCED_FACE('',(#1110),#1111,.T.);
#374=ADVANCED_FACE('',(#1112),#1113,.F.);
#375=ADVANCED_FACE('',(#1114),#1115,.F.);
#376=ADVANCED_FACE('',(#1116),#1117,.T.);
#377=ADVANCED_FACE('',(#1118),#1119,.F.);
#378=ADVANCED_FACE('',(#1120),#1121,.T.);
#379=ADVANCED_FACE('',(#1122),#1123,.T.);
#380=ADVANCED_FACE('',(#1124),#1125,.F.);
#381=ADVANCED_FACE('',(#1126),#1127,.T.);
#382=ADVANCED_FACE('',(#1128),#1129,.T.);
#383=ADVANCED_FACE('',(#1130),#1131,.T.);
#384=ADVANCED_FACE('',(#1132),#1133,.T.);
#385=ADVANCED_FACE('',(#1134),#1135,.T.);
#386=ADVANCED_FACE('',(#1136),#1137,.F.);
#387=ADVANCED_FACE('',(#1138),#1139,.F.);
#388=ADVANCED_FACE('',(#1140),#1141,.F.);
#389=ADVANCED_FACE('',(#1142),#1143,.T.);
#390=ADVANCED_FACE('',(#1144),#1145,.T.);
#391=ADVANCED_FACE('',(#1146),#1147,.T.);
#392=ADVANCED_FACE('',(#1148),#1149,.F.);
#393=ADVANCED_FACE('',(#1150),#1151,.F.);
#394=ADVANCED_FACE('',(#1152),#1153,.T.);
#395=ADVANCED_FACE('',(#1154),#1155,.T.);
#396=ADVANCED_FACE('',(#1156),#1157,.T.);
#397=ADVANCED_FACE('',(#1158),#1159,.F.);
#398=ADVANCED_FACE('',(#1160),#1161,.F.);
#399=ADVANCED_FACE('',(#1162),#1163,.T.);
#400=ADVANCED_FACE('',(#1164),#1165,.T.);
#401=ADVANCED_FACE('',(#1166),#1167,.T.);
#402=ADVANCED_FACE('',(#1168),#1169,.T.);
#403=ADVANCED_FACE('',(#1170),#1171,.F.);
#404=ADVANCED_FACE('',(#1172),#1173,.F.);
#405=ADVANCED_FACE('',(#1174),#1175,.F.);
#406=ADVANCED_FACE('',(#1176),#1177,.T.);
#407=ADVANCED_FACE('',(#1178),#1179,.F.);
#408=ADVANCED_FACE('',(#1180),#1181,.F.);
#409=ADVANCED_FACE('',(#1182),#1183,.T.);
#410=ADVANCED_FACE('',(#1184),#1185,.F.);
#411=ADVANCED_FACE('',(#1186),#1187,.F.);
#412=ADVANCED_FACE('',(#1188),#1189,.F.);
#413=ADVANCED_FACE('',(#1190),#1191,.F.);
#414=ADVANCED_FACE('',(#1192),#1193,.F.);
#415=ADVANCED_FACE('',(#1194),#1195,.F.);
#416=ADVANCED_FACE('',(#1196),#1197,.F.);
#417=ADVANCED_FACE('',(#1198),#1199,.T.);
#418=ADVANCED_FACE('',(#1200),#1201,.F.);
#419=ADVANCED_FACE('',(#1202),#1203,.T.);
#420=ADVANCED_FACE('',(#1204),#1205,.T.);
#421=ADVANCED_FACE('',(#1206),#1207,.F.);
#422=ADVANCED_FACE('',(#1208),#1209,.F.);
#423=ADVANCED_FACE('',(#1210),#1211,.T.);
#424=ADVANCED_FACE('',(#1212),#1213,.F.);
#425=ADVANCED_FACE('',(#1214),#1215,.F.);
#426=ADVANCED_FACE('',(#1216),#1217,.F.);
#427=ADVANCED_FACE('',(#1218),#1219,.F.);
#428=ADVANCED_FACE('',(#1220),#1221,.F.);
#429=ADVANCED_FACE('',(#1222),#1223,.F.);
#430=ADVANCED_FACE('',(#1224),#1225,.F.);
#431=ADVANCED_FACE('',(#1226),#1227,.T.);
#432=ADVANCED_FACE('',(#1228),#1229,.T.);
#433=ADVANCED_FACE('',(#1230),#1231,.T.);
#434=ADVANCED_FACE('',(#1232),#1233,.T.);
#435=ADVANCED_FACE('',(#1234),#1235,.F.);
#436=ADVANCED_FACE('',(#1236),#1237,.T.);
#437=ADVANCED_FACE('',(#1238),#1239,.F.);
#438=ADVANCED_FACE('',(#1240),#1241,.T.);
#439=ADVANCED_FACE('',(#1242),#1243,.T.);
#440=ADVANCED_FACE('',(#1244),#1245,.T.);
#441=ADVANCED_FACE('',(#1246),#1247,.F.);
#442=ADVANCED_FACE('',(#1248),#1249,.F.);
#443=ADVANCED_FACE('',(#1250),#1251,.F.);
#444=ADVANCED_FACE('',(#1252),#1253,.F.);
#445=ADVANCED_FACE('',(#1254),#1255,.F.);
#446=ADVANCED_FACE('',(#1256),#1257,.F.);
#447=ADVANCED_FACE('',(#1258),#1259,.T.);
#448=ADVANCED_FACE('',(#1260),#1261,.T.);
#449=ADVANCED_FACE('',(#1262),#1263,.T.);
#450=ADVANCED_FACE('',(#1264),#1265,.F.);
#451=ADVANCED_FACE('',(#1266),#1267,.F.);
#452=ADVANCED_FACE('',(#1268),#1269,.T.);
#453=ADVANCED_FACE('',(#1270),#1271,.F.);
#454=ADVANCED_FACE('',(#1272),#1273,.F.);
#455=ADVANCED_FACE('',(#1274),#1275,.T.);
#456=ADVANCED_FACE('',(#1276),#1277,.F.);
#457=ADVANCED_FACE('',(#1278),#1279,.T.);
#458=ADVANCED_FACE('',(#1280),#1281,.T.);
#459=ADVANCED_FACE('',(#1282),#1283,.T.);
#460=ADVANCED_FACE('',(#1284),#1285,.F.);
#461=ADVANCED_FACE('',(#1286),#1287,.T.);
#462=ADVANCED_FACE('',(#1288),#1289,.T.);
#463=ADVANCED_FACE('',(#1290),#1291,.T.);
#464=ADVANCED_FACE('',(#1292),#1293,.T.);
#465=ADVANCED_FACE('',(#1294),#1295,.F.);
#466=ADVANCED_FACE('',(#1296),#1297,.T.);
#467=ADVANCED_FACE('',(#1298),#1299,.T.);
#468=ADVANCED_FACE('',(#1300),#1301,.T.);
#469=ADVANCED_FACE('',(#1302),#1303,.F.);
#470=ADVANCED_FACE('',(#1304),#1305,.T.);
#471=ADVANCED_FACE('',(#1306),#1307,.T.);
#472=ADVANCED_FACE('',(#1308),#1309,.T.);
#473=ADVANCED_FACE('',(#1310),#1311,.F.);
#474=ADVANCED_FACE('',(#1312),#1313,.T.);
#475=ADVANCED_FACE('',(#1314),#1315,.T.);
#476=ADVANCED_FACE('',(#1316),#1317,.T.);
#477=ADVANCED_FACE('',(#1318),#1319,.F.);
#478=ADVANCED_FACE('',(#1320),#1321,.T.);
#479=ADVANCED_FACE('',(#1322),#1323,.T.);
#480=ADVANCED_FACE('',(#1324),#1325,.T.);
#481=ADVANCED_FACE('',(#1326),#1327,.T.);
#482=ADVANCED_FACE('',(#1328),#1329,.F.);
#483=ADVANCED_FACE('',(#1330),#1331,.F.);
#484=ADVANCED_FACE('',(#1332),#1333,.F.);
#485=ADVANCED_FACE('',(#1334),#1335,.F.);
#486=ADVANCED_FACE('',(#1336),#1337,.T.);
#487=ADVANCED_FACE('',(#1338),#1339,.T.);
#488=ADVANCED_FACE('',(#1340),#1341,.T.);
#489=ADVANCED_FACE('',(#1342),#1343,.T.);
#490=ADVANCED_FACE('',(#1344),#1345,.T.);
#491=ADVANCED_FACE('',(#1346),#1347,.T.);
#492=ADVANCED_FACE('',(#1348),#1349,.F.);
#493=ADVANCED_FACE('',(#1350),#1351,.F.);
#494=ADVANCED_FACE('',(#1352),#1353,.T.);
#495=ADVANCED_FACE('',(#1354),#1355,.T.);
#496=ADVANCED_FACE('',(#1356),#1357,.T.);
#497=ADVANCED_FACE('',(#1358),#1359,.T.);
#498=ADVANCED_FACE('',(#1360),#1361,.T.);
#499=ADVANCED_FACE('',(#1362),#1363,.T.);
#500=ADVANCED_FACE('',(#1364),#1365,.F.);
#501=ADVANCED_FACE('',(#1366),#1367,.F.);
#502=ADVANCED_FACE('',(#1368),#1369,.T.);
#503=ADVANCED_FACE('',(#1370),#1371,.T.);
#504=ADVANCED_FACE('',(#1372),#1373,.T.);
#505=ADVANCED_FACE('',(#1374),#1375,.T.);
#506=ADVANCED_FACE('',(#1376),#1377,.T.);
#507=ADVANCED_FACE('',(#1378),#1379,.T.);
#508=ADVANCED_FACE('',(#1380),#1381,.F.);
#509=ADVANCED_FACE('',(#1382),#1383,.F.);
#510=ADVANCED_FACE('',(#1384),#1385,.T.);
#511=ADVANCED_FACE('',(#1386),#1387,.T.);
#512=ADVANCED_FACE('',(#1388),#1389,.T.);
#513=ADVANCED_FACE('',(#1390),#1391,.T.);
#514=ADVANCED_FACE('',(#1392),#1393,.T.);
#515=ADVANCED_FACE('',(#1394),#1395,.T.);
#516=ADVANCED_FACE('',(#1396),#1397,.F.);
#517=ADVANCED_FACE('',(#1398),#1399,.F.);
#518=ADVANCED_FACE('',(#1400),#1401,.T.);
#519=ADVANCED_FACE('',(#1402),#1403,.T.);
#520=ADVANCED_FACE('',(#1404),#1405,.T.);
#521=ADVANCED_FACE('',(#1406),#1407,.T.);
#522=ADVANCED_FACE('',(#1408),#1409,.T.);
#523=ADVANCED_FACE('',(#1410),#1411,.T.);
#524=ADVANCED_FACE('',(#1412),#1413,.F.);
#525=ADVANCED_FACE('',(#1414),#1415,.F.);
#526=ADVANCED_FACE('',(#1416),#1417,.T.);
#527=ADVANCED_FACE('',(#1418),#1419,.T.);
#528=ADVANCED_FACE('',(#1420),#1421,.T.);
#529=ADVANCED_FACE('',(#1422),#1423,.T.);
#530=ADVANCED_FACE('',(#1424),#1425,.T.);
#531=ADVANCED_FACE('',(#1426),#1427,.T.);
#532=ADVANCED_FACE('',(#1428),#1429,.F.);
#533=ADVANCED_FACE('',(#1430),#1431,.F.);
#534=ADVANCED_FACE('',(#1432),#1433,.T.);
#535=ADVANCED_FACE('',(#1434),#1435,.T.);
#536=ADVANCED_FACE('',(#1436),#1437,.T.);
#537=ADVANCED_FACE('',(#1438),#1439,.T.);
#538=ADVANCED_FACE('',(#1440),#1441,.T.);
#539=ADVANCED_FACE('',(#1442),#1443,.T.);
#540=ADVANCED_FACE('',(#1444),#1445,.F.);
#541=ADVANCED_FACE('',(#1446),#1447,.F.);
#542=ADVANCED_FACE('',(#1448),#1449,.T.);
#543=ADVANCED_FACE('',(#1450),#1451,.T.);
#544=ADVANCED_FACE('',(#1452),#1453,.T.);
#545=ADVANCED_FACE('',(#1454),#1455,.T.);
#546=ADVANCED_FACE('',(#1456),#1457,.T.);
#547=ADVANCED_FACE('',(#1458),#1459,.T.);
#548=ADVANCED_FACE('',(#1460),#1461,.F.);
#549=ADVANCED_FACE('',(#1462),#1463,.F.);
#550=ADVANCED_FACE('',(#1464),#1465,.T.);
#551=ADVANCED_FACE('',(#1466),#1467,.T.);
#552=ADVANCED_FACE('',(#1468),#1469,.T.);
#553=ADVANCED_FACE('',(#1470),#1471,.T.);
#554=ADVANCED_FACE('',(#1472),#1473,.T.);
#555=ADVANCED_FACE('',(#1474),#1475,.T.);
#556=ADVANCED_FACE('',(#1476),#1477,.F.);
#557=ADVANCED_FACE('',(#1478),#1479,.F.);
#558=ADVANCED_FACE('',(#1480),#1481,.T.);
#559=ADVANCED_FACE('',(#1482),#1483,.T.);
#560=ADVANCED_FACE('',(#1484),#1485,.T.);
#561=ADVANCED_FACE('',(#1486),#1487,.T.);
#562=ADVANCED_FACE('',(#1488),#1489,.T.);
#563=ADVANCED_FACE('',(#1490),#1491,.T.);
#564=ADVANCED_FACE('',(#1492),#1493,.F.);
#565=ADVANCED_FACE('',(#1494),#1495,.F.);
#566=ADVANCED_FACE('',(#1496),#1497,.T.);
#567=ADVANCED_FACE('',(#1498),#1499,.T.);
#568=ADVANCED_FACE('',(#1500),#1501,.T.);
#569=ADVANCED_FACE('',(#1502),#1503,.T.);
#570=ADVANCED_FACE('',(#1504),#1505,.T.);
#571=ADVANCED_FACE('',(#1506),#1507,.T.);
#572=ADVANCED_FACE('',(#1508),#1509,.F.);
#573=ADVANCED_FACE('',(#1510),#1511,.F.);
#574=ADVANCED_FACE('',(#1512),#1513,.T.);
#575=ADVANCED_FACE('',(#1514),#1515,.T.);
#576=ADVANCED_FACE('',(#1516),#1517,.T.);
#577=ADVANCED_FACE('',(#1518),#1519,.T.);
#578=ADVANCED_FACE('',(#1520),#1521,.T.);
#579=ADVANCED_FACE('',(#1522),#1523,.T.);
#580=ADVANCED_FACE('',(#1524),#1525,.F.);
#581=ADVANCED_FACE('',(#1526),#1527,.F.);
#582=ADVANCED_FACE('',(#1528),#1529,.T.);
#583=ADVANCED_FACE('',(#1530),#1531,.T.);
#584=ADVANCED_FACE('',(#1532),#1533,.T.);
#585=ADVANCED_FACE('',(#1534),#1535,.T.);
#586=ADVANCED_FACE('',(#1536),#1537,.T.);
#587=ADVANCED_FACE('',(#1538),#1539,.T.);
#588=ADVANCED_FACE('',(#1540),#1541,.F.);
#589=ADVANCED_FACE('',(#1542),#1543,.F.);
#590=ADVANCED_FACE('',(#1544),#1545,.T.);
#591=ADVANCED_FACE('',(#1546),#1547,.T.);
#592=ADVANCED_FACE('',(#1548),#1549,.T.);
#593=ADVANCED_FACE('',(#1550),#1551,.T.);
#594=ADVANCED_FACE('',(#1552),#1553,.T.);
#595=ADVANCED_FACE('',(#1554),#1555,.T.);
#596=ADVANCED_FACE('',(#1556),#1557,.F.);
#597=ADVANCED_FACE('',(#1558),#1559,.F.);
#598=ADVANCED_FACE('',(#1560),#1561,.T.);
#599=ADVANCED_FACE('',(#1562),#1563,.T.);
#600=ADVANCED_FACE('',(#1564),#1565,.T.);
#601=ADVANCED_FACE('',(#1566),#1567,.T.);
#602=ADVANCED_FACE('',(#1568),#1569,.T.);
#603=ADVANCED_FACE('',(#1570),#1571,.T.);
#604=ADVANCED_FACE('',(#1572),#1573,.F.);
#605=ADVANCED_FACE('',(#1574),#1575,.F.);
#606=ADVANCED_FACE('',(#1576),#1577,.T.);
#607=ADVANCED_FACE('',(#1578),#1579,.T.);
#608=ADVANCED_FACE('',(#1580),#1581,.T.);
#609=ADVANCED_FACE('',(#1582),#1583,.T.);
#610=ADVANCED_FACE('',(#1584),#1585,.T.);
#611=ADVANCED_FACE('',(#1586),#1587,.T.);
#612=ADVANCED_FACE('',(#1588),#1589,.F.);
#613=ADVANCED_FACE('',(#1590),#1591,.F.);
#614=ADVANCED_FACE('',(#1592),#1593,.T.);
#615=ADVANCED_FACE('',(#1594),#1595,.T.);
#616=ADVANCED_FACE('',(#1596),#1597,.T.);
#617=ADVANCED_FACE('',(#1598),#1599,.T.);
#618=ADVANCED_FACE('',(#1600),#1601,.T.);
#619=ADVANCED_FACE('',(#1602),#1603,.T.);
#620=ADVANCED_FACE('',(#1604),#1605,.F.);
#621=ADVANCED_FACE('',(#1606),#1607,.F.);
#622=ADVANCED_FACE('',(#1608),#1609,.T.);
#623=ADVANCED_FACE('',(#1610),#1611,.T.);
#624=ADVANCED_FACE('',(#1612),#1613,.T.);
#625=ADVANCED_FACE('',(#1614),#1615,.T.);
#626=ADVANCED_FACE('',(#1616),#1617,.T.);
#627=ADVANCED_FACE('',(#1618),#1619,.T.);
#628=ADVANCED_FACE('',(#1620),#1621,.F.);
#629=ADVANCED_FACE('',(#1622),#1623,.F.);
#630=ADVANCED_FACE('',(#1624),#1625,.T.);
#631=ADVANCED_FACE('',(#1626),#1627,.T.);
#632=ADVANCED_FACE('',(#1628),#1629,.T.);
#633=ADVANCED_FACE('',(#1630),#1631,.T.);
#634=ADVANCED_FACE('',(#1632),#1633,.T.);
#635=ADVANCED_FACE('',(#1634),#1635,.T.);
#636=ADVANCED_FACE('',(#1636),#1637,.F.);
#637=ADVANCED_FACE('',(#1638),#1639,.F.);
#638=ADVANCED_FACE('',(#1640),#1641,.T.);
#639=ADVANCED_FACE('',(#1642),#1643,.T.);
#640=ADVANCED_FACE('',(#1644),#1645,.T.);
#641=ADVANCED_FACE('',(#1646),#1647,.T.);
#642=ADVANCED_FACE('',(#1648),#1649,.T.);
#643=ADVANCED_FACE('',(#1650),#1651,.T.);
#644=ADVANCED_FACE('',(#1652),#1653,.F.);
#645=ADVANCED_FACE('',(#1654),#1655,.F.);
#646=ADVANCED_FACE('',(#1656),#1657,.T.);
#647=ADVANCED_FACE('',(#1658),#1659,.T.);
#648=ADVANCED_FACE('',(#1660),#1661,.T.);
#649=ADVANCED_FACE('',(#1662),#1663,.T.);
#650=ADVANCED_FACE('',(#1664),#1665,.T.);
#651=ADVANCED_FACE('',(#1666),#1667,.T.);
#652=ADVANCED_FACE('',(#1668),#1669,.F.);
#653=ADVANCED_FACE('',(#1670),#1671,.F.);
#654=ADVANCED_FACE('',(#1672),#1673,.T.);
#655=ADVANCED_FACE('',(#1674),#1675,.T.);
#656=ADVANCED_FACE('',(#1676),#1677,.T.);
#657=ADVANCED_FACE('',(#1678),#1679,.T.);
#658=ADVANCED_FACE('',(#1680),#1681,.T.);
#659=ADVANCED_FACE('',(#1682),#1683,.T.);
#660=ADVANCED_FACE('',(#1684),#1685,.F.);
#661=ADVANCED_FACE('',(#1686),#1687,.F.);
#662=ADVANCED_FACE('',(#1688),#1689,.T.);
#663=ADVANCED_FACE('',(#1690),#1691,.T.);
#664=ADVANCED_FACE('',(#1692),#1693,.T.);
#665=ADVANCED_FACE('',(#1694),#1695,.T.);
#666=ADVANCED_FACE('',(#1696),#1697,.T.);
#667=ADVANCED_FACE('',(#1698),#1699,.T.);
#668=ADVANCED_FACE('',(#1700),#1701,.F.);
#669=ADVANCED_FACE('',(#1702),#1703,.F.);
#670=ADVANCED_FACE('',(#1704),#1705,.T.);
#671=ADVANCED_FACE('',(#1706),#1707,.T.);
#672=ADVANCED_FACE('',(#1708),#1709,.T.);
#673=ADVANCED_FACE('',(#1710),#1711,.T.);
#674=ADVANCED_FACE('',(#1712),#1713,.T.);
#675=ADVANCED_FACE('',(#1714),#1715,.T.);
#676=ADVANCED_FACE('',(#1716),#1717,.F.);
#677=ADVANCED_FACE('',(#1718),#1719,.F.);
#678=ADVANCED_FACE('',(#1720),#1721,.T.);
#679=ADVANCED_FACE('',(#1722),#1723,.T.);
#680=ADVANCED_FACE('',(#1724),#1725,.T.);
#681=ADVANCED_FACE('',(#1726),#1727,.T.);
#682=ADVANCED_FACE('',(#1728),#1729,.T.);
#683=ADVANCED_FACE('',(#1730),#1731,.T.);
#684=ADVANCED_FACE('',(#1732),#1733,.F.);
#685=ADVANCED_FACE('',(#1734),#1735,.F.);
#686=ADVANCED_FACE('',(#1736),#1737,.T.);
#687=ADVANCED_FACE('',(#1738),#1739,.T.);
#688=ADVANCED_FACE('',(#1740),#1741,.T.);
#689=ADVANCED_FACE('',(#1742),#1743,.T.);
#690=ADVANCED_FACE('',(#1744),#1745,.T.);
#691=ADVANCED_FACE('',(#1746),#1747,.T.);
#692=ADVANCED_FACE('',(#1748),#1749,.F.);
#693=ADVANCED_FACE('',(#1750),#1751,.F.);
#694=ADVANCED_FACE('',(#1752),#1753,.T.);
#695=ADVANCED_FACE('',(#1754),#1755,.T.);
#696=ADVANCED_FACE('',(#1756),#1757,.T.);
#697=ADVANCED_FACE('',(#1758),#1759,.T.);
#698=ADVANCED_FACE('',(#1760),#1761,.T.);
#699=ADVANCED_FACE('',(#1762),#1763,.T.);
#700=ADVANCED_FACE('',(#1764),#1765,.F.);
#701=ADVANCED_FACE('',(#1766),#1767,.F.);
#702=ADVANCED_FACE('',(#1768),#1769,.T.);
#703=ADVANCED_FACE('',(#1770),#1771,.T.);
#704=ADVANCED_FACE('',(#1772),#1773,.T.);
#705=ADVANCED_FACE('',(#1774),#1775,.T.);
#706=ADVANCED_FACE('',(#1776),#1777,.T.);
#707=ADVANCED_FACE('',(#1778),#1779,.T.);
#708=ADVANCED_FACE('',(#1780),#1781,.F.);
#709=ADVANCED_FACE('',(#1782),#1783,.F.);
#710=ADVANCED_FACE('',(#1784),#1785,.T.);
#711=ADVANCED_FACE('',(#1786),#1787,.T.);
#712=ADVANCED_FACE('',(#1788),#1789,.T.);
#713=ADVANCED_FACE('',(#1790),#1791,.T.);
#714=ADVANCED_FACE('',(#1792),#1793,.T.);
#715=ADVANCED_FACE('',(#1794),#1795,.T.);
#716=ADVANCED_FACE('',(#1796),#1797,.F.);
#717=ADVANCED_FACE('',(#1798),#1799,.F.);
#718=ADVANCED_FACE('',(#1800),#1801,.T.);
#719=ADVANCED_FACE('',(#1802),#1803,.T.);
#720=ADVANCED_FACE('',(#1804),#1805,.T.);
#721=ADVANCED_FACE('',(#1806),#1807,.T.);
#722=ADVANCED_FACE('',(#1808),#1809,.T.);
#723=ADVANCED_FACE('',(#1810),#1811,.T.);
#724=COMPOSITE_CURVE_SEGMENT(.CONTINUOUS.,.T.,#1812);
#725=COMPOSITE_CURVE_SEGMENT(.CONTINUOUS.,.T.,#1813);
#726=COMPOSITE_CURVE_SEGMENT(.CONTINUOUS.,.T.,#1814);
#727=COMPOSITE_CURVE_SEGMENT(.CONTINUOUS.,.T.,#1815);
#728=COMPOSITE_CURVE_SEGMENT(.CONTINUOUS.,.T.,#1816);
#729=COMPOSITE_CURVE_SEGMENT(.CONTINUOUS.,.T.,#1817);
#730=COMPOSITE_CURVE_SEGMENT(.CONTINUOUS.,.T.,#1818);
#731=COMPOSITE_CURVE_SEGMENT(.CONTINUOUS.,.T.,#1819);
#732=COMPOSITE_CURVE_SEGMENT(.CONTINUOUS.,.T.,#1820);
#733=COMPOSITE_CURVE_SEGMENT(.CONTINUOUS.,.T.,#1821);
#734=COMPOSITE_CURVE_SEGMENT(.CONTINUOUS.,.T.,#1822);
#735=COMPOSITE_CURVE_SEGMENT(.CONTINUOUS.,.T.,#1823);
#736=COMPOSITE_CURVE_SEGMENT(.CONTINUOUS.,.T.,#1824);
#737=COMPOSITE_CURVE_SEGMENT(.CONTINUOUS.,.T.,#1825);
#738=COMPOSITE_CURVE_SEGMENT(.CONTINUOUS.,.T.,#1826);
#739=COMPOSITE_CURVE_SEGMENT(.CONTINUOUS.,.T.,#1827);
#740=COMPOSITE_CURVE_SEGMENT(.CONTINUOUS.,.T.,#1828);
#741=COMPOSITE_CURVE_SEGMENT(.CONTINUOUS.,.T.,#1829);
#742=COMPOSITE_CURVE_SEGMENT(.CONTINUOUS.,.T.,#1830);
#743=COMPOSITE_CURVE_SEGMENT(.CONTINUOUS.,.T.,#1831);
#744=COMPOSITE_CURVE_SEGMENT(.CONTINUOUS.,.T.,#1832);
#745=COMPOSITE_CURVE_SEGMENT(.CONTINUOUS.,.T.,#1833);
#746=COMPOSITE_CURVE_SEGMENT(.CONTINUOUS.,.T.,#1834);
#747=COMPOSITE_CURVE_SEGMENT(.CONTINUOUS.,.T.,#1835);
#748=COMPOSITE_CURVE_SEGMENT(.CONTINUOUS.,.T.,#1836);
#749=COMPOSITE_CURVE_SEGMENT(.CONTINUOUS.,.T.,#1837);
#750=COMPOSITE_CURVE_SEGMENT(.CONTINUOUS.,.T.,#1838);
#751=COMPOSITE_CURVE_SEGMENT(.CONTINUOUS.,.T.,#1839);
#752=COMPOSITE_CURVE_SEGMENT(.CONTINUOUS.,.T.,#1840);
#753=COMPOSITE_CURVE_SEGMENT(.CONTINUOUS.,.T.,#1841);
#754=COMPOSITE_CURVE_SEGMENT(.CONTINUOUS.,.T.,#1842);
#755=COMPOSITE_CURVE_SEGMENT(.CONTINUOUS.,.T.,#1843);
#756=COMPOSITE_CURVE_SEGMENT(.CONTINUOUS.,.T.,#1844);
#757=COMPOSITE_CURVE_SEGMENT(.CONTINUOUS.,.T.,#1845);
#758=COMPOSITE_CURVE_SEGMENT(.CONTINUOUS.,.T.,#1846);
#759=COMPOSITE_CURVE_SEGMENT(.CONTINUOUS.,.T.,#1847);
#760=COMPOSITE_CURVE_SEGMENT(.CONTINUOUS.,.T.,#1848);
#761=COMPOSITE_CURVE_SEGMENT(.CONTINUOUS.,.T.,#1849);
#762=COMPOSITE_CURVE_SEGMENT(.CONTINUOUS.,.T.,#1850);
#763=COMPOSITE_CURVE_SEGMENT(.CONTINUOUS.,.T.,#1851);
#764=COMPOSITE_CURVE_SEGMENT(.CONTINUOUS.,.T.,#1852);
#765=COMPOSITE_CURVE_SEGMENT(.CONTINUOUS.,.T.,#1853);
#766=COMPOSITE_CURVE_SEGMENT(.CONTINUOUS.,.T.,#1854);
#767=COMPOSITE_CURVE_SEGMENT(.CONTINUOUS.,.T.,#1855);
#768=COMPOSITE_CURVE_SEGMENT(.CONTINUOUS.,.T.,#1856);
#769=COMPOSITE_CURVE_SEGMENT(.CONTINUOUS.,.T.,#1857);
#770=COMPOSITE_CURVE_SEGMENT(.CONTINUOUS.,.T.,#1858);
#771=COMPOSITE_CURVE_SEGMENT(.CONTINUOUS.,.T.,#1859);
#772=COMPOSITE_CURVE_SEGMENT(.CONTINUOUS.,.T.,#1860);
#773=COMPOSITE_CURVE_SEGMENT(.CONTINUOUS.,.T.,#1861);
#774=COMPOSITE_CURVE_SEGMENT(.CONTINUOUS.,.T.,#1862);
#775=COMPOSITE_CURVE_SEGMENT(.CONTINUOUS.,.T.,#1863);
#776=COMPOSITE_CURVE_SEGMENT(.CONTINUOUS.,.T.,#1864);
#777=COMPOSITE_CURVE_SEGMENT(.CONTINUOUS.,.T.,#1865);
#778=COMPOSITE_CURVE_SEGMENT(.CONTINUOUS.,.T.,#1866);
#779=COMPOSITE_CURVE_SEGMENT(.CONTINUOUS.,.T.,#1867);
#780=COMPOSITE_CURVE_SEGMENT(.CONTINUOUS.,.T.,#1868);
#781=COMPOSITE_CURVE_SEGMENT(.CONTINUOUS.,.T.,#1869);
#782=COMPOSITE_CURVE_SEGMENT(.CONTINUOUS.,.T.,#1870);
#783=COMPOSITE_CURVE_SEGMENT(.CONTINUOUS.,.T.,#1871);
#784=COMPOSITE_CURVE_SEGMENT(.CONTINUOUS.,.T.,#1872);
#785=COMPOSITE_CURVE_SEGMENT(.CONTINUOUS.,.T.,#1873);
#786=COMPOSITE_CURVE_SEGMENT(.CONTINUOUS.,.T.,#1874);
#787=COMPOSITE_CURVE_SEGMENT(.CONTINUOUS.,.T.,#1875);
#788=COMPOSITE_CURVE_SEGMENT(.CONTINUOUS.,.T.,#1876);
#789=COMPOSITE_CURVE_SEGMENT(.CONTINUOUS.,.T.,#1877);
#790=COMPOSITE_CURVE_SEGMENT(.CONTINUOUS.,.T.,#1878);
#791=COMPOSITE_CURVE_SEGMENT(.CONTINUOUS.,.T.,#1879);
#792=COMPOSITE_CURVE_SEGMENT(.CONTINUOUS.,.T.,#1880);
#793=COMPOSITE_CURVE_SEGMENT(.CONTINUOUS.,.T.,#1881);
#794=COMPOSITE_CURVE_SEGMENT(.CONTINUOUS.,.T.,#1882);
#795=COMPOSITE_CURVE_SEGMENT(.CONTINUOUS.,.T.,#1883);
#796=COMPOSITE_CURVE_SEGMENT(.CONTINUOUS.,.T.,#1884);
#797=COMPOSITE_CURVE_SEGMENT(.CONTINUOUS.,.T.,#1885);
#798=COMPOSITE_CURVE_SEGMENT(.CONTINUOUS.,.T.,#1886);
#799=COMPOSITE_CURVE_SEGMENT(.CONTINUOUS.,.T.,#1887);
#800=COMPOSITE_CURVE_SEGMENT(.CONTINUOUS.,.T.,#1888);
#801=COMPOSITE_CURVE_SEGMENT(.CONTINUOUS.,.T.,#1889);
#802=COMPOSITE_CURVE_SEGMENT(.CONTINUOUS.,.T.,#1890);
#803=COMPOSITE_CURVE_SEGMENT(.CONTINUOUS.,.T.,#1891);
#804=COMPOSITE_CURVE_SEGMENT(.CONTINUOUS.,.T.,#1892);
#805=COMPOSITE_CURVE_SEGMENT(.CONTINUOUS.,.T.,#1893);
#806=COMPOSITE_CURVE_SEGMENT(.CONTINUOUS.,.T.,#1894);
#807=COMPOSITE_CURVE_SEGMENT(.CONTINUOUS.,.T.,#1895);
#808=COMPOSITE_CURVE_SEGMENT(.CONTINUOUS.,.T.,#1896);
#809=COMPOSITE_CURVE_SEGMENT(.CONTINUOUS.,.T.,#1897);
#810=COMPOSITE_CURVE_SEGMENT(.CONTINUOUS.,.T.,#1898);
#811=COMPOSITE_CURVE_SEGMENT(.CONTINUOUS.,.T.,#1899);
#812=COMPOSITE_CURVE_SEGMENT(.CONTINUOUS.,.T.,#1900);
#813=COMPOSITE_CURVE_SEGMENT(.CONTINUOUS.,.T.,#1901);
#814=COMPOSITE_CURVE_SEGMENT(.CONTINUOUS.,.T.,#1902);
#815=COMPOSITE_CURVE_SEGMENT(.CONTINUOUS.,.T.,#1903);
#816=COMPOSITE_CURVE_SEGMENT(.CONTINUOUS.,.T.,#1904);
#817=COMPOSITE_CURVE_SEGMENT(.CONTINUOUS.,.T.,#1905);
#818=COMPOSITE_CURVE_SEGMENT(.CONTINUOUS.,.T.,#1906);
#819=COMPOSITE_CURVE_SEGMENT(.CONTINUOUS.,.T.,#1907);
#820=COMPOSITE_CURVE_SEGMENT(.CONTINUOUS.,.T.,#1908);
#821=COMPOSITE_CURVE_SEGMENT(.CONTINUOUS.,.T.,#1909);
#822=COMPOSITE_CURVE_SEGMENT(.CONTINUOUS.,.T.,#1910);
#823=COMPOSITE_CURVE_SEGMENT(.CONTINUOUS.,.T.,#1911);
#824=COMPOSITE_CURVE_SEGMENT(.CONTINUOUS.,.T.,#1912);
#825=COMPOSITE_CURVE_SEGMENT(.CONTINUOUS.,.T.,#1913);
#826=COMPOSITE_CURVE_SEGMENT(.CONTINUOUS.,.T.,#1914);
#827=COMPOSITE_CURVE_SEGMENT(.CONTINUOUS.,.T.,#1915);
#828=COMPOSITE_CURVE_SEGMENT(.CONTINUOUS.,.T.,#1916);
#829=COMPOSITE_CURVE_SEGMENT(.CONTINUOUS.,.T.,#1917);
#830=COMPOSITE_CURVE_SEGMENT(.CONTINUOUS.,.T.,#1918);
#831=COMPOSITE_CURVE_SEGMENT(.CONTINUOUS.,.T.,#1919);
#832=COMPOSITE_CURVE_SEGMENT(.CONTINUOUS.,.T.,#1920);
#833=COMPOSITE_CURVE_SEGMENT(.CONTINUOUS.,.T.,#1921);
#834=COMPOSITE_CURVE_SEGMENT(.CONTINUOUS.,.T.,#1922);
#835=COMPOSITE_CURVE_SEGMENT(.CONTINUOUS.,.T.,#1923);
#836=COMPOSITE_CURVE_SEGMENT(.CONTINUOUS.,.T.,#1924);
#837=COMPOSITE_CURVE_SEGMENT(.CONTINUOUS.,.T.,#1925);
#838=COMPOSITE_CURVE_SEGMENT(.CONTINUOUS.,.T.,#1926);
#839=COMPOSITE_CURVE_SEGMENT(.CONTINUOUS.,.T.,#1927);
#840=COMPOSITE_CURVE_SEGMENT(.CONTINUOUS.,.T.,#1928);
#841=COMPOSITE_CURVE_SEGMENT(.CONTINUOUS.,.T.,#1929);
#842=COMPOSITE_CURVE_SEGMENT(.CONTINUOUS.,.T.,#1930);
#843=COMPOSITE_CURVE_SEGMENT(.CONTINUOUS.,.T.,#1931);
#844=COMPOSITE_CURVE_SEGMENT(.CONTINUOUS.,.T.,#1932);
#845=COMPOSITE_CURVE_SEGMENT(.CONTINUOUS.,.T.,#1933);
#846=COMPOSITE_CURVE_SEGMENT(.CONTINUOUS.,.T.,#1934);
#847=COMPOSITE_CURVE_SEGMENT(.CONTINUOUS.,.T.,#1935);
#848=COMPOSITE_CURVE_SEGMENT(.CONTINUOUS.,.T.,#1936);
#849=COMPOSITE_CURVE_SEGMENT(.CONTINUOUS.,.T.,#1937);
#850=COMPOSITE_CURVE_SEGMENT(.CONTINUOUS.,.T.,#1938);
#851=COMPOSITE_CURVE_SEGMENT(.CONTINUOUS.,.T.,#1939);
#852=COMPOSITE_CURVE_SEGMENT(.CONTINUOUS.,.T.,#1940);
#853=COMPOSITE_CURVE_SEGMENT(.CONTINUOUS.,.T.,#1941);
#854=COMPOSITE_CURVE_SEGMENT(.CONTINUOUS.,.T.,#1942);
#855=COMPOSITE_CURVE_SEGMENT(.CONTINUOUS.,.T.,#1943);
#856=COMPOSITE_CURVE_SEGMENT(.CONTINUOUS.,.T.,#1944);
#857=COMPOSITE_CURVE_SEGMENT(.CONTINUOUS.,.T.,#1945);
#858=COMPOSITE_CURVE_SEGMENT(.CONTINUOUS.,.T.,#1946);
#859=COMPOSITE_CURVE_SEGMENT(.CONTINUOUS.,.T.,#1947);
#860=COMPOSITE_CURVE_SEGMENT(.CONTINUOUS.,.T.,#1948);
#861=COMPOSITE_CURVE_SEGMENT(.CONTINUOUS.,.T.,#1949);
#862=COMPOSITE_CURVE_SEGMENT(.CONTINUOUS.,.T.,#1950);
#863=COMPOSITE_CURVE_SEGMENT(.CONTINUOUS.,.T.,#1951);
#864=COMPOSITE_CURVE_SEGMENT(.CONTINUOUS.,.T.,#1952);
#865=COMPOSITE_CURVE_SEGMENT(.CONTINUOUS.,.T.,#1953);
#866=COMPOSITE_CURVE_SEGMENT(.CONTINUOUS.,.T.,#1954);
#867=COMPOSITE_CURVE_SEGMENT(.CONTINUOUS.,.T.,#1955);
#868=COMPOSITE_CURVE_SEGMENT(.CONTINUOUS.,.T.,#1956);
#869=COMPOSITE_CURVE_SEGMENT(.CONTINUOUS.,.T.,#1957);
#870=COMPOSITE_CURVE_SEGMENT(.CONTINUOUS.,.T.,#1958);
#871=COMPOSITE_CURVE_SEGMENT(.CONTINUOUS.,.T.,#1959);
#872=COMPOSITE_CURVE_SEGMENT(.CONTINUOUS.,.T.,#1960);
#873=COMPOSITE_CURVE_SEGMENT(.CONTINUOUS.,.T.,#1961);
#874=COMPOSITE_CURVE_SEGMENT(.CONTINUOUS.,.T.,#1962);
#875=COMPOSITE_CURVE_SEGMENT(.CONTINUOUS.,.T.,#1963);
#876=COMPOSITE_CURVE_SEGMENT(.CONTINUOUS.,.T.,#1964);
#877=COMPOSITE_CURVE_SEGMENT(.CONTINUOUS.,.T.,#1965);
#878=COMPOSITE_CURVE_SEGMENT(.CONTINUOUS.,.T.,#1966);
#879=COMPOSITE_CURVE_SEGMENT(.CONTINUOUS.,.T.,#1967);
#880=COMPOSITE_CURVE_SEGMENT(.CONTINUOUS.,.T.,#1968);
#881=COMPOSITE_CURVE_SEGMENT(.CONTINUOUS.,.T.,#1969);
#882=COMPOSITE_CURVE_SEGMENT(.CONTINUOUS.,.T.,#1970);
#883=COMPOSITE_CURVE_SEGMENT(.CONTINUOUS.,.T.,#1971);
#884=COMPOSITE_CURVE_SEGMENT(.CONTINUOUS.,.T.,#1972);
#885=COMPOSITE_CURVE_SEGMENT(.CONTINUOUS.,.T.,#1973);
#886=COMPOSITE_CURVE_SEGMENT(.CONTINUOUS.,.T.,#1974);
#887=COMPOSITE_CURVE_SEGMENT(.CONTINUOUS.,.T.,#1975);
#888=COMPOSITE_CURVE_SEGMENT(.CONTINUOUS.,.T.,#1976);
#889=COMPOSITE_CURVE_SEGMENT(.CONTINUOUS.,.T.,#1977);
#890=COMPOSITE_CURVE_SEGMENT(.CONTINUOUS.,.T.,#1978);
#891=COMPOSITE_CURVE_SEGMENT(.CONTINUOUS.,.T.,#1979);
#892=COMPOSITE_CURVE_SEGMENT(.CONTINUOUS.,.T.,#1980);
#893=COMPOSITE_CURVE_SEGMENT(.CONTINUOUS.,.T.,#1981);
#894=COMPOSITE_CURVE_SEGMENT(.CONTINUOUS.,.T.,#1982);
#895=COMPOSITE_CURVE_SEGMENT(.CONTINUOUS.,.T.,#1983);
#896=COMPOSITE_CURVE_SEGMENT(.CONTINUOUS.,.T.,#1984);
#897=COMPOSITE_CURVE_SEGMENT(.CONTINUOUS.,.T.,#1985);
#898=COMPOSITE_CURVE_SEGMENT(.CONTINUOUS.,.T.,#1986);
#899=COMPOSITE_CURVE_SEGMENT(.CONTINUOUS.,.T.,#1987);
#900=COMPOSITE_CURVE_SEGMENT(.CONTINUOUS.,.T.,#1988);
#901=COMPOSITE_CURVE_SEGMENT(.CONTINUOUS.,.T.,#1989);
#902=COMPOSITE_CURVE_SEGMENT(.CONTINUOUS.,.T.,#1990);
#903=COMPOSITE_CURVE_SEGMENT(.CONTINUOUS.,.T.,#1991);
#904=COMPOSITE_CURVE_SEGMENT(.CONTINUOUS.,.T.,#1992);
#905=COMPOSITE_CURVE_SEGMENT(.CONTINUOUS.,.T.,#1993);
#906=COMPOSITE_CURVE_SEGMENT(.CONTINUOUS.,.T.,#1994);
#907=COMPOSITE_CURVE_SEGMENT(.CONTINUOUS.,.T.,#1995);
#908=COMPOSITE_CURVE_SEGMENT(.CONTINUOUS.,.T.,#1996);
#909=COMPOSITE_CURVE_SEGMENT(.CONTINUOUS.,.T.,#1997);
#910=COMPOSITE_CURVE_SEGMENT(.CONTINUOUS.,.T.,#1998);
#911=COMPOSITE_CURVE_SEGMENT(.CONTINUOUS.,.T.,#1999);
#912=COMPOSITE_CURVE_SEGMENT(.CONTINUOUS.,.T.,#2000);
#913=COMPOSITE_CURVE_SEGMENT(.CONTINUOUS.,.T.,#2001);
#914=COMPOSITE_CURVE_SEGMENT(.CONTINUOUS.,.T.,#2002);
#915=COMPOSITE_CURVE_SEGMENT(.CONTINUOUS.,.T.,#2003);
#916=COMPOSITE_CURVE_SEGMENT(.CONTINUOUS.,.T.,#2004);
#917=COMPOSITE_CURVE_SEGMENT(.CONTINUOUS.,.T.,#2005);
#918=COMPOSITE_CURVE_SEGMENT(.CONTINUOUS.,.T.,#2006);
#919=COMPOSITE_CURVE_SEGMENT(.CONTINUOUS.,.T.,#2007);
#920=COMPOSITE_CURVE_SEGMENT(.CONTINUOUS.,.T.,#2008);
#921=COMPOSITE_CURVE_SEGMENT(.CONTINUOUS.,.T.,#2009);
#922=COMPOSITE_CURVE_SEGMENT(.CONTINUOUS.,.T.,#2010);
#923=COMPOSITE_CURVE_SEGMENT(.CONTINUOUS.,.T.,#2011);
#924=COMPOSITE_CURVE_SEGMENT(.CONTINUOUS.,.T.,#2012);
#925=COMPOSITE_CURVE_SEGMENT(.CONTINUOUS.,.T.,#2013);
#926=COMPOSITE_CURVE_SEGMENT(.CONTINUOUS.,.T.,#2014);
#927=COMPOSITE_CURVE_SEGMENT(.CONTINUOUS.,.T.,#2015);
#928=COMPOSITE_CURVE_SEGMENT(.CONTINUOUS.,.T.,#2016);
#929=COMPOSITE_CURVE_SEGMENT(.CONTINUOUS.,.T.,#2017);
#930=COMPOSITE_CURVE_SEGMENT(.CONTINUOUS.,.T.,#2018);
#931=COMPOSITE_CURVE_SEGMENT(.CONTINUOUS.,.T.,#2019);
#932=COMPOSITE_CURVE_SEGMENT(.CONTINUOUS.,.T.,#2020);
#933=COMPOSITE_CURVE_SEGMENT(.CONTINUOUS.,.T.,#2021);
#934=COMPOSITE_CURVE_SEGMENT(.CONTINUOUS.,.T.,#2022);
#935=COMPOSITE_CURVE_SEGMENT(.CONTINUOUS.,.T.,#2023);
#936=COMPOSITE_CURVE_SEGMENT(.CONTINUOUS.,.T.,#2024);
#937=COMPOSITE_CURVE_SEGMENT(.CONTINUOUS.,.T.,#2025);
#938=COMPOSITE_CURVE_SEGMENT(.CONTINUOUS.,.T.,#2026);
#939=COMPOSITE_CURVE_SEGMENT(.CONTINUOUS.,.T.,#2027);
#940=COMPOSITE_CURVE_SEGMENT(.CONTINUOUS.,.T.,#2028);
#941=COMPOSITE_CURVE_SEGMENT(.CONTINUOUS.,.T.,#2029);
#942=COMPOSITE_CURVE_SEGMENT(.CONTINUOUS.,.T.,#2030);
#943=COMPOSITE_CURVE_SEGMENT(.CONTINUOUS.,.T.,#2031);
#944=COMPOSITE_CURVE_SEGMENT(.CONTINUOUS.,.T.,#2032);
#945=COMPOSITE_CURVE_SEGMENT(.CONTINUOUS.,.T.,#2033);
#946=COMPOSITE_CURVE_SEGMENT(.CONTINUOUS.,.T.,#2034);
#947=COMPOSITE_CURVE_SEGMENT(.CONTINUOUS.,.T.,#2035);
#948=COMPOSITE_CURVE_SEGMENT(.CONTINUOUS.,.T.,#2036);
#949=COMPOSITE_CURVE_SEGMENT(.CONTINUOUS.,.T.,#2037);
#950=COMPOSITE_CURVE_SEGMENT(.CONTINUOUS.,.T.,#2038);
#951=COMPOSITE_CURVE_SEGMENT(.CONTINUOUS.,.T.,#2039);
#952=COMPOSITE_CURVE_SEGMENT(.CONTINUOUS.,.T.,#2040);
#953=COMPOSITE_CURVE_SEGMENT(.CONTINUOUS.,.T.,#2041);
#954=COMPOSITE_CURVE_SEGMENT(.CONTINUOUS.,.T.,#2042);
#955=COMPOSITE_CURVE_SEGMENT(.CONTINUOUS.,.T.,#2043);
#956=COMPOSITE_CURVE_SEGMENT(.CONTINUOUS.,.T.,#2044);
#957=COMPOSITE_CURVE_SEGMENT(.CONTINUOUS.,.T.,#2045);
#958=COMPOSITE_CURVE_SEGMENT(.CONTINUOUS.,.T.,#2046);
#959=COMPOSITE_CURVE_SEGMENT(.CONTINUOUS.,.T.,#2047);
#960=COMPOSITE_CURVE_SEGMENT(.CONTINUOUS.,.T.,#2048);
#961=COMPOSITE_CURVE_SEGMENT(.CONTINUOUS.,.T.,#2049);
#962=COMPOSITE_CURVE_SEGMENT(.CONTINUOUS.,.T.,#2050);
#963=COMPOSITE_CURVE_SEGMENT(.CONTINUOUS.,.T.,#2051);
#964=COMPOSITE_CURVE_SEGMENT(.CONTINUOUS.,.T.,#2052);
#965=COMPOSITE_CURVE_SEGMENT(.CONTINUOUS.,.T.,#2053);
#966=COMPOSITE_CURVE_SEGMENT(.CONTINUOUS.,.T.,#2054);
#967=COMPOSITE_CURVE_SEGMENT(.CONTINUOUS.,.T.,#2055);
#968=COMPOSITE_CURVE_SEGMENT(.CONTINUOUS.,.T.,#2056);
#969=COMPOSITE_CURVE_SEGMENT(.CONTINUOUS.,.T.,#2057);
#970=COMPOSITE_CURVE_SEGMENT(.CONTINUOUS.,.T.,#2058);
#971=COMPOSITE_CURVE_SEGMENT(.CONTINUOUS.,.T.,#2059);
#972=COMPOSITE_CURVE_SEGMENT(.CONTINUOUS.,.T.,#2060);
#973=COMPOSITE_CURVE_SEGMENT(.CONTINUOUS.,.T.,#2061);
#974=COMPOSITE_CURVE_SEGMENT(.CONTINUOUS.,.T.,#2062);
#975=COMPOSITE_CURVE_SEGMENT(.CONTINUOUS.,.T.,#2063);
#976=COMPOSITE_CURVE_SEGMENT(.CONTINUOUS.,.T.,#2064);
#977=COMPOSITE_CURVE_SEGMENT(.CONTINUOUS.,.T.,#2065);
#978=COMPOSITE_CURVE_SEGMENT(.CONTINUOUS.,.T.,#2066);
#979=COMPOSITE_CURVE_SEGMENT(.CONTINUOUS.,.T.,#2067);
#981=FACE_OUTER_BOUND('',#2068,.T.);
#982=PLANE('',#2069);
#983=FACE_OUTER_BOUND('',#2070,.T.);
#984=PLANE('',#2071);
#985=FACE_OUTER_BOUND('',#2072,.T.);
#986=PLANE('',#2073);
#987=FACE_OUTER_BOUND('',#2074,.T.);
#988=PLANE('',#2075);
#989=FACE_OUTER_BOUND('',#2076,.T.);
#990=PLANE('',#2077);
#991=FACE_OUTER_BOUND('',#2078,.T.);
#992=PLANE('',#2079);
#993=FACE_OUTER_BOUND('',#2080,.T.);
#994=PLANE('',#2081);
#995=FACE_OUTER_BOUND('',#2082,.T.);
#996=PLANE('',#2083);
#997=FACE_OUTER_BOUND('',#2084,.T.);
#998=PLANE('',#2085);
#999=FACE_OUTER_BOUND('',#2086,.T.);
#1000=PLANE('',#2087);
#1001=FACE_OUTER_BOUND('',#2088,.T.);
#1002=PLANE('',#2089);
#1003=FACE_OUTER_BOUND('',#2090,.T.);
#1004=PLANE('',#2091);
#1005=FACE_OUTER_BOUND('',#2092,.T.);
#1006=PLANE('',#2093);
#1007=FACE_OUTER_BOUND('',#2094,.T.);
#1008=PLANE('',#2095);
#1009=FACE_OUTER_BOUND('',#2096,.T.);
#1010=PLANE('',#2097);
#1011=FACE_OUTER_BOUND('',#2098,.T.);
#1012=PLANE('',#2099);
#1013=FACE_OUTER_BOUND('',#2100,.T.);
#1014=PLANE('',#2101);
#1015=FACE_OUTER_BOUND('',#2102,.T.);
#1016=PLANE('',#2103);
#1017=FACE_OUTER_BOUND('',#2104,.T.);
#1018=PLANE('',#2105);
#1019=FACE_OUTER_BOUND('',#2106,.T.);
#1020=PLANE('',#2107);
#1021=FACE_OUTER_BOUND('',#2108,.T.);
#1022=CYLINDRICAL_SURFACE('',#2109,0.09);
#1023=FACE_OUTER_BOUND('',#2110,.T.);
#1024=PLANE('',#2111);
#1025=FACE_OUTER_BOUND('',#2112,.T.);
#1026=PLANE('',#2113);
#1027=FACE_OUTER_BOUND('',#2114,.T.);
#1028=PLANE('',#2115);
#1029=FACE_OUTER_BOUND('',#2116,.T.);
#1030=CYLINDRICAL_SURFACE('',#2117,0.01);
#1031=FACE_OUTER_BOUND('',#2118,.T.);
#1032=FACE_BOUND('',#2119,.T.);
#1033=PLANE('',#2120);
#1034=FACE_OUTER_BOUND('',#2121,.T.);
#1035=CYLINDRICAL_SURFACE('',#2122,0.09);
#1036=FACE_OUTER_BOUND('',#2123,.T.);
#1037=CYLINDRICAL_SURFACE('',#2124,0.09);
#1038=FACE_OUTER_BOUND('',#2125,.T.);
#1039=CYLINDRICAL_SURFACE('',#2126,0.09);
#1040=FACE_OUTER_BOUND('',#2127,.T.);
#1041=PLANE('',#2128);
#1042=FACE_OUTER_BOUND('',#2129,.T.);
#1043=PLANE('',#2130);
#1044=FACE_OUTER_BOUND('',#2131,.T.);
#1045=CYLINDRICAL_SURFACE('',#2132,0.09);
#1046=FACE_OUTER_BOUND('',#2133,.T.);
#1047=PLANE('',#2134);
#1048=FACE_OUTER_BOUND('',#2135,.T.);
#1049=PLANE('',#2136);
#1050=FACE_OUTER_BOUND('',#2137,.T.);
#1051=PLANE('',#2138);
#1052=FACE_OUTER_BOUND('',#2139,.T.);
#1053=CYLINDRICAL_SURFACE('',#2140,0.09);
#1054=FACE_OUTER_BOUND('',#2141,.T.);
#1055=PLANE('',#2142);
#1056=FACE_OUTER_BOUND('',#2143,.T.);
#1057=PLANE('',#2144);
#1058=FACE_OUTER_BOUND('',#2145,.T.);
#1059=PLANE('',#2146);
#1060=FACE_OUTER_BOUND('',#2147,.T.);
#1061=PLANE('',#2148);
#1062=FACE_OUTER_BOUND('',#2149,.T.);
#1063=PLANE('',#2150);
#1064=FACE_OUTER_BOUND('',#2151,.T.);
#1065=PLANE('',#2152);
#1066=FACE_OUTER_BOUND('',#2153,.T.);
#1067=PLANE('',#2154);
#1068=FACE_OUTER_BOUND('',#2155,.T.);
#1069=PLANE('',#2156);
#1070=FACE_OUTER_BOUND('',#2157,.T.);
#1071=PLANE('',#2158);
#1072=FACE_OUTER_BOUND('',#2159,.T.);
#1073=PLANE('',#2160);
#1074=FACE_OUTER_BOUND('',#2161,.T.);
#1075=PLANE('',#2162);
#1076=FACE_OUTER_BOUND('',#2163,.T.);
#1077=PLANE('',#2164);
#1078=FACE_OUTER_BOUND('',#2165,.T.);
#1079=PLANE('',#2166);
#1080=FACE_OUTER_BOUND('',#2167,.T.);
#1081=PLANE('',#2168);
#1082=FACE_OUTER_BOUND('',#2169,.T.);
#1083=PLANE('',#2170);
#1084=FACE_OUTER_BOUND('',#2171,.T.);
#1085=PLANE('',#2172);
#1086=FACE_OUTER_BOUND('',#2173,.T.);
#1087=PLANE('',#2174);
#1088=FACE_OUTER_BOUND('',#2175,.T.);
#1089=PLANE('',#2176);
#1090=FACE_OUTER_BOUND('',#2177,.T.);
#1091=PLANE('',#2178);
#1092=FACE_OUTER_BOUND('',#2179,.T.);
#1093=PLANE('',#2180);
#1094=FACE_OUTER_BOUND('',#2181,.T.);
#1095=PLANE('',#2182);
#1096=FACE_OUTER_BOUND('',#2183,.T.);
#1097=PLANE('',#2184);
#1098=FACE_OUTER_BOUND('',#2185,.T.);
#1099=PLANE('',#2186);
#1100=FACE_OUTER_BOUND('',#2187,.T.);
#1101=PLANE('',#2188);
#1102=FACE_OUTER_BOUND('',#2189,.T.);
#1103=PLANE('',#2190);
#1104=FACE_OUTER_BOUND('',#2191,.T.);
#1105=PLANE('',#2192);
#1106=FACE_OUTER_BOUND('',#2193,.T.);
#1107=PLANE('',#2194);
#1108=FACE_OUTER_BOUND('',#2195,.T.);
#1109=PLANE('',#2196);
#1110=FACE_OUTER_BOUND('',#2197,.T.);
#1111=PLANE('',#2198);
#1112=FACE_OUTER_BOUND('',#2199,.T.);
#1113=PLANE('',#2200);
#1114=FACE_OUTER_BOUND('',#2201,.T.);
#1115=CONICAL_SURFACE('',#2202,0.2749999991933,0.7853981633973);
#1116=FACE_OUTER_BOUND('',#2203,.T.);
#1117=PLANE('',#2204);
#1118=FACE_OUTER_BOUND('',#2205,.T.);
#1119=CONICAL_SURFACE('',#2206,0.2749999991933,0.7853981633973);
#1120=FACE_OUTER_BOUND('',#2207,.T.);
#1121=PLANE('',#2208);
#1122=FACE_OUTER_BOUND('',#2209,.T.);
#1123=CYLINDRICAL_SURFACE('',#2210,0.1);
#1124=FACE_OUTER_BOUND('',#2211,.T.);
#1125=PLANE('',#2212);
#1126=FACE_OUTER_BOUND('',#2213,.T.);
#1127=PLANE('',#2214);
#1128=FACE_OUTER_BOUND('',#2215,.T.);
#1129=PLANE('',#2216);
#1130=FACE_OUTER_BOUND('',#2217,.T.);
#1131=CYLINDRICAL_SURFACE('',#2218,0.09);
#1132=FACE_OUTER_BOUND('',#2219,.T.);
#1133=PLANE('',#2220);
#1134=FACE_OUTER_BOUND('',#2221,.T.);
#1135=PLANE('',#2222);
#1136=FACE_OUTER_BOUND('',#2223,.T.);
#1137=PLANE('',#2224);
#1138=FACE_OUTER_BOUND('',#2225,.T.);
#1139=PLANE('',#2226);
#1140=FACE_OUTER_BOUND('',#2227,.T.);
#1141=PLANE('',#2228);
#1142=FACE_OUTER_BOUND('',#2229,.T.);
#1143=PLANE('',#2230);
#1144=FACE_OUTER_BOUND('',#2231,.T.);
#1145=PLANE('',#2232);
#1146=FACE_OUTER_BOUND('',#2233,.T.);
#1147=PLANE('',#2234);
#1148=FACE_OUTER_BOUND('',#2235,.T.);
#1149=PLANE('',#2236);
#1150=FACE_OUTER_BOUND('',#2237,.T.);
#1151=PLANE('',#2238);
#1152=FACE_OUTER_BOUND('',#2239,.T.);
#1153=PLANE('',#2240);
#1154=FACE_OUTER_BOUND('',#2241,.T.);
#1155=PLANE('',#2242);
#1156=FACE_OUTER_BOUND('',#2243,.T.);
#1157=PLANE('',#2244);
#1158=FACE_OUTER_BOUND('',#2245,.T.);
#1159=PLANE('',#2246);
#1160=FACE_OUTER_BOUND('',#2247,.T.);
#1161=PLANE('',#2248);
#1162=FACE_OUTER_BOUND('',#2249,.T.);
#1163=PLANE('',#2250);
#1164=FACE_OUTER_BOUND('',#2251,.T.);
#1165=PLANE('',#2252);
#1166=FACE_OUTER_BOUND('',#2253,.T.);
#1167=PLANE('',#2254);
#1168=FACE_OUTER_BOUND('',#2255,.T.);
#1169=PLANE('',#2256);
#1170=FACE_OUTER_BOUND('',#2257,.T.);
#1171=PLANE('',#2258);
#1172=FACE_OUTER_BOUND('',#2259,.T.);
#1173=PLANE('',#2260);
#1174=FACE_OUTER_BOUND('',#2261,.T.);
#1175=PLANE('',#2262);
#1176=FACE_OUTER_BOUND('',#2263,.T.);
#1177=CYLINDRICAL_SURFACE('',#2264,0.05);
#1178=FACE_OUTER_BOUND('',#2265,.T.);
#1179=PLANE('',#2266);
#1180=FACE_OUTER_BOUND('',#2267,.T.);
#1181=PLANE('',#2268);
#1182=FACE_OUTER_BOUND('',#2269,.T.);
#1183=CYLINDRICAL_SURFACE('',#2270,0.09);
#1184=FACE_OUTER_BOUND('',#2271,.T.);
#1185=PLANE('',#2272);
#1186=FACE_OUTER_BOUND('',#2273,.T.);
#1187=PLANE('',#2274);
#1188=FACE_OUTER_BOUND('',#2275,.T.);
#1189=PLANE('',#2276);
#1190=FACE_OUTER_BOUND('',#2277,.T.);
#1191=PLANE('',#2278);
#1192=FACE_OUTER_BOUND('',#2279,.T.);
#1193=PLANE('',#2280);
#1194=FACE_OUTER_BOUND('',#2281,.T.);
#1195=PLANE('',#2282);
#1196=FACE_OUTER_BOUND('',#2283,.T.);
#1197=PLANE('',#2284);
#1198=FACE_OUTER_BOUND('',#2285,.T.);
#1199=CYLINDRICAL_SURFACE('',#2286,0.05);
#1200=FACE_OUTER_BOUND('',#2287,.T.);
#1201=PLANE('',#2288);
#1202=FACE_OUTER_BOUND('',#2289,.T.);
#1203=PLANE('',#2290);
#1204=FACE_OUTER_BOUND('',#2291,.T.);
#1205=CYLINDRICAL_SURFACE('',#2292,0.01);
#1206=FACE_OUTER_BOUND('',#2293,.T.);
#1207=PLANE('',#2294);
#1208=FACE_OUTER_BOUND('',#2295,.T.);
#1209=PLANE('',#2296);
#1210=FACE_OUTER_BOUND('',#2297,.T.);
#1211=CYLINDRICAL_SURFACE('',#2298,0.09);
#1212=FACE_OUTER_BOUND('',#2299,.T.);
#1213=PLANE('',#2300);
#1214=FACE_OUTER_BOUND('',#2301,.T.);
#1215=PLANE('',#2302);
#1216=FACE_OUTER_BOUND('',#2303,.T.);
#1217=PLANE('',#2304);
#1218=FACE_OUTER_BOUND('',#2305,.T.);
#1219=PLANE('',#2306);
#1220=FACE_OUTER_BOUND('',#2307,.T.);
#1221=PLANE('',#2308);
#1222=FACE_OUTER_BOUND('',#2309,.T.);
#1223=PLANE('',#2310);
#1224=FACE_OUTER_BOUND('',#2311,.T.);
#1225=PLANE('',#2312);
#1226=FACE_OUTER_BOUND('',#2313,.T.);
#1227=PLANE('',#2314);
#1228=FACE_OUTER_BOUND('',#2315,.T.);
#1229=PLANE('',#2316);
#1230=FACE_OUTER_BOUND('',#2317,.T.);
#1231=PLANE('',#2318);
#1232=FACE_OUTER_BOUND('',#2319,.T.);
#1233=PLANE('',#2320);
#1234=FACE_OUTER_BOUND('',#2321,.T.);
#1235=CONICAL_SURFACE('',#2322,0.2749999991933,0.7853981633973);
#1236=FACE_OUTER_BOUND('',#2323,.T.);
#1237=PLANE('',#2324);
#1238=FACE_OUTER_BOUND('',#2325,.T.);
#1239=CONICAL_SURFACE('',#2326,0.2749999991933,0.7853981633973);
#1240=FACE_OUTER_BOUND('',#2327,.T.);
#1241=PLANE('',#2328);
#1242=FACE_OUTER_BOUND('',#2329,.T.);
#1243=CYLINDRICAL_SURFACE('',#2330,0.1);
#1244=FACE_OUTER_BOUND('',#2331,.T.);
#1245=PLANE('',#2332);
#1246=FACE_OUTER_BOUND('',#2333,.T.);
#1247=PLANE('',#2334);
#1248=FACE_OUTER_BOUND('',#2335,.T.);
#1249=PLANE('',#2336);
#1250=FACE_OUTER_BOUND('',#2337,.T.);
#1251=PLANE('',#2338);
#1252=FACE_OUTER_BOUND('',#2339,.T.);
#1253=PLANE('',#2340);
#1254=FACE_OUTER_BOUND('',#2341,.T.);
#1255=PLANE('',#2342);
#1256=FACE_OUTER_BOUND('',#2343,.T.);
#1257=PLANE('',#2344);
#1258=FACE_OUTER_BOUND('',#2345,.T.);
#1259=CYLINDRICAL_SURFACE('',#2346,0.01);
#1260=FACE_OUTER_BOUND('',#2347,.T.);
#1261=CYLINDRICAL_SURFACE('',#2348,0.1);
#1262=FACE_OUTER_BOUND('',#2349,.T.);
#1263=CYLINDRICAL_SURFACE('',#2350,0.09);
#1264=FACE_OUTER_BOUND('',#2351,.T.);
#1265=PLANE('',#2352);
#1266=FACE_OUTER_BOUND('',#2353,.T.);
#1267=PLANE('',#2354);
#1268=FACE_OUTER_BOUND('',#2355,.T.);
#1269=CYLINDRICAL_SURFACE('',#2356,0.05);
#1270=FACE_OUTER_BOUND('',#2357,.T.);
#1271=PLANE('',#2358);
#1272=FACE_OUTER_BOUND('',#2359,.T.);
#1273=PLANE('',#2360);
#1274=FACE_OUTER_BOUND('',#2361,.T.);
#1275=CYLINDRICAL_SURFACE('',#2362,0.09);
#1276=FACE_OUTER_BOUND('',#2363,.T.);
#1277=PLANE('',#2364);
#1278=FACE_OUTER_BOUND('',#2365,.T.);
#1279=CYLINDRICAL_SURFACE('',#2366,0.05);
#1280=FACE_OUTER_BOUND('',#2367,.T.);
#1281=PLANE('',#2368);
#1282=FACE_OUTER_BOUND('',#2369,.T.);
#1283=CYLINDRICAL_SURFACE('',#2370,0.09);
#1284=FACE_OUTER_BOUND('',#2371,.T.);
#1285=PLANE('',#2372);
#1286=FACE_OUTER_BOUND('',#2373,.T.);
#1287=PLANE('',#2374);
#1288=FACE_OUTER_BOUND('',#2375,.T.);
#1289=PLANE('',#2376);
#1290=FACE_OUTER_BOUND('',#2377,.T.);
#1291=PLANE('',#2378);
#1292=FACE_OUTER_BOUND('',#2379,.T.);
#1293=PLANE('',#2380);
#1294=FACE_OUTER_BOUND('',#2381,.T.);
#1295=PLANE('',#2382);
#1296=FACE_OUTER_BOUND('',#2383,.T.);
#1297=PLANE('',#2384);
#1298=FACE_OUTER_BOUND('',#2385,.T.);
#1299=PLANE('',#2386);
#1300=FACE_OUTER_BOUND('',#2387,.T.);
#1301=PLANE('',#2388);
#1302=FACE_OUTER_BOUND('',#2389,.T.);
#1303=PLANE('',#2390);
#1304=FACE_OUTER_BOUND('',#2391,.T.);
#1305=PLANE('',#2392);
#1306=FACE_OUTER_BOUND('',#2393,.T.);
#1307=PLANE('',#2394);
#1308=FACE_OUTER_BOUND('',#2395,.T.);
#1309=CYLINDRICAL_SURFACE('',#2396,0.01);
#1310=FACE_OUTER_BOUND('',#2397,.T.);
#1311=PLANE('',#2398);
#1312=FACE_OUTER_BOUND('',#2399,.T.);
#1313=PLANE('',#2400);
#1314=FACE_OUTER_BOUND('',#2401,.T.);
#1315=PLANE('',#2402);
#1316=FACE_OUTER_BOUND('',#2403,.T.);
#1317=PLANE('',#2404);
#1318=FACE_OUTER_BOUND('',#2405,.T.);
#1319=PLANE('',#2406);
#1320=FACE_OUTER_BOUND('',#2407,.T.);
#1321=PLANE('',#2408);
#1322=FACE_OUTER_BOUND('',#2409,.T.);
#1323=PLANE('',#2410);
#1324=FACE_OUTER_BOUND('',#2411,.T.);
#1325=PLANE('',#2412);
#1326=FACE_OUTER_BOUND('',#2413,.T.);
#1327=CYLINDRICAL_SURFACE('',#2414,0.1);
#1328=FACE_OUTER_BOUND('',#2415,.T.);
#1329=PLANE('',#2416);
#1330=FACE_OUTER_BOUND('',#2417,.T.);
#1331=PLANE('',#2418);
#1332=FACE_OUTER_BOUND('',#2419,.T.);
#1333=PLANE('',#2420);
#1334=FACE_OUTER_BOUND('',#2421,.T.);
#1335=PLANE('',#2422);
#1336=FACE_OUTER_BOUND('',#2423,.T.);
#1337=PLANE('',#2424);
#1338=FACE_OUTER_BOUND('',#2425,.T.);
#1339=PLANE('',#2426);
#1340=FACE_OUTER_BOUND('',#2427,.T.);
#1341=PLANE('',#2428);
#1342=FACE_OUTER_BOUND('',#2429,.T.);
#1343=PLANE('',#2430);
#1344=FACE_OUTER_BOUND('',#2431,.T.);
#1345=PLANE('',#2432);
#1346=FACE_OUTER_BOUND('',#2433,.T.);
#1347=PLANE('',#2434);
#1348=FACE_OUTER_BOUND('',#2435,.T.);
#1349=PLANE('',#2436);
#1350=FACE_OUTER_BOUND('',#2437,.T.);
#1351=PLANE('',#2438);
#1352=FACE_OUTER_BOUND('',#2439,.T.);
#1353=PLANE('',#2440);
#1354=FACE_OUTER_BOUND('',#2441,.T.);
#1355=PLANE('',#2442);
#1356=FACE_OUTER_BOUND('',#2443,.T.);
#1357=PLANE('',#2444);
#1358=FACE_OUTER_BOUND('',#2445,.T.);
#1359=PLANE('',#2446);
#1360=FACE_OUTER_BOUND('',#2447,.T.);
#1361=PLANE('',#2448);
#1362=FACE_OUTER_BOUND('',#2449,.T.);
#1363=PLANE('',#2450);
#1364=FACE_OUTER_BOUND('',#2451,.T.);
#1365=PLANE('',#2452);
#1366=FACE_OUTER_BOUND('',#2453,.T.);
#1367=PLANE('',#2454);
#1368=FACE_OUTER_BOUND('',#2455,.T.);
#1369=PLANE('',#2456);
#1370=FACE_OUTER_BOUND('',#2457,.T.);
#1371=PLANE('',#2458);
#1372=FACE_OUTER_BOUND('',#2459,.T.);
#1373=PLANE('',#2460);
#1374=FACE_OUTER_BOUND('',#2461,.T.);
#1375=PLANE('',#2462);
#1376=FACE_OUTER_BOUND('',#2463,.T.);
#1377=PLANE('',#2464);
#1378=FACE_OUTER_BOUND('',#2465,.T.);
#1379=PLANE('',#2466);
#1380=FACE_OUTER_BOUND('',#2467,.T.);
#1381=PLANE('',#2468);
#1382=FACE_OUTER_BOUND('',#2469,.T.);
#1383=PLANE('',#2470);
#1384=FACE_OUTER_BOUND('',#2471,.T.);
#1385=PLANE('',#2472);
#1386=FACE_OUTER_BOUND('',#2473,.T.);
#1387=PLANE('',#2474);
#1388=FACE_OUTER_BOUND('',#2475,.T.);
#1389=PLANE('',#2476);
#1390=FACE_OUTER_BOUND('',#2477,.T.);
#1391=PLANE('',#2478);
#1392=FACE_OUTER_BOUND('',#2479,.T.);
#1393=PLANE('',#2480);
#1394=FACE_OUTER_BOUND('',#2481,.T.);
#1395=PLANE('',#2482);
#1396=FACE_OUTER_BOUND('',#2483,.T.);
#1397=PLANE('',#2484);
#1398=FACE_OUTER_BOUND('',#2485,.T.);
#1399=PLANE('',#2486);
#1400=FACE_OUTER_BOUND('',#2487,.T.);
#1401=PLANE('',#2488);
#1402=FACE_OUTER_BOUND('',#2489,.T.);
#1403=PLANE('',#2490);
#1404=FACE_OUTER_BOUND('',#2491,.T.);
#1405=PLANE('',#2492);
#1406=FACE_OUTER_BOUND('',#2493,.T.);
#1407=PLANE('',#2494);
#1408=FACE_OUTER_BOUND('',#2495,.T.);
#1409=PLANE('',#2496);
#1410=FACE_OUTER_BOUND('',#2497,.T.);
#1411=PLANE('',#2498);
#1412=FACE_OUTER_BOUND('',#2499,.T.);
#1413=PLANE('',#2500);
#1414=FACE_OUTER_BOUND('',#2501,.T.);
#1415=PLANE('',#2502);
#1416=FACE_OUTER_BOUND('',#2503,.T.);
#1417=PLANE('',#2504);
#1418=FACE_OUTER_BOUND('',#2505,.T.);
#1419=PLANE('',#2506);
#1420=FACE_OUTER_BOUND('',#2507,.T.);
#1421=PLANE('',#2508);
#1422=FACE_OUTER_BOUND('',#2509,.T.);
#1423=PLANE('',#2510);
#1424=FACE_OUTER_BOUND('',#2511,.T.);
#1425=PLANE('',#2512);
#1426=FACE_OUTER_BOUND('',#2513,.T.);
#1427=PLANE('',#2514);
#1428=FACE_OUTER_BOUND('',#2515,.T.);
#1429=PLANE('',#2516);
#1430=FACE_OUTER_BOUND('',#2517,.T.);
#1431=PLANE('',#2518);
#1432=FACE_OUTER_BOUND('',#2519,.T.);
#1433=PLANE('',#2520);
#1434=FACE_OUTER_BOUND('',#2521,.T.);
#1435=PLANE('',#2522);
#1436=FACE_OUTER_BOUND('',#2523,.T.);
#1437=PLANE('',#2524);
#1438=FACE_OUTER_BOUND('',#2525,.T.);
#1439=PLANE('',#2526);
#1440=FACE_OUTER_BOUND('',#2527,.T.);
#1441=PLANE('',#2528);
#1442=FACE_OUTER_BOUND('',#2529,.T.);
#1443=PLANE('',#2530);
#1444=FACE_OUTER_BOUND('',#2531,.T.);
#1445=PLANE('',#2532);
#1446=FACE_OUTER_BOUND('',#2533,.T.);
#1447=PLANE('',#2534);
#1448=FACE_OUTER_BOUND('',#2535,.T.);
#1449=PLANE('',#2536);
#1450=FACE_OUTER_BOUND('',#2537,.T.);
#1451=PLANE('',#2538);
#1452=FACE_OUTER_BOUND('',#2539,.T.);
#1453=PLANE('',#2540);
#1454=FACE_OUTER_BOUND('',#2541,.T.);
#1455=PLANE('',#2542);
#1456=FACE_OUTER_BOUND('',#2543,.T.);
#1457=PLANE('',#2544);
#1458=FACE_OUTER_BOUND('',#2545,.T.);
#1459=PLANE('',#2546);
#1460=FACE_OUTER_BOUND('',#2547,.T.);
#1461=PLANE('',#2548);
#1462=FACE_OUTER_BOUND('',#2549,.T.);
#1463=PLANE('',#2550);
#1464=FACE_OUTER_BOUND('',#2551,.T.);
#1465=PLANE('',#2552);
#1466=FACE_OUTER_BOUND('',#2553,.T.);
#1467=PLANE('',#2554);
#1468=FACE_OUTER_BOUND('',#2555,.T.);
#1469=PLANE('',#2556);
#1470=FACE_OUTER_BOUND('',#2557,.T.);
#1471=PLANE('',#2558);
#1472=FACE_OUTER_BOUND('',#2559,.T.);
#1473=PLANE('',#2560);
#1474=FACE_OUTER_BOUND('',#2561,.T.);
#1475=PLANE('',#2562);
#1476=FACE_OUTER_BOUND('',#2563,.T.);
#1477=PLANE('',#2564);
#1478=FACE_OUTER_BOUND('',#2565,.T.);
#1479=PLANE('',#2566);
#1480=FACE_OUTER_BOUND('',#2567,.T.);
#1481=PLANE('',#2568);
#1482=FACE_OUTER_BOUND('',#2569,.T.);
#1483=PLANE('',#2570);
#1484=FACE_OUTER_BOUND('',#2571,.T.);
#1485=PLANE('',#2572);
#1486=FACE_OUTER_BOUND('',#2573,.T.);
#1487=PLANE('',#2574);
#1488=FACE_OUTER_BOUND('',#2575,.T.);
#1489=PLANE('',#2576);
#1490=FACE_OUTER_BOUND('',#2577,.T.);
#1491=PLANE('',#2578);
#1492=FACE_OUTER_BOUND('',#2579,.T.);
#1493=PLANE('',#2580);
#1494=FACE_OUTER_BOUND('',#2581,.T.);
#1495=PLANE('',#2582);
#1496=FACE_OUTER_BOUND('',#2583,.T.);
#1497=PLANE('',#2584);
#1498=FACE_OUTER_BOUND('',#2585,.T.);
#1499=PLANE('',#2586);
#1500=FACE_OUTER_BOUND('',#2587,.T.);
#1501=PLANE('',#2588);
#1502=FACE_OUTER_BOUND('',#2589,.T.);
#1503=PLANE('',#2590);
#1504=FACE_OUTER_BOUND('',#2591,.T.);
#1505=PLANE('',#2592);
#1506=FACE_OUTER_BOUND('',#2593,.T.);
#1507=PLANE('',#2594);
#1508=FACE_OUTER_BOUND('',#2595,.T.);
#1509=PLANE('',#2596);
#1510=FACE_OUTER_BOUND('',#2597,.T.);
#1511=PLANE('',#2598);
#1512=FACE_OUTER_BOUND('',#2599,.T.);
#1513=PLANE('',#2600);
#1514=FACE_OUTER_BOUND('',#2601,.T.);
#1515=PLANE('',#2602);
#1516=FACE_OUTER_BOUND('',#2603,.T.);
#1517=PLANE('',#2604);
#1518=FACE_OUTER_BOUND('',#2605,.T.);
#1519=PLANE('',#2606);
#1520=FACE_OUTER_BOUND('',#2607,.T.);
#1521=PLANE('',#2608);
#1522=FACE_OUTER_BOUND('',#2609,.T.);
#1523=PLANE('',#2610);
#1524=FACE_OUTER_BOUND('',#2611,.T.);
#1525=PLANE('',#2612);
#1526=FACE_OUTER_BOUND('',#2613,.T.);
#1527=PLANE('',#2614);
#1528=FACE_OUTER_BOUND('',#2615,.T.);
#1529=PLANE('',#2616);
#1530=FACE_OUTER_BOUND('',#2617,.T.);
#1531=PLANE('',#2618);
#1532=FACE_OUTER_BOUND('',#2619,.T.);
#1533=PLANE('',#2620);
#1534=FACE_OUTER_BOUND('',#2621,.T.);
#1535=PLANE('',#2622);
#1536=FACE_OUTER_BOUND('',#2623,.T.);
#1537=PLANE('',#2624);
#1538=FACE_OUTER_BOUND('',#2625,.T.);
#1539=PLANE('',#2626);
#1540=FACE_OUTER_BOUND('',#2627,.T.);
#1541=PLANE('',#2628);
#1542=FACE_OUTER_BOUND('',#2629,.T.);
#1543=PLANE('',#2630);
#1544=FACE_OUTER_BOUND('',#2631,.T.);
#1545=PLANE('',#2632);
#1546=FACE_OUTER_BOUND('',#2633,.T.);
#1547=PLANE('',#2634);
#1548=FACE_OUTER_BOUND('',#2635,.T.);
#1549=PLANE('',#2636);
#1550=FACE_OUTER_BOUND('',#2637,.T.);
#1551=PLANE('',#2638);
#1552=FACE_OUTER_BOUND('',#2639,.T.);
#1553=PLANE('',#2640);
#1554=FACE_OUTER_BOUND('',#2641,.T.);
#1555=PLANE('',#2642);
#1556=FACE_OUTER_BOUND('',#2643,.T.);
#1557=PLANE('',#2644);
#1558=FACE_OUTER_BOUND('',#2645,.T.);
#1559=PLANE('',#2646);
#1560=FACE_OUTER_BOUND('',#2647,.T.);
#1561=PLANE('',#2648);
#1562=FACE_OUTER_BOUND('',#2649,.T.);
#1563=PLANE('',#2650);
#1564=FACE_OUTER_BOUND('',#2651,.T.);
#1565=PLANE('',#2652);
#1566=FACE_OUTER_BOUND('',#2653,.T.);
#1567=PLANE('',#2654);
#1568=FACE_OUTER_BOUND('',#2655,.T.);
#1569=PLANE('',#2656);
#1570=FACE_OUTER_BOUND('',#2657,.T.);
#1571=PLANE('',#2658);
#1572=FACE_OUTER_BOUND('',#2659,.T.);
#1573=PLANE('',#2660);
#1574=FACE_OUTER_BOUND('',#2661,.T.);
#1575=PLANE('',#2662);
#1576=FACE_OUTER_BOUND('',#2663,.T.);
#1577=PLANE('',#2664);
#1578=FACE_OUTER_BOUND('',#2665,.T.);
#1579=PLANE('',#2666);
#1580=FACE_OUTER_BOUND('',#2667,.T.);
#1581=PLANE('',#2668);
#1582=FACE_OUTER_BOUND('',#2669,.T.);
#1583=PLANE('',#2670);
#1584=FACE_OUTER_BOUND('',#2671,.T.);
#1585=PLANE('',#2672);
#1586=FACE_OUTER_BOUND('',#2673,.T.);
#1587=PLANE('',#2674);
#1588=FACE_OUTER_BOUND('',#2675,.T.);
#1589=PLANE('',#2676);
#1590=FACE_OUTER_BOUND('',#2677,.T.);
#1591=PLANE('',#2678);
#1592=FACE_OUTER_BOUND('',#2679,.T.);
#1593=PLANE('',#2680);
#1594=FACE_OUTER_BOUND('',#2681,.T.);
#1595=PLANE('',#2682);
#1596=FACE_OUTER_BOUND('',#2683,.T.);
#1597=PLANE('',#2684);
#1598=FACE_OUTER_BOUND('',#2685,.T.);
#1599=PLANE('',#2686);
#1600=FACE_OUTER_BOUND('',#2687,.T.);
#1601=PLANE('',#2688);
#1602=FACE_OUTER_BOUND('',#2689,.T.);
#1603=PLANE('',#2690);
#1604=FACE_OUTER_BOUND('',#2691,.T.);
#1605=PLANE('',#2692);
#1606=FACE_OUTER_BOUND('',#2693,.T.);
#1607=PLANE('',#2694);
#1608=FACE_OUTER_BOUND('',#2695,.T.);
#1609=PLANE('',#2696);
#1610=FACE_OUTER_BOUND('',#2697,.T.);
#1611=PLANE('',#2698);
#1612=FACE_OUTER_BOUND('',#2699,.T.);
#1613=PLANE('',#2700);
#1614=FACE_OUTER_BOUND('',#2701,.T.);
#1615=PLANE('',#2702);
#1616=FACE_OUTER_BOUND('',#2703,.T.);
#1617=PLANE('',#2704);
#1618=FACE_OUTER_BOUND('',#2705,.T.);
#1619=PLANE('',#2706);
#1620=FACE_OUTER_BOUND('',#2707,.T.);
#1621=PLANE('',#2708);
#1622=FACE_OUTER_BOUND('',#2709,.T.);
#1623=PLANE('',#2710);
#1624=FACE_OUTER_BOUND('',#2711,.T.);
#1625=PLANE('',#2712);
#1626=FACE_OUTER_BOUND('',#2713,.T.);
#1627=PLANE('',#2714);
#1628=FACE_OUTER_BOUND('',#2715,.T.);
#1629=PLANE('',#2716);
#1630=FACE_OUTER_BOUND('',#2717,.T.);
#1631=PLANE('',#2718);
#1632=FACE_OUTER_BOUND('',#2719,.T.);
#1633=PLANE('',#2720);
#1634=FACE_OUTER_BOUND('',#2721,.T.);
#1635=PLANE('',#2722);
#1636=FACE_OUTER_BOUND('',#2723,.T.);
#1637=PLANE('',#2724);
#1638=FACE_OUTER_BOUND('',#2725,.T.);
#1639=PLANE('',#2726);
#1640=FACE_OUTER_BOUND('',#2727,.T.);
#1641=PLANE('',#2728);
#1642=FACE_OUTER_BOUND('',#2729,.T.);
#1643=PLANE('',#2730);
#1644=FACE_OUTER_BOUND('',#2731,.T.);
#1645=PLANE('',#2732);
#1646=FACE_OUTER_BOUND('',#2733,.T.);
#1647=PLANE('',#2734);
#1648=FACE_OUTER_BOUND('',#2735,.T.);
#1649=PLANE('',#2736);
#1650=FACE_OUTER_BOUND('',#2737,.T.);
#1651=PLANE('',#2738);
#1652=FACE_OUTER_BOUND('',#2739,.T.);
#1653=PLANE('',#2740);
#1654=FACE_OUTER_BOUND('',#2741,.T.);
#1655=PLANE('',#2742);
#1656=FACE_OUTER_BOUND('',#2743,.T.);
#1657=PLANE('',#2744);
#1658=FACE_OUTER_BOUND('',#2745,.T.);
#1659=PLANE('',#2746);
#1660=FACE_OUTER_BOUND('',#2747,.T.);
#1661=PLANE('',#2748);
#1662=FACE_OUTER_BOUND('',#2749,.T.);
#1663=PLANE('',#2750);
#1664=FACE_OUTER_BOUND('',#2751,.T.);
#1665=PLANE('',#2752);
#1666=FACE_OUTER_BOUND('',#2753,.T.);
#1667=PLANE('',#2754);
#1668=FACE_OUTER_BOUND('',#2755,.T.);
#1669=PLANE('',#2756);
#1670=FACE_OUTER_BOUND('',#2757,.T.);
#1671=PLANE('',#2758);
#1672=FACE_OUTER_BOUND('',#2759,.T.);
#1673=PLANE('',#2760);
#1674=FACE_OUTER_BOUND('',#2761,.T.);
#1675=PLANE('',#2762);
#1676=FACE_OUTER_BOUND('',#2763,.T.);
#1677=PLANE('',#2764);
#1678=FACE_OUTER_BOUND('',#2765,.T.);
#1679=PLANE('',#2766);
#1680=FACE_OUTER_BOUND('',#2767,.T.);
#1681=PLANE('',#2768);
#1682=FACE_OUTER_BOUND('',#2769,.T.);
#1683=PLANE('',#2770);
#1684=FACE_OUTER_BOUND('',#2771,.T.);
#1685=PLANE('',#2772);
#1686=FACE_OUTER_BOUND('',#2773,.T.);
#1687=PLANE('',#2774);
#1688=FACE_OUTER_BOUND('',#2775,.T.);
#1689=PLANE('',#2776);
#1690=FACE_OUTER_BOUND('',#2777,.T.);
#1691=PLANE('',#2778);
#1692=FACE_OUTER_BOUND('',#2779,.T.);
#1693=PLANE('',#2780);
#1694=FACE_OUTER_BOUND('',#2781,.T.);
#1695=PLANE('',#2782);
#1696=FACE_OUTER_BOUND('',#2783,.T.);
#1697=PLANE('',#2784);
#1698=FACE_OUTER_BOUND('',#2785,.T.);
#1699=PLANE('',#2786);
#1700=FACE_OUTER_BOUND('',#2787,.T.);
#1701=PLANE('',#2788);
#1702=FACE_OUTER_BOUND('',#2789,.T.);
#1703=PLANE('',#2790);
#1704=FACE_OUTER_BOUND('',#2791,.T.);
#1705=PLANE('',#2792);
#1706=FACE_OUTER_BOUND('',#2793,.T.);
#1707=PLANE('',#2794);
#1708=FACE_OUTER_BOUND('',#2795,.T.);
#1709=PLANE('',#2796);
#1710=FACE_OUTER_BOUND('',#2797,.T.);
#1711=PLANE('',#2798);
#1712=FACE_OUTER_BOUND('',#2799,.T.);
#1713=PLANE('',#2800);
#1714=FACE_OUTER_BOUND('',#2801,.T.);
#1715=PLANE('',#2802);
#1716=FACE_OUTER_BOUND('',#2803,.T.);
#1717=PLANE('',#2804);
#1718=FACE_OUTER_BOUND('',#2805,.T.);
#1719=PLANE('',#2806);
#1720=FACE_OUTER_BOUND('',#2807,.T.);
#1721=PLANE('',#2808);
#1722=FACE_OUTER_BOUND('',#2809,.T.);
#1723=PLANE('',#2810);
#1724=FACE_OUTER_BOUND('',#2811,.T.);
#1725=PLANE('',#2812);
#1726=FACE_OUTER_BOUND('',#2813,.T.);
#1727=PLANE('',#2814);
#1728=FACE_OUTER_BOUND('',#2815,.T.);
#1729=PLANE('',#2816);
#1730=FACE_OUTER_BOUND('',#2817,.T.);
#1731=PLANE('',#2818);
#1732=FACE_OUTER_BOUND('',#2819,.T.);
#1733=PLANE('',#2820);
#1734=FACE_OUTER_BOUND('',#2821,.T.);
#1735=PLANE('',#2822);
#1736=FACE_OUTER_BOUND('',#2823,.T.);
#1737=PLANE('',#2824);
#1738=FACE_OUTER_BOUND('',#2825,.T.);
#1739=PLANE('',#2826);
#1740=FACE_OUTER_BOUND('',#2827,.T.);
#1741=PLANE('',#2828);
#1742=FACE_OUTER_BOUND('',#2829,.T.);
#1743=PLANE('',#2830);
#1744=FACE_OUTER_BOUND('',#2831,.T.);
#1745=PLANE('',#2832);
#1746=FACE_OUTER_BOUND('',#2833,.T.);
#1747=PLANE('',#2834);
#1748=FACE_OUTER_BOUND('',#2835,.T.);
#1749=PLANE('',#2836);
#1750=FACE_OUTER_BOUND('',#2837,.T.);
#1751=PLANE('',#2838);
#1752=FACE_OUTER_BOUND('',#2839,.T.);
#1753=PLANE('',#2840);
#1754=FACE_OUTER_BOUND('',#2841,.T.);
#1755=PLANE('',#2842);
#1756=FACE_OUTER_BOUND('',#2843,.T.);
#1757=PLANE('',#2844);
#1758=FACE_OUTER_BOUND('',#2845,.T.);
#1759=PLANE('',#2846);
#1760=FACE_OUTER_BOUND('',#2847,.T.);
#1761=PLANE('',#2848);
#1762=FACE_OUTER_BOUND('',#2849,.T.);
#1763=PLANE('',#2850);
#1764=FACE_OUTER_BOUND('',#2851,.T.);
#1765=PLANE('',#2852);
#1766=FACE_OUTER_BOUND('',#2853,.T.);
#1767=PLANE('',#2854);
#1768=FACE_OUTER_BOUND('',#2855,.T.);
#1769=PLANE('',#2856);
#1770=FACE_OUTER_BOUND('',#2857,.T.);
#1771=PLANE('',#2858);
#1772=FACE_OUTER_BOUND('',#2859,.T.);
#1773=PLANE('',#2860);
#1774=FACE_OUTER_BOUND('',#2861,.T.);
#1775=PLANE('',#2862);
#1776=FACE_OUTER_BOUND('',#2863,.T.);
#1777=PLANE('',#2864);
#1778=FACE_OUTER_BOUND('',#2865,.T.);
#1779=PLANE('',#2866);
#1780=FACE_OUTER_BOUND('',#2867,.T.);
#1781=PLANE('',#2868);
#1782=FACE_OUTER_BOUND('',#2869,.T.);
#1783=PLANE('',#2870);
#1784=FACE_OUTER_BOUND('',#2871,.T.);
#1785=PLANE('',#2872);
#1786=FACE_OUTER_BOUND('',#2873,.T.);
#1787=PLANE('',#2874);
#1788=FACE_OUTER_BOUND('',#2875,.T.);
#1789=PLANE('',#2876);
#1790=FACE_OUTER_BOUND('',#2877,.T.);
#1791=PLANE('',#2878);
#1792=FACE_OUTER_BOUND('',#2879,.T.);
#1793=PLANE('',#2880);
#1794=FACE_OUTER_BOUND('',#2881,.T.);
#1795=PLANE('',#2882);
#1796=FACE_OUTER_BOUND('',#2883,.T.);
#1797=PLANE('',#2884);
#1798=FACE_OUTER_BOUND('',#2885,.T.);
#1799=PLANE('',#2886);
#1800=FACE_OUTER_BOUND('',#2887,.T.);
#1801=PLANE('',#2888);
#1802=FACE_OUTER_BOUND('',#2889,.T.);
#1803=PLANE('',#2890);
#1804=FACE_OUTER_BOUND('',#2891,.T.);
#1805=PLANE('',#2892);
#1806=FACE_OUTER_BOUND('',#2893,.T.);
#1807=PLANE('',#2894);
#1808=FACE_OUTER_BOUND('',#2895,.T.);
#1809=PLANE('',#2896);
#1810=FACE_OUTER_BOUND('',#2897,.T.);
#1811=PLANE('',#2898);
#1812=TRIMMED_CURVE('',#2899,(PARAMETER_VALUE(0.0)),(PARAMETER_VALUE(1.0)),.T.,.UNSPECIFIED.);
#1813=TRIMMED_CURVE('',#2900,(PARAMETER_VALUE(0.0)),(PARAMETER_VALUE(1.0)),.T.,.UNSPECIFIED.);
#1814=TRIMMED_CURVE('',#2901,(PARAMETER_VALUE(0.0)),(PARAMETER_VALUE(1.0)),.T.,.UNSPECIFIED.);
#1815=TRIMMED_CURVE('',#2902,(PARAMETER_VALUE(0.0)),(PARAMETER_VALUE(1.0)),.T.,.UNSPECIFIED.);
#1816=TRIMMED_CURVE('',#2903,(PARAMETER_VALUE(0.0)),(PARAMETER_VALUE(1.0)),.T.,.UNSPECIFIED.);
#1817=TRIMMED_CURVE('',#2904,(PARAMETER_VALUE(0.0)),(PARAMETER_VALUE(1.0)),.T.,.UNSPECIFIED.);
#1818=TRIMMED_CURVE('',#2905,(PARAMETER_VALUE(0.0)),(PARAMETER_VALUE(1.0)),.T.,.UNSPECIFIED.);
#1819=TRIMMED_CURVE('',#2906,(PARAMETER_VALUE(0.0)),(PARAMETER_VALUE(1.0)),.T.,.UNSPECIFIED.);
#1820=TRIMMED_CURVE('',#2907,(PARAMETER_VALUE(0.0)),(PARAMETER_VALUE(1.0)),.T.,.UNSPECIFIED.);
#1821=TRIMMED_CURVE('',#2908,(PARAMETER_VALUE(0.0)),(PARAMETER_VALUE(1.0)),.T.,.UNSPECIFIED.);
#1822=TRIMMED_CURVE('',#2909,(PARAMETER_VALUE(0.0)),(PARAMETER_VALUE(1.0)),.T.,.UNSPECIFIED.);
#1823=TRIMMED_CURVE('',#2910,(PARAMETER_VALUE(0.0)),(PARAMETER_VALUE(1.0)),.T.,.UNSPECIFIED.);
#1824=TRIMMED_CURVE('',#2911,(PARAMETER_VALUE(0.0)),(PARAMETER_VALUE(1.0)),.T.,.UNSPECIFIED.);
#1825=TRIMMED_CURVE('',#2912,(PARAMETER_VALUE(0.0)),(PARAMETER_VALUE(1.0)),.T.,.UNSPECIFIED.);
#1826=TRIMMED_CURVE('',#2913,(PARAMETER_VALUE(0.0)),(PARAMETER_VALUE(1.0)),.T.,.UNSPECIFIED.);
#1827=TRIMMED_CURVE('',#2914,(PARAMETER_VALUE(0.0)),(PARAMETER_VALUE(1.0)),.T.,.UNSPECIFIED.);
#1828=TRIMMED_CURVE('',#2915,(PARAMETER_VALUE(0.0)),(PARAMETER_VALUE(1.0)),.T.,.UNSPECIFIED.);
#1829=TRIMMED_CURVE('',#2916,(PARAMETER_VALUE(0.0)),(PARAMETER_VALUE(1.0)),.T.,.UNSPECIFIED.);
#1830=TRIMMED_CURVE('',#2917,(PARAMETER_VALUE(0.0)),(PARAMETER_VALUE(1.0)),.T.,.UNSPECIFIED.);
#1831=TRIMMED_CURVE('',#2918,(PARAMETER_VALUE(0.0)),(PARAMETER_VALUE(1.0)),.T.,.UNSPECIFIED.);
#1832=TRIMMED_CURVE('',#2919,(PARAMETER_VALUE(0.0)),(PARAMETER_VALUE(1.0)),.T.,.UNSPECIFIED.);
#1833=TRIMMED_CURVE('',#2920,(PARAMETER_VALUE(0.0)),(PARAMETER_VALUE(1.0)),.T.,.UNSPECIFIED.);
#1834=TRIMMED_CURVE('',#2921,(PARAMETER_VALUE(0.0)),(PARAMETER_VALUE(1.0)),.T.,.UNSPECIFIED.);
#1835=TRIMMED_CURVE('',#2922,(PARAMETER_VALUE(0.0)),(PARAMETER_VALUE(1.0)),.T.,.UNSPECIFIED.);
#1836=TRIMMED_CURVE('',#2923,(PARAMETER_VALUE(0.0)),(PARAMETER_VALUE(1.0)),.T.,.UNSPECIFIED.);
#1837=TRIMMED_CURVE('',#2924,(PARAMETER_VALUE(0.0)),(PARAMETER_VALUE(1.0)),.T.,.UNSPECIFIED.);
#1838=TRIMMED_CURVE('',#2925,(PARAMETER_VALUE(0.0)),(PARAMETER_VALUE(1.0)),.T.,.UNSPECIFIED.);
#1839=TRIMMED_CURVE('',#2926,(PARAMETER_VALUE(0.0)),(PARAMETER_VALUE(1.0)),.T.,.UNSPECIFIED.);
#1840=TRIMMED_CURVE('',#2927,(PARAMETER_VALUE(0.0)),(PARAMETER_VALUE(1.0)),.T.,.UNSPECIFIED.);
#1841=TRIMMED_CURVE('',#2928,(PARAMETER_VALUE(0.0)),(PARAMETER_VALUE(1.0)),.T.,.UNSPECIFIED.);
#1842=TRIMMED_CURVE('',#2929,(PARAMETER_VALUE(0.0)),(PARAMETER_VALUE(1.0)),.T.,.UNSPECIFIED.);
#1843=TRIMMED_CURVE('',#2930,(PARAMETER_VALUE(0.0)),(PARAMETER_VALUE(1.0)),.T.,.UNSPECIFIED.);
#1844=TRIMMED_CURVE('',#2931,(PARAMETER_VALUE(0.0)),(PARAMETER_VALUE(1.0)),.T.,.UNSPECIFIED.);
#1845=TRIMMED_CURVE('',#2932,(PARAMETER_VALUE(0.0)),(PARAMETER_VALUE(1.0)),.T.,.UNSPECIFIED.);
#1846=TRIMMED_CURVE('',#2933,(PARAMETER_VALUE(0.0)),(PARAMETER_VALUE(1.0)),.T.,.UNSPECIFIED.);
#1847=TRIMMED_CURVE('',#2934,(PARAMETER_VALUE(0.0)),(PARAMETER_VALUE(1.0)),.T.,.UNSPECIFIED.);
#1848=TRIMMED_CURVE('',#2935,(PARAMETER_VALUE(0.0)),(PARAMETER_VALUE(1.0)),.T.,.UNSPECIFIED.);
#1849=TRIMMED_CURVE('',#2936,(PARAMETER_VALUE(0.0)),(PARAMETER_VALUE(1.0)),.T.,.UNSPECIFIED.);
#1850=TRIMMED_CURVE('',#2937,(PARAMETER_VALUE(0.0)),(PARAMETER_VALUE(1.0)),.T.,.UNSPECIFIED.);
#1851=TRIMMED_CURVE('',#2938,(PARAMETER_VALUE(0.0)),(PARAMETER_VALUE(1.0)),.T.,.UNSPECIFIED.);
#1852=TRIMMED_CURVE('',#2939,(PARAMETER_VALUE(0.0)),(PARAMETER_VALUE(1.0)),.T.,.UNSPECIFIED.);
#1853=TRIMMED_CURVE('',#2940,(PARAMETER_VALUE(0.0)),(PARAMETER_VALUE(1.0)),.T.,.UNSPECIFIED.);
#1854=TRIMMED_CURVE('',#2941,(PARAMETER_VALUE(0.0)),(PARAMETER_VALUE(1.0)),.T.,.UNSPECIFIED.);
#1855=TRIMMED_CURVE('',#2942,(PARAMETER_VALUE(0.0)),(PARAMETER_VALUE(1.0)),.T.,.UNSPECIFIED.);
#1856=TRIMMED_CURVE('',#2943,(PARAMETER_VALUE(0.0)),(PARAMETER_VALUE(1.0)),.T.,.UNSPECIFIED.);
#1857=TRIMMED_CURVE('',#2944,(PARAMETER_VALUE(0.0)),(PARAMETER_VALUE(1.0)),.T.,.UNSPECIFIED.);
#1858=TRIMMED_CURVE('',#2945,(PARAMETER_VALUE(0.0)),(PARAMETER_VALUE(1.0)),.T.,.UNSPECIFIED.);
#1859=TRIMMED_CURVE('',#2946,(PARAMETER_VALUE(0.0)),(PARAMETER_VALUE(1.0)),.T.,.UNSPECIFIED.);
#1860=TRIMMED_CURVE('',#2947,(PARAMETER_VALUE(0.0)),(PARAMETER_VALUE(1.0)),.T.,.UNSPECIFIED.);
#1861=TRIMMED_CURVE('',#2948,(PARAMETER_VALUE(0.0)),(PARAMETER_VALUE(1.0)),.T.,.UNSPECIFIED.);
#1862=TRIMMED_CURVE('',#2949,(PARAMETER_VALUE(0.0)),(PARAMETER_VALUE(1.0)),.T.,.UNSPECIFIED.);
#1863=TRIMMED_CURVE('',#2950,(PARAMETER_VALUE(0.0)),(PARAMETER_VALUE(1.0)),.T.,.UNSPECIFIED.);
#1864=TRIMMED_CURVE('',#2951,(PARAMETER_VALUE(0.0)),(PARAMETER_VALUE(1.0)),.T.,.UNSPECIFIED.);
#1865=TRIMMED_CURVE('',#2952,(PARAMETER_VALUE(0.0)),(PARAMETER_VALUE(1.0)),.T.,.UNSPECIFIED.);
#1866=TRIMMED_CURVE('',#2953,(PARAMETER_VALUE(0.0)),(PARAMETER_VALUE(1.0)),.T.,.UNSPECIFIED.);
#1867=TRIMMED_CURVE('',#2954,(PARAMETER_VALUE(0.0)),(PARAMETER_VALUE(1.0)),.T.,.UNSPECIFIED.);
#1868=TRIMMED_CURVE('',#2955,(PARAMETER_VALUE(0.0)),(PARAMETER_VALUE(1.0)),.T.,.UNSPECIFIED.);
#1869=TRIMMED_CURVE('',#2956,(PARAMETER_VALUE(0.0)),(PARAMETER_VALUE(1.0)),.T.,.UNSPECIFIED.);
#1870=TRIMMED_CURVE('',#2957,(PARAMETER_VALUE(0.0)),(PARAMETER_VALUE(1.0)),.T.,.UNSPECIFIED.);
#1871=TRIMMED_CURVE('',#2958,(PARAMETER_VALUE(0.0)),(PARAMETER_VALUE(1.0)),.T.,.UNSPECIFIED.);
#1872=TRIMMED_CURVE('',#2959,(PARAMETER_VALUE(0.0)),(PARAMETER_VALUE(1.0)),.T.,.UNSPECIFIED.);
#1873=TRIMMED_CURVE('',#2960,(PARAMETER_VALUE(0.0)),(PARAMETER_VALUE(1.0)),.T.,.UNSPECIFIED.);
#1874=TRIMMED_CURVE('',#2961,(PARAMETER_VALUE(0.0)),(PARAMETER_VALUE(1.0)),.T.,.UNSPECIFIED.);
#1875=TRIMMED_CURVE('',#2962,(PARAMETER_VALUE(0.0)),(PARAMETER_VALUE(1.0)),.T.,.UNSPECIFIED.);
#1876=TRIMMED_CURVE('',#2963,(PARAMETER_VALUE(0.0)),(PARAMETER_VALUE(1.0)),.T.,.UNSPECIFIED.);
#1877=TRIMMED_CURVE('',#2964,(PARAMETER_VALUE(0.0)),(PARAMETER_VALUE(1.0)),.T.,.UNSPECIFIED.);
#1878=TRIMMED_CURVE('',#2965,(PARAMETER_VALUE(0.0)),(PARAMETER_VALUE(1.0)),.T.,.UNSPECIFIED.);
#1879=TRIMMED_CURVE('',#2966,(PARAMETER_VALUE(0.0)),(PARAMETER_VALUE(1.0)),.T.,.UNSPECIFIED.);
#1880=TRIMMED_CURVE('',#2967,(PARAMETER_VALUE(0.0)),(PARAMETER_VALUE(1.0)),.T.,.UNSPECIFIED.);
#1881=TRIMMED_CURVE('',#2968,(PARAMETER_VALUE(0.0)),(PARAMETER_VALUE(1.0)),.T.,.UNSPECIFIED.);
#1882=TRIMMED_CURVE('',#2969,(PARAMETER_VALUE(0.0)),(PARAMETER_VALUE(1.0)),.T.,.UNSPECIFIED.);
#1883=TRIMMED_CURVE('',#2970,(PARAMETER_VALUE(0.0)),(PARAMETER_VALUE(1.0)),.T.,.UNSPECIFIED.);
#1884=TRIMMED_CURVE('',#2971,(PARAMETER_VALUE(0.0)),(PARAMETER_VALUE(1.0)),.T.,.UNSPECIFIED.);
#1885=TRIMMED_CURVE('',#2972,(PARAMETER_VALUE(0.0)),(PARAMETER_VALUE(1.0)),.T.,.UNSPECIFIED.);
#1886=TRIMMED_CURVE('',#2973,(PARAMETER_VALUE(0.0)),(PARAMETER_VALUE(1.0)),.T.,.UNSPECIFIED.);
#1887=TRIMMED_CURVE('',#2974,(PARAMETER_VALUE(0.0)),(PARAMETER_VALUE(1.0)),.T.,.UNSPECIFIED.);
#1888=TRIMMED_CURVE('',#2975,(PARAMETER_VALUE(0.0)),(PARAMETER_VALUE(1.0)),.T.,.UNSPECIFIED.);
#1889=TRIMMED_CURVE('',#2976,(PARAMETER_VALUE(0.0)),(PARAMETER_VALUE(1.0)),.T.,.UNSPECIFIED.);
#1890=TRIMMED_CURVE('',#2977,(PARAMETER_VALUE(0.0)),(PARAMETER_VALUE(1.0)),.T.,.UNSPECIFIED.);
#1891=TRIMMED_CURVE('',#2978,(PARAMETER_VALUE(0.0)),(PARAMETER_VALUE(1.0)),.T.,.UNSPECIFIED.);
#1892=TRIMMED_CURVE('',#2979,(PARAMETER_VALUE(0.0)),(PARAMETER_VALUE(1.0)),.T.,.UNSPECIFIED.);
#1893=TRIMMED_CURVE('',#2980,(PARAMETER_VALUE(0.0)),(PARAMETER_VALUE(1.0)),.T.,.UNSPECIFIED.);
#1894=TRIMMED_CURVE('',#2981,(PARAMETER_VALUE(0.0)),(PARAMETER_VALUE(1.0)),.T.,.UNSPECIFIED.);
#1895=TRIMMED_CURVE('',#2982,(PARAMETER_VALUE(0.0)),(PARAMETER_VALUE(1.0)),.T.,.UNSPECIFIED.);
#1896=TRIMMED_CURVE('',#2983,(PARAMETER_VALUE(0.0)),(PARAMETER_VALUE(1.0)),.T.,.UNSPECIFIED.);
#1897=TRIMMED_CURVE('',#2984,(PARAMETER_VALUE(0.0)),(PARAMETER_VALUE(1.0)),.T.,.UNSPECIFIED.);
#1898=TRIMMED_CURVE('',#2985,(PARAMETER_VALUE(0.0)),(PARAMETER_VALUE(1.0)),.T.,.UNSPECIFIED.);
#1899=TRIMMED_CURVE('',#2986,(PARAMETER_VALUE(0.0)),(PARAMETER_VALUE(1.0)),.T.,.UNSPECIFIED.);
#1900=TRIMMED_CURVE('',#2987,(PARAMETER_VALUE(0.0)),(PARAMETER_VALUE(1.0)),.T.,.UNSPECIFIED.);
#1901=TRIMMED_CURVE('',#2988,(PARAMETER_VALUE(0.0)),(PARAMETER_VALUE(1.0)),.T.,.UNSPECIFIED.);
#1902=TRIMMED_CURVE('',#2989,(PARAMETER_VALUE(0.0)),(PARAMETER_VALUE(1.0)),.T.,.UNSPECIFIED.);
#1903=TRIMMED_CURVE('',#2990,(PARAMETER_VALUE(0.0)),(PARAMETER_VALUE(1.0)),.T.,.UNSPECIFIED.);
#1904=TRIMMED_CURVE('',#2991,(PARAMETER_VALUE(0.0)),(PARAMETER_VALUE(1.0)),.T.,.UNSPECIFIED.);
#1905=TRIMMED_CURVE('',#2992,(PARAMETER_VALUE(0.0)),(PARAMETER_VALUE(1.0)),.T.,.UNSPECIFIED.);
#1906=TRIMMED_CURVE('',#2993,(PARAMETER_VALUE(0.0)),(PARAMETER_VALUE(1.0)),.T.,.UNSPECIFIED.);
#1907=TRIMMED_CURVE('',#2994,(PARAMETER_VALUE(0.0)),(PARAMETER_VALUE(1.0)),.T.,.UNSPECIFIED.);
#1908=TRIMMED_CURVE('',#2995,(PARAMETER_VALUE(0.0)),(PARAMETER_VALUE(1.0)),.T.,.UNSPECIFIED.);
#1909=TRIMMED_CURVE('',#2996,(PARAMETER_VALUE(0.0)),(PARAMETER_VALUE(1.0)),.T.,.UNSPECIFIED.);
#1910=TRIMMED_CURVE('',#2997,(PARAMETER_VALUE(0.0)),(PARAMETER_VALUE(1.0)),.T.,.UNSPECIFIED.);
#1911=TRIMMED_CURVE('',#2998,(PARAMETER_VALUE(0.0)),(PARAMETER_VALUE(1.0)),.T.,.UNSPECIFIED.);
#1912=TRIMMED_CURVE('',#2999,(PARAMETER_VALUE(0.0)),(PARAMETER_VALUE(1.0)),.T.,.UNSPECIFIED.);
#1913=TRIMMED_CURVE('',#3000,(PARAMETER_VALUE(0.0)),(PARAMETER_VALUE(1.0)),.T.,.UNSPECIFIED.);
#1914=TRIMMED_CURVE('',#3001,(PARAMETER_VALUE(0.0)),(PARAMETER_VALUE(1.0)),.T.,.UNSPECIFIED.);
#1915=TRIMMED_CURVE('',#3002,(PARAMETER_VALUE(0.0)),(PARAMETER_VALUE(1.0)),.T.,.UNSPECIFIED.);
#1916=TRIMMED_CURVE('',#3003,(PARAMETER_VALUE(0.0)),(PARAMETER_VALUE(1.0)),.T.,.UNSPECIFIED.);
#1917=TRIMMED_CURVE('',#3004,(PARAMETER_VALUE(0.0)),(PARAMETER_VALUE(1.0)),.T.,.UNSPECIFIED.);
#1918=TRIMMED_CURVE('',#3005,(PARAMETER_VALUE(0.0)),(PARAMETER_VALUE(1.0)),.T.,.UNSPECIFIED.);
#1919=TRIMMED_CURVE('',#3006,(PARAMETER_VALUE(0.0)),(PARAMETER_VALUE(1.0)),.T.,.UNSPECIFIED.);
#1920=TRIMMED_CURVE('',#3007,(PARAMETER_VALUE(0.0)),(PARAMETER_VALUE(1.0)),.T.,.UNSPECIFIED.);
#1921=TRIMMED_CURVE('',#3008,(PARAMETER_VALUE(0.0)),(PARAMETER_VALUE(1.0)),.T.,.UNSPECIFIED.);
#1922=TRIMMED_CURVE('',#3009,(PARAMETER_VALUE(0.0)),(PARAMETER_VALUE(1.0)),.T.,.UNSPECIFIED.);
#1923=TRIMMED_CURVE('',#3010,(PARAMETER_VALUE(0.0)),(PARAMETER_VALUE(1.0)),.T.,.UNSPECIFIED.);
#1924=TRIMMED_CURVE('',#3011,(PARAMETER_VALUE(0.0)),(PARAMETER_VALUE(1.0)),.T.,.UNSPECIFIED.);
#1925=TRIMMED_CURVE('',#3012,(PARAMETER_VALUE(0.0)),(PARAMETER_VALUE(1.0)),.T.,.UNSPECIFIED.);
#1926=TRIMMED_CURVE('',#3013,(PARAMETER_VALUE(0.0)),(PARAMETER_VALUE(1.0)),.T.,.UNSPECIFIED.);
#1927=TRIMMED_CURVE('',#3014,(PARAMETER_VALUE(0.0)),(PARAMETER_VALUE(1.0)),.T.,.UNSPECIFIED.);
#1928=TRIMMED_CURVE('',#3015,(PARAMETER_VALUE(0.0)),(PARAMETER_VALUE(1.0)),.T.,.UNSPECIFIED.);
#1929=TRIMMED_CURVE('',#3016,(PARAMETER_VALUE(0.0)),(PARAMETER_VALUE(1.0)),.T.,.UNSPECIFIED.);
#1930=TRIMMED_CURVE('',#3017,(PARAMETER_VALUE(0.0)),(PARAMETER_VALUE(1.0)),.T.,.UNSPECIFIED.);
#1931=TRIMMED_CURVE('',#3018,(PARAMETER_VALUE(0.0)),(PARAMETER_VALUE(1.0)),.T.,.UNSPECIFIED.);
#1932=TRIMMED_CURVE('',#3019,(PARAMETER_VALUE(0.0)),(PARAMETER_VALUE(1.0)),.T.,.UNSPECIFIED.);
#1933=TRIMMED_CURVE('',#3020,(PARAMETER_VALUE(0.0)),(PARAMETER_VALUE(1.0)),.T.,.UNSPECIFIED.);
#1934=TRIMMED_CURVE('',#3021,(PARAMETER_VALUE(0.0)),(PARAMETER_VALUE(1.0)),.T.,.UNSPECIFIED.);
#1935=TRIMMED_CURVE('',#3022,(PARAMETER_VALUE(0.0)),(PARAMETER_VALUE(1.0)),.T.,.UNSPECIFIED.);
#1936=TRIMMED_CURVE('',#3023,(PARAMETER_VALUE(0.0)),(PARAMETER_VALUE(1.0)),.T.,.UNSPECIFIED.);
#1937=TRIMMED_CURVE('',#3024,(PARAMETER_VALUE(0.0)),(PARAMETER_VALUE(1.0)),.T.,.UNSPECIFIED.);
#1938=TRIMMED_CURVE('',#3025,(PARAMETER_VALUE(0.0)),(PARAMETER_VALUE(1.0)),.T.,.UNSPECIFIED.);
#1939=TRIMMED_CURVE('',#3026,(PARAMETER_VALUE(0.0)),(PARAMETER_VALUE(1.0)),.T.,.UNSPECIFIED.);
#1940=TRIMMED_CURVE('',#3027,(PARAMETER_VALUE(0.0)),(PARAMETER_VALUE(1.0)),.T.,.UNSPECIFIED.);
#1941=TRIMMED_CURVE('',#3028,(PARAMETER_VALUE(0.0)),(PARAMETER_VALUE(1.0)),.T.,.UNSPECIFIED.);
#1942=TRIMMED_CURVE('',#3029,(PARAMETER_VALUE(0.0)),(PARAMETER_VALUE(1.0)),.T.,.UNSPECIFIED.);
#1943=TRIMMED_CURVE('',#3030,(PARAMETER_VALUE(0.0)),(PARAMETER_VALUE(1.0)),.T.,.UNSPECIFIED.);
#1944=TRIMMED_CURVE('',#3031,(PARAMETER_VALUE(0.0)),(PARAMETER_VALUE(1.0)),.T.,.UNSPECIFIED.);
#1945=TRIMMED_CURVE('',#3032,(PARAMETER_VALUE(0.0)),(PARAMETER_VALUE(1.0)),.T.,.UNSPECIFIED.);
#1946=TRIMMED_CURVE('',#3033,(PARAMETER_VALUE(0.0)),(PARAMETER_VALUE(1.0)),.T.,.UNSPECIFIED.);
#1947=TRIMMED_CURVE('',#3034,(PARAMETER_VALUE(0.0)),(PARAMETER_VALUE(1.0)),.T.,.UNSPECIFIED.);
#1948=TRIMMED_CURVE('',#3035,(PARAMETER_VALUE(0.0)),(PARAMETER_VALUE(1.0)),.T.,.UNSPECIFIED.);
#1949=TRIMMED_CURVE('',#3036,(PARAMETER_VALUE(0.0)),(PARAMETER_VALUE(1.0)),.T.,.UNSPECIFIED.);
#1950=TRIMMED_CURVE('',#3037,(PARAMETER_VALUE(0.0)),(PARAMETER_VALUE(1.0)),.T.,.UNSPECIFIED.);
#1951=TRIMMED_CURVE('',#3038,(PARAMETER_VALUE(0.0)),(PARAMETER_VALUE(1.0)),.T.,.UNSPECIFIED.);
#1952=TRIMMED_CURVE('',#3039,(PARAMETER_VALUE(0.0)),(PARAMETER_VALUE(1.0)),.T.,.UNSPECIFIED.);
#1953=TRIMMED_CURVE('',#3040,(PARAMETER_VALUE(0.0)),(PARAMETER_VALUE(1.0)),.T.,.UNSPECIFIED.);
#1954=TRIMMED_CURVE('',#3041,(PARAMETER_VALUE(0.0)),(PARAMETER_VALUE(1.0)),.T.,.UNSPECIFIED.);
#1955=TRIMMED_CURVE('',#3042,(PARAMETER_VALUE(0.0)),(PARAMETER_VALUE(1.0)),.T.,.UNSPECIFIED.);
#1956=TRIMMED_CURVE('',#3043,(PARAMETER_VALUE(0.0)),(PARAMETER_VALUE(1.0)),.T.,.UNSPECIFIED.);
#1957=TRIMMED_CURVE('',#3044,(PARAMETER_VALUE(0.0)),(PARAMETER_VALUE(1.0)),.T.,.UNSPECIFIED.);
#1958=TRIMMED_CURVE('',#3045,(PARAMETER_VALUE(0.0)),(PARAMETER_VALUE(1.0)),.T.,.UNSPECIFIED.);
#1959=TRIMMED_CURVE('',#3046,(PARAMETER_VALUE(0.0)),(PARAMETER_VALUE(1.0)),.T.,.UNSPECIFIED.);
#1960=TRIMMED_CURVE('',#3047,(PARAMETER_VALUE(0.0)),(PARAMETER_VALUE(1.0)),.T.,.UNSPECIFIED.);
#1961=TRIMMED_CURVE('',#3048,(PARAMETER_VALUE(0.0)),(PARAMETER_VALUE(1.0)),.T.,.UNSPECIFIED.);
#1962=TRIMMED_CURVE('',#3049,(PARAMETER_VALUE(0.0)),(PARAMETER_VALUE(1.0)),.T.,.UNSPECIFIED.);
#1963=TRIMMED_CURVE('',#3050,(PARAMETER_VALUE(0.0)),(PARAMETER_VALUE(1.0)),.T.,.UNSPECIFIED.);
#1964=TRIMMED_CURVE('',#3051,(PARAMETER_VALUE(0.0)),(PARAMETER_VALUE(1.0)),.T.,.UNSPECIFIED.);
#1965=TRIMMED_CURVE('',#3052,(PARAMETER_VALUE(0.0)),(PARAMETER_VALUE(1.0)),.T.,.UNSPECIFIED.);
#1966=TRIMMED_CURVE('',#3053,(PARAMETER_VALUE(0.0)),(PARAMETER_VALUE(1.0)),.T.,.UNSPECIFIED.);
#1967=TRIMMED_CURVE('',#3054,(PARAMETER_VALUE(0.0)),(PARAMETER_VALUE(1.0)),.T.,.UNSPECIFIED.);
#1968=TRIMMED_CURVE('',#3055,(PARAMETER_VALUE(0.0)),(PARAMETER_VALUE(1.0)),.T.,.UNSPECIFIED.);
#1969=TRIMMED_CURVE('',#3056,(PARAMETER_VALUE(0.0)),(PARAMETER_VALUE(1.0)),.T.,.UNSPECIFIED.);
#1970=TRIMMED_CURVE('',#3057,(PARAMETER_VALUE(0.0)),(PARAMETER_VALUE(1.0)),.T.,.UNSPECIFIED.);
#1971=TRIMMED_CURVE('',#3058,(PARAMETER_VALUE(0.0)),(PARAMETER_VALUE(1.0)),.T.,.UNSPECIFIED.);
#1972=TRIMMED_CURVE('',#3059,(PARAMETER_VALUE(0.0)),(PARAMETER_VALUE(1.0)),.T.,.UNSPECIFIED.);
#1973=TRIMMED_CURVE('',#3060,(PARAMETER_VALUE(0.0)),(PARAMETER_VALUE(1.0)),.T.,.UNSPECIFIED.);
#1974=TRIMMED_CURVE('',#3061,(PARAMETER_VALUE(0.0)),(PARAMETER_VALUE(1.0)),.T.,.UNSPECIFIED.);
#1975=TRIMMED_CURVE('',#3062,(PARAMETER_VALUE(0.0)),(PARAMETER_VALUE(1.0)),.T.,.UNSPECIFIED.);
#1976=TRIMMED_CURVE('',#3063,(PARAMETER_VALUE(0.0)),(PARAMETER_VALUE(1.0)),.T.,.UNSPECIFIED.);
#1977=TRIMMED_CURVE('',#3064,(PARAMETER_VALUE(0.0)),(PARAMETER_VALUE(1.0)),.T.,.UNSPECIFIED.);
#1978=TRIMMED_CURVE('',#3065,(PARAMETER_VALUE(0.0)),(PARAMETER_VALUE(1.0)),.T.,.UNSPECIFIED.);
#1979=TRIMMED_CURVE('',#3066,(PARAMETER_VALUE(0.0)),(PARAMETER_VALUE(1.0)),.T.,.UNSPECIFIED.);
#1980=TRIMMED_CURVE('',#3067,(PARAMETER_VALUE(0.0)),(PARAMETER_VALUE(1.0)),.T.,.UNSPECIFIED.);
#1981=TRIMMED_CURVE('',#3068,(PARAMETER_VALUE(0.0)),(PARAMETER_VALUE(1.0)),.T.,.UNSPECIFIED.);
#1982=TRIMMED_CURVE('',#3069,(PARAMETER_VALUE(0.0)),(PARAMETER_VALUE(1.0)),.T.,.UNSPECIFIED.);
#1983=TRIMMED_CURVE('',#3070,(PARAMETER_VALUE(0.0)),(PARAMETER_VALUE(1.0)),.T.,.UNSPECIFIED.);
#1984=TRIMMED_CURVE('',#3071,(PARAMETER_VALUE(0.0)),(PARAMETER_VALUE(1.0)),.T.,.UNSPECIFIED.);
#1985=TRIMMED_CURVE('',#3072,(PARAMETER_VALUE(0.0)),(PARAMETER_VALUE(1.0)),.T.,.UNSPECIFIED.);
#1986=TRIMMED_CURVE('',#3073,(PARAMETER_VALUE(0.0)),(PARAMETER_VALUE(1.0)),.T.,.UNSPECIFIED.);
#1987=TRIMMED_CURVE('',#3074,(PARAMETER_VALUE(0.0)),(PARAMETER_VALUE(1.0)),.T.,.UNSPECIFIED.);
#1988=TRIMMED_CURVE('',#3075,(PARAMETER_VALUE(0.0)),(PARAMETER_VALUE(1.0)),.T.,.UNSPECIFIED.);
#1989=TRIMMED_CURVE('',#3076,(PARAMETER_VALUE(0.0)),(PARAMETER_VALUE(1.0)),.T.,.UNSPECIFIED.);
#1990=TRIMMED_CURVE('',#3077,(PARAMETER_VALUE(0.0)),(PARAMETER_VALUE(1.0)),.T.,.UNSPECIFIED.);
#1991=TRIMMED_CURVE('',#3078,(PARAMETER_VALUE(0.0)),(PARAMETER_VALUE(1.0)),.T.,.UNSPECIFIED.);
#1992=TRIMMED_CURVE('',#3079,(PARAMETER_VALUE(0.0)),(PARAMETER_VALUE(1.0)),.T.,.UNSPECIFIED.);
#1993=TRIMMED_CURVE('',#3080,(PARAMETER_VALUE(0.0)),(PARAMETER_VALUE(1.0)),.T.,.UNSPECIFIED.);
#1994=TRIMMED_CURVE('',#3081,(PARAMETER_VALUE(0.0)),(PARAMETER_VALUE(1.0)),.T.,.UNSPECIFIED.);
#1995=TRIMMED_CURVE('',#3082,(PARAMETER_VALUE(0.0)),(PARAMETER_VALUE(1.0)),.T.,.UNSPECIFIED.);
#1996=TRIMMED_CURVE('',#3083,(PARAMETER_VALUE(0.0)),(PARAMETER_VALUE(1.0)),.T.,.UNSPECIFIED.);
#1997=TRIMMED_CURVE('',#3084,(PARAMETER_VALUE(0.0)),(PARAMETER_VALUE(1.0)),.T.,.UNSPECIFIED.);
#1998=TRIMMED_CURVE('',#3085,(PARAMETER_VALUE(0.0)),(PARAMETER_VALUE(1.0)),.T.,.UNSPECIFIED.);
#1999=TRIMMED_CURVE('',#3086,(PARAMETER_VALUE(0.0)),(PARAMETER_VALUE(1.0)),.T.,.UNSPECIFIED.);
#2000=TRIMMED_CURVE('',#3087,(PARAMETER_VALUE(0.0)),(PARAMETER_VALUE(1.0)),.T.,.UNSPECIFIED.);
#2001=TRIMMED_CURVE('',#3088,(PARAMETER_VALUE(0.0)),(PARAMETER_VALUE(1.0)),.T.,.UNSPECIFIED.);
#2002=TRIMMED_CURVE('',#3089,(PARAMETER_VALUE(0.0)),(PARAMETER_VALUE(1.0)),.T.,.UNSPECIFIED.);
#2003=TRIMMED_CURVE('',#3090,(PARAMETER_VALUE(0.0)),(PARAMETER_VALUE(1.0)),.T.,.UNSPECIFIED.);
#2004=TRIMMED_CURVE('',#3091,(PARAMETER_VALUE(0.0)),(PARAMETER_VALUE(1.0)),.T.,.UNSPECIFIED.);
#2005=TRIMMED_CURVE('',#3092,(PARAMETER_VALUE(0.0)),(PARAMETER_VALUE(1.0)),.T.,.UNSPECIFIED.);
#2006=TRIMMED_CURVE('',#3093,(PARAMETER_VALUE(0.0)),(PARAMETER_VALUE(1.0)),.T.,.UNSPECIFIED.);
#2007=TRIMMED_CURVE('',#3094,(PARAMETER_VALUE(0.0)),(PARAMETER_VALUE(1.0)),.T.,.UNSPECIFIED.);
#2008=TRIMMED_CURVE('',#3095,(PARAMETER_VALUE(0.0)),(PARAMETER_VALUE(1.0)),.T.,.UNSPECIFIED.);
#2009=TRIMMED_CURVE('',#3096,(PARAMETER_VALUE(0.0)),(PARAMETER_VALUE(1.0)),.T.,.UNSPECIFIED.);
#2010=TRIMMED_CURVE('',#3097,(PARAMETER_VALUE(0.0)),(PARAMETER_VALUE(1.0)),.T.,.UNSPECIFIED.);
#2011=TRIMMED_CURVE('',#3098,(PARAMETER_VALUE(0.0)),(PARAMETER_VALUE(1.0)),.T.,.UNSPECIFIED.);
#2012=TRIMMED_CURVE('',#3099,(PARAMETER_VALUE(0.0)),(PARAMETER_VALUE(1.0)),.T.,.UNSPECIFIED.);
#2013=TRIMMED_CURVE('',#3100,(PARAMETER_VALUE(0.0)),(PARAMETER_VALUE(1.0)),.T.,.UNSPECIFIED.);
#2014=TRIMMED_CURVE('',#3101,(PARAMETER_VALUE(0.0)),(PARAMETER_VALUE(1.0)),.T.,.UNSPECIFIED.);
#2015=TRIMMED_CURVE('',#3102,(PARAMETER_VALUE(0.0)),(PARAMETER_VALUE(1.0)),.T.,.UNSPECIFIED.);
#2016=TRIMMED_CURVE('',#3103,(PARAMETER_VALUE(0.0)),(PARAMETER_VALUE(1.0)),.T.,.UNSPECIFIED.);
#2017=TRIMMED_CURVE('',#3104,(PARAMETER_VALUE(0.0)),(PARAMETER_VALUE(1.0)),.T.,.UNSPECIFIED.);
#2018=TRIMMED_CURVE('',#3105,(PARAMETER_VALUE(0.0)),(PARAMETER_VALUE(1.0)),.T.,.UNSPECIFIED.);
#2019=TRIMMED_CURVE('',#3106,(PARAMETER_VALUE(0.0)),(PARAMETER_VALUE(1.0)),.T.,.UNSPECIFIED.);
#2020=TRIMMED_CURVE('',#3107,(PARAMETER_VALUE(0.0)),(PARAMETER_VALUE(1.0)),.T.,.UNSPECIFIED.);
#2021=TRIMMED_CURVE('',#3108,(PARAMETER_VALUE(0.0)),(PARAMETER_VALUE(1.0)),.T.,.UNSPECIFIED.);
#2022=TRIMMED_CURVE('',#3109,(PARAMETER_VALUE(0.0)),(PARAMETER_VALUE(1.0)),.T.,.UNSPECIFIED.);
#2023=TRIMMED_CURVE('',#3110,(PARAMETER_VALUE(0.0)),(PARAMETER_VALUE(1.0)),.T.,.UNSPECIFIED.);
#2024=TRIMMED_CURVE('',#3111,(PARAMETER_VALUE(0.0)),(PARAMETER_VALUE(1.0)),.T.,.UNSPECIFIED.);
#2025=TRIMMED_CURVE('',#3112,(PARAMETER_VALUE(0.0)),(PARAMETER_VALUE(1.0)),.T.,.UNSPECIFIED.);
#2026=TRIMMED_CURVE('',#3113,(PARAMETER_VALUE(0.0)),(PARAMETER_VALUE(1.0)),.T.,.UNSPECIFIED.);
#2027=TRIMMED_CURVE('',#3114,(PARAMETER_VALUE(0.0)),(PARAMETER_VALUE(1.0)),.T.,.UNSPECIFIED.);
#2028=TRIMMED_CURVE('',#3115,(PARAMETER_VALUE(0.0)),(PARAMETER_VALUE(1.0)),.T.,.UNSPECIFIED.);
#2029=TRIMMED_CURVE('',#3116,(PARAMETER_VALUE(0.0)),(PARAMETER_VALUE(1.0)),.T.,.UNSPECIFIED.);
#2030=TRIMMED_CURVE('',#3117,(PARAMETER_VALUE(0.0)),(PARAMETER_VALUE(1.0)),.T.,.UNSPECIFIED.);
#2031=TRIMMED_CURVE('',#3118,(PARAMETER_VALUE(0.0)),(PARAMETER_VALUE(1.0)),.T.,.UNSPECIFIED.);
#2032=TRIMMED_CURVE('',#3119,(PARAMETER_VALUE(0.0)),(PARAMETER_VALUE(1.0)),.T.,.UNSPECIFIED.);
#2033=TRIMMED_CURVE('',#3120,(PARAMETER_VALUE(0.0)),(PARAMETER_VALUE(1.0)),.T.,.UNSPECIFIED.);
#2034=TRIMMED_CURVE('',#3121,(PARAMETER_VALUE(0.0)),(PARAMETER_VALUE(1.0)),.T.,.UNSPECIFIED.);
#2035=TRIMMED_CURVE('',#3122,(PARAMETER_VALUE(0.0)),(PARAMETER_VALUE(1.0)),.T.,.UNSPECIFIED.);
#2036=TRIMMED_CURVE('',#3123,(PARAMETER_VALUE(0.0)),(PARAMETER_VALUE(1.0)),.T.,.UNSPECIFIED.);
#2037=TRIMMED_CURVE('',#3124,(PARAMETER_VALUE(0.0)),(PARAMETER_VALUE(1.0)),.T.,.UNSPECIFIED.);
#2038=TRIMMED_CURVE('',#3125,(PARAMETER_VALUE(0.0)),(PARAMETER_VALUE(1.0)),.T.,.UNSPECIFIED.);
#2039=TRIMMED_CURVE('',#3126,(PARAMETER_VALUE(0.0)),(PARAMETER_VALUE(1.0)),.T.,.UNSPECIFIED.);
#2040=TRIMMED_CURVE('',#3127,(PARAMETER_VALUE(0.0)),(PARAMETER_VALUE(1.0)),.T.,.UNSPECIFIED.);
#2041=TRIMMED_CURVE('',#3128,(PARAMETER_VALUE(0.0)),(PARAMETER_VALUE(1.0)),.T.,.UNSPECIFIED.);
#2042=TRIMMED_CURVE('',#3129,(PARAMETER_VALUE(0.0)),(PARAMETER_VALUE(1.0)),.T.,.UNSPECIFIED.);
#2043=TRIMMED_CURVE('',#3130,(PARAMETER_VALUE(0.0)),(PARAMETER_VALUE(1.0)),.T.,.UNSPECIFIED.);
#2044=TRIMMED_CURVE('',#3131,(PARAMETER_VALUE(0.0)),(PARAMETER_VALUE(1.0)),.T.,.UNSPECIFIED.);
#2045=TRIMMED_CURVE('',#3132,(PARAMETER_VALUE(0.0)),(PARAMETER_VALUE(1.0)),.T.,.UNSPECIFIED.);
#2046=TRIMMED_CURVE('',#3133,(PARAMETER_VALUE(0.0)),(PARAMETER_VALUE(1.0)),.T.,.UNSPECIFIED.);
#2047=TRIMMED_CURVE('',#3134,(PARAMETER_VALUE(0.0)),(PARAMETER_VALUE(1.0)),.T.,.UNSPECIFIED.);
#2048=TRIMMED_CURVE('',#3135,(PARAMETER_VALUE(0.0)),(PARAMETER_VALUE(1.0)),.T.,.UNSPECIFIED.);
#2049=TRIMMED_CURVE('',#3136,(PARAMETER_VALUE(0.0)),(PARAMETER_VALUE(1.0)),.T.,.UNSPECIFIED.);
#2050=TRIMMED_CURVE('',#3137,(PARAMETER_VALUE(0.0)),(PARAMETER_VALUE(1.0)),.T.,.UNSPECIFIED.);
#2051=TRIMMED_CURVE('',#3138,(PARAMETER_VALUE(0.0)),(PARAMETER_VALUE(1.0)),.T.,.UNSPECIFIED.);
#2052=TRIMMED_CURVE('',#3139,(PARAMETER_VALUE(0.0)),(PARAMETER_VALUE(1.0)),.T.,.UNSPECIFIED.);
#2053=TRIMMED_CURVE('',#3140,(PARAMETER_VALUE(0.0)),(PARAMETER_VALUE(1.0)),.T.,.UNSPECIFIED.);
#2054=TRIMMED_CURVE('',#3141,(PARAMETER_VALUE(0.0)),(PARAMETER_VALUE(1.0)),.T.,.UNSPECIFIED.);
#2055=TRIMMED_CURVE('',#3142,(PARAMETER_VALUE(0.0)),(PARAMETER_VALUE(1.0)),.T.,.UNSPECIFIED.);
#2056=TRIMMED_CURVE('',#3143,(PARAMETER_VALUE(0.0)),(PARAMETER_VALUE(1.0)),.T.,.UNSPECIFIED.);
#2057=TRIMMED_CURVE('',#3144,(PARAMETER_VALUE(0.0)),(PARAMETER_VALUE(1.0)),.T.,.UNSPECIFIED.);
#2058=TRIMMED_CURVE('',#3145,(PARAMETER_VALUE(0.0)),(PARAMETER_VALUE(1.0)),.T.,.UNSPECIFIED.);
#2059=TRIMMED_CURVE('',#3146,(PARAMETER_VALUE(0.0)),(PARAMETER_VALUE(1.0)),.T.,.UNSPECIFIED.);
#2060=TRIMMED_CURVE('',#3147,(PARAMETER_VALUE(0.0)),(PARAMETER_VALUE(1.0)),.T.,.UNSPECIFIED.);
#2061=TRIMMED_CURVE('',#3148,(PARAMETER_VALUE(0.0)),(PARAMETER_VALUE(1.0)),.T.,.UNSPECIFIED.);
#2062=TRIMMED_CURVE('',#3149,(PARAMETER_VALUE(0.0)),(PARAMETER_VALUE(1.0)),.T.,.UNSPECIFIED.);
#2063=TRIMMED_CURVE('',#3150,(PARAMETER_VALUE(0.0)),(PARAMETER_VALUE(1.0)),.T.,.UNSPECIFIED.);
#2064=TRIMMED_CURVE('',#3151,(PARAMETER_VALUE(0.0)),(PARAMETER_VALUE(1.0)),.T.,.UNSPECIFIED.);
#2065=TRIMMED_CURVE('',#3152,(PARAMETER_VALUE(0.0)),(PARAMETER_VALUE(1.0)),.T.,.UNSPECIFIED.);
#2066=TRIMMED_CURVE('',#3153,(PARAMETER_VALUE(0.0)),(PARAMETER_VALUE(1.0)),.T.,.UNSPECIFIED.);
#2067=TRIMMED_CURVE('',#3154,(PARAMETER_VALUE(0.0)),(PARAMETER_VALUE(1.0)),.T.,.UNSPECIFIED.);
#2068=EDGE_LOOP('',(#3155,#3156,#3157,#3158,#3159,#3160,#3161,#3162,#3163,#3164,#3165,#3166,#3167,#3168,#3169,#3170,#3171,#3172,#3173,#3174,#3175,#3176,#3177,#3178,#3179,#3180,#3181,#3182,#3183,#3184,#3185,#3186,#3187,#3188,#3189,#3190,#3191,#3192,#3193,#3194,#3195,#3196,#3197,#3198,#3199,#3200,#3201,#3202,#3203,#3204,#3205,#3206,#3207,#3208,#3209,#3210,#3211,#3212,#3213,#3214,#3215,#3216,#3217,#3218,#3219,#3220,#3221,#3222,#3223,#3224,#3225,#3226,#3227,#3228,#3229,#3230,#3231,#3232,#3233,#3234,#3235,#3236,#3237,#3238,#3239,#3240,#3241,#3242,#3243,#3244,#3245,#3246,#3247,#3248,#3249,#3250,#3251,#3252,#3253,#3254,#3255,#3256,#3257,#3258,#3259,#3260,#3261,#3262,#3263,#3264,#3265,#3266,#3267,#3268,#3269,#3270,#3271,#3272,#3273,#3274,#3275,#3276,#3277,#3278));
#2069=AXIS2_PLACEMENT_3D('',#3279,#3280,#3281);
#2070=EDGE_LOOP('',(#3282,#3283,#3284,#3285,#3286,#3287,#3288,#3289,#3290,#3291,#3292,#3293,#3294,#3295,#3296,#3297,#3298,#3299,#3300,#3301,#3302,#3303,#3304,#3305,#3306,#3307,#3308,#3309,#3310,#3311,#3312,#3313,#3314,#3315,#3316,#3317,#3318,#3319,#3320,#3321,#3322,#3323,#3324,#3325,#3326,#3327,#3328,#3329,#3330,#3331,#3332,#3333,#3334,#3335,#3336,#3337,#3338,#3339,#3340,#3341,#3342,#3343,#3344,#3345,#3346,#3347,#3348,#3349,#3350,#3351,#3352,#3353,#3354,#3355,#3356,#3357,#3358,#3359,#3360,#3361,#3362,#3363,#3364,#3365,#3366,#3367,#3368,#3369,#3370,#3371,#3372,#3373,#3374,#3375,#3376,#3377,#3378,#3379,#3380,#3381,#3382,#3383,#3384,#3385,#3386,#3387,#3388,#3389,#3390,#3391,#3392,#3393,#3394,#3395,#3396,#3397,#3398,#3399,#3400,#3401,#3402,#3403,#3404,#3405));
#2071=AXIS2_PLACEMENT_3D('',#3406,#3407,#3408);
#2072=EDGE_LOOP('',(#3409,#3410,#3411,#3412));
#2073=AXIS2_PLACEMENT_3D('',#3413,#3414,#3415);
#2074=EDGE_LOOP('',(#3416,#3417,#3418,#3419));
#2075=AXIS2_PLACEMENT_3D('',#3420,#3421,#3422);
#2076=EDGE_LOOP('',(#3423,#3424,#3425,#3426,#3427,#3428,#3429,#3430,#3431,#3432,#3433,#3434,#3435,#3436,#3437,#3438,#3439,#3440,#3441,#3442,#3443,#3444,#3445,#3446,#3447,#3448,#3449,#3450,#3451,#3452,#3453,#3454,#3455,#3456,#3457,#3458,#3459,#3460,#3461,#3462,#3463,#3464,#3465,#3466,#3467,#3468,#3469,#3470,#3471,#3472,#3473,#3474,#3475,#3476,#3477,#3478,#3479,#3480,#3481,#3482,#3483,#3484,#3485,#3486,#3487,#3488,#3489,#3490,#3491,#3492,#3493,#3494,#3495,#3496,#3497,#3498,#3499,#3500,#3501,#3502,#3503,#3504,#3505,#3506,#3507,#3508,#3509,#3510,#3511,#3512,#3513,#3514,#3515,#3516,#3517,#3518,#3519,#3520,#3521,#3522,#3523,#3524,#3525,#3526,#3527,#3528,#3529,#3530,#3531,#3532,#3533,#3534,#3535,#3536,#3537,#3538,#3539,#3540,#3541,#3542,#3543,#3544,#3545,#3546));
#2077=AXIS2_PLACEMENT_3D('',#3547,#3548,#3549);
#2078=EDGE_LOOP('',(#3550,#3551,#3552,#3553,#3554,#3555,#3556,#3557));
#2079=AXIS2_PLACEMENT_3D('',#3558,#3559,#3560);
#2080=EDGE_LOOP('',(#3561,#3562,#3563,#3564,#3565,#3566,#3567,#3568));
#2081=AXIS2_PLACEMENT_3D('',#3569,#3570,#3571);
#2082=EDGE_LOOP('',(#3572,#3573,#3574,#3575,#3576,#3577,#3578,#3579));
#2083=AXIS2_PLACEMENT_3D('',#3580,#3581,#3582);
#2084=EDGE_LOOP('',(#3583,#3584,#3585,#3586,#3587,#3588,#3589,#3590));
#2085=AXIS2_PLACEMENT_3D('',#3591,#3592,#3593);
#2086=EDGE_LOOP('',(#3594,#3595,#3596,#3597));
#2087=AXIS2_PLACEMENT_3D('',#3598,#3599,#3600);
#2088=EDGE_LOOP('',(#3601,#3602,#3603,#3604,#3605,#3606,#3607));
#2089=AXIS2_PLACEMENT_3D('',#3608,#3609,#3610);
#2090=EDGE_LOOP('',(#3611,#3612,#3613,#3614,#3615,#3616,#3617));
#2091=AXIS2_PLACEMENT_3D('',#3618,#3619,#3620);
#2092=EDGE_LOOP('',(#3621,#3622,#3623,#3624));
#2093=AXIS2_PLACEMENT_3D('',#3625,#3626,#3627);
#2094=EDGE_LOOP('',(#3628,#3629,#3630,#3631,#3632,#3633,#3634,#3635,#3636,#3637));
#2095=AXIS2_PLACEMENT_3D('',#3638,#3639,#3640);
#2096=EDGE_LOOP('',(#3641,#3642,#3643,#3644,#3645,#3646,#3647,#3648,#3649,#3650));
#2097=AXIS2_PLACEMENT_3D('',#3651,#3652,#3653);
#2098=EDGE_LOOP('',(#3654,#3655,#3656,#3657,#3658,#3659));
#2099=AXIS2_PLACEMENT_3D('',#3660,#3661,#3662);
#2100=EDGE_LOOP('',(#3663,#3664,#3665,#3666,#3667,#3668));
#2101=AXIS2_PLACEMENT_3D('',#3669,#3670,#3671);
#2102=EDGE_LOOP('',(#3672,#3673,#3674,#3675,#3676,#3677,#3678,#3679));
#2103=AXIS2_PLACEMENT_3D('',#3680,#3681,#3682);
#2104=EDGE_LOOP('',(#3683,#3684,#3685,#3686));
#2105=AXIS2_PLACEMENT_3D('',#3687,#3688,#3689);
#2106=EDGE_LOOP('',(#3690,#3691,#3692,#3693,#3694,#3695,#3696,#3697,#3698,#3699));
#2107=AXIS2_PLACEMENT_3D('',#3700,#3701,#3702);
#2108=EDGE_LOOP('',(#3703,#3704,#3705,#3706,#3707,#3708));
#2109=AXIS2_PLACEMENT_3D('',#3709,#3710,#3711);
#2110=EDGE_LOOP('',(#3712,#3713,#3714,#3715));
#2111=AXIS2_PLACEMENT_3D('',#3716,#3717,#3718);
#2112=EDGE_LOOP('',(#3719,#3720,#3721,#3722));
#2113=AXIS2_PLACEMENT_3D('',#3723,#3724,#3725);
#2114=EDGE_LOOP('',(#3726,#3727,#3728,#3729,#3730,#3731,#3732,#3733));
#2115=AXIS2_PLACEMENT_3D('',#3734,#3735,#3736);
#2116=EDGE_LOOP('',(#3737,#3738,#3739,#3740));
#2117=AXIS2_PLACEMENT_3D('',#3741,#3742,#3743);
#2118=EDGE_LOOP('',(#3744,#3745,#3746,#3747,#3748,#3749,#3750,#3751,#3752,#3753,#3754,#3755,#3756,#3757,#3758,#3759,#3760,#3761,#3762,#3763,#3764,#3765,#3766,#3767,#3768,#3769,#3770,#3771,#3772,#3773,#3774,#3775));
#2119=EDGE_LOOP('',(#3776,#3777,#3778,#3779));
#2120=AXIS2_PLACEMENT_3D('',#3780,#3781,#3782);
#2121=EDGE_LOOP('',(#3783,#3784,#3785,#3786));
#2122=AXIS2_PLACEMENT_3D('',#3787,#3788,#3789);
#2123=EDGE_LOOP('',(#3790,#3791,#3792,#3793));
#2124=AXIS2_PLACEMENT_3D('',#3794,#3795,#3796);
#2125=EDGE_LOOP('',(#3797,#3798,#3799,#3800));
#2126=AXIS2_PLACEMENT_3D('',#3801,#3802,#3803);
#2127=EDGE_LOOP('',(#3804,#3805,#3806,#3807));
#2128=AXIS2_PLACEMENT_3D('',#3808,#3809,#3810);
#2129=EDGE_LOOP('',(#3811,#3812,#3813,#3814));
#2130=AXIS2_PLACEMENT_3D('',#3815,#3816,#3817);
#2131=EDGE_LOOP('',(#3818,#3819,#3820,#3821));
#2132=AXIS2_PLACEMENT_3D('',#3822,#3823,#3824);
#2133=EDGE_LOOP('',(#3825,#3826,#3827,#3828));
#2134=AXIS2_PLACEMENT_3D('',#3829,#3830,#3831);
#2135=EDGE_LOOP('',(#3832,#3833,#3834,#3835));
#2136=AXIS2_PLACEMENT_3D('',#3836,#3837,#3838);
#2137=EDGE_LOOP('',(#3839,#3840,#3841,#3842));
#2138=AXIS2_PLACEMENT_3D('',#3843,#3844,#3845);
#2139=EDGE_LOOP('',(#3846,#3847,#3848,#3849,#3850));
#2140=AXIS2_PLACEMENT_3D('',#3851,#3852,#3853);
#2141=EDGE_LOOP('',(#3854,#3855,#3856));
#2142=AXIS2_PLACEMENT_3D('',#3857,#3858,#3859);
#2143=EDGE_LOOP('',(#3860,#3861,#3862,#3863,#3864));
#2144=AXIS2_PLACEMENT_3D('',#3865,#3866,#3867);
#2145=EDGE_LOOP('',(#3868,#3869,#3870,#3871,#3872));
#2146=AXIS2_PLACEMENT_3D('',#3873,#3874,#3875);
#2147=EDGE_LOOP('',(#3876,#3877,#3878,#3879,#3880,#3881,#3882,#3883,#3884));
#2148=AXIS2_PLACEMENT_3D('',#3885,#3886,#3887);
#2149=EDGE_LOOP('',(#3888,#3889,#3890,#3891));
#2150=AXIS2_PLACEMENT_3D('',#3892,#3893,#3894);
#2151=EDGE_LOOP('',(#3895,#3896,#3897,#3898,#3899,#3900,#3901,#3902,#3903,#3904,#3905,#3906,#3907,#3908));
#2152=AXIS2_PLACEMENT_3D('',#3909,#3910,#3911);
#2153=EDGE_LOOP('',(#3912,#3913,#3914,#3915,#3916,#3917,#3918,#3919,#3920,#3921,#3922,#3923,#3924,#3925));
#2154=AXIS2_PLACEMENT_3D('',#3926,#3927,#3928);
#2155=EDGE_LOOP('',(#3929,#3930,#3931,#3932));
#2156=AXIS2_PLACEMENT_3D('',#3933,#3934,#3935);
#2157=EDGE_LOOP('',(#3936,#3937,#3938,#3939));
#2158=AXIS2_PLACEMENT_3D('',#3940,#3941,#3942);
#2159=EDGE_LOOP('',(#3943,#3944,#3945,#3946));
#2160=AXIS2_PLACEMENT_3D('',#3947,#3948,#3949);
#2161=EDGE_LOOP('',(#3950,#3951,#3952,#3953));
#2162=AXIS2_PLACEMENT_3D('',#3954,#3955,#3956);
#2163=EDGE_LOOP('',(#3957,#3958,#3959,#3960,#3961,#3962,#3963,#3964));
#2164=AXIS2_PLACEMENT_3D('',#3965,#3966,#3967);
#2165=EDGE_LOOP('',(#3968,#3969,#3970,#3971));
#2166=AXIS2_PLACEMENT_3D('',#3972,#3973,#3974);
#2167=EDGE_LOOP('',(#3975,#3976,#3977,#3978));
#2168=AXIS2_PLACEMENT_3D('',#3979,#3980,#3981);
#2169=EDGE_LOOP('',(#3982,#3983,#3984,#3985,#3986,#3987,#3988,#3989,#3990,#3991,#3992,#3993,#3994,#3995,#3996,#3997,#3998,#3999,#4000,#4001,#4002,#4003,#4004,#4005,#4006,#4007,#4008,#4009,#4010,#4011,#4012,#4013,#4014,#4015,#4016,#4017,#4018,#4019,#4020,#4021,#4022,#4023,#4024,#4025,#4026,#4027,#4028,#4029,#4030,#4031,#4032,#4033,#4034,#4035,#4036,#4037,#4038,#4039,#4040,#4041,#4042,#4043,#4044,#4045,#4046,#4047,#4048,#4049,#4050,#4051,#4052,#4053,#4054,#4055,#4056,#4057,#4058,#4059,#4060,#4061,#4062,#4063,#4064,#4065,#4066,#4067,#4068,#4069,#4070,#4071,#4072,#4073,#4074,#4075,#4076,#4077,#4078,#4079,#4080,#4081,#4082,#4083,#4084,#4085,#4086,#4087,#4088,#4089,#4090,#4091,#4092,#4093,#4094,#4095,#4096,#4097,#4098,#4099,#4100,#4101,#4102,#4103,#4104,#4105));
#2170=AXIS2_PLACEMENT_3D('',#4106,#4107,#4108);
#2171=EDGE_LOOP('',(#4109,#4110,#4111,#4112,#4113,#4114,#4115,#4116));
#2172=AXIS2_PLACEMENT_3D('',#4117,#4118,#4119);
#2173=EDGE_LOOP('',(#4120,#4121,#4122,#4123));
#2174=AXIS2_PLACEMENT_3D('',#4124,#4125,#4126);
#2175=EDGE_LOOP('',(#4127,#4128,#4129,#4130));
#2176=AXIS2_PLACEMENT_3D('',#4131,#4132,#4133);
#2177=EDGE_LOOP('',(#4134,#4135,#4136,#4137,#4138,#4139,#4140));
#2178=AXIS2_PLACEMENT_3D('',#4141,#4142,#4143);
#2179=EDGE_LOOP('',(#4144,#4145,#4146,#4147));
#2180=AXIS2_PLACEMENT_3D('',#4148,#4149,#4150);
#2181=EDGE_LOOP('',(#4151,#4152,#4153,#4154));
#2182=AXIS2_PLACEMENT_3D('',#4155,#4156,#4157);
#2183=EDGE_LOOP('',(#4158,#4159,#4160,#4161,#4162,#4163,#4164));
#2184=AXIS2_PLACEMENT_3D('',#4165,#4166,#4167);
#2185=EDGE_LOOP('',(#4168,#4169,#4170,#4171));
#2186=AXIS2_PLACEMENT_3D('',#4172,#4173,#4174);
#2187=EDGE_LOOP('',(#4175,#4176,#4177,#4178));
#2188=AXIS2_PLACEMENT_3D('',#4179,#4180,#4181);
#2189=EDGE_LOOP('',(#4182,#4183,#4184,#4185,#4186,#4187,#4188));
#2190=AXIS2_PLACEMENT_3D('',#4189,#4190,#4191);
#2191=EDGE_LOOP('',(#4192,#4193,#4194,#4195));
#2192=AXIS2_PLACEMENT_3D('',#4196,#4197,#4198);
#2193=EDGE_LOOP('',(#4199,#4200,#4201,#4202,#4203,#4204,#4205));
#2194=AXIS2_PLACEMENT_3D('',#4206,#4207,#4208);
#2195=EDGE_LOOP('',(#4209,#4210,#4211,#4212));
#2196=AXIS2_PLACEMENT_3D('',#4213,#4214,#4215);
#2197=EDGE_LOOP('',(#4216,#4217,#4218,#4219));
#2198=AXIS2_PLACEMENT_3D('',#4220,#4221,#4222);
#2199=EDGE_LOOP('',(#4223,#4224,#4225,#4226,#4227,#4228,#4229,#4230,#4231,#4232,#4233,#4234,#4235,#4236,#4237,#4238,#4239,#4240,#4241,#4242,#4243,#4244,#4245,#4246,#4247,#4248,#4249,#4250,#4251,#4252,#4253,#4254,#4255,#4256,#4257,#4258,#4259,#4260,#4261,#4262,#4263,#4264,#4265,#4266));
#2200=AXIS2_PLACEMENT_3D('',#4267,#4268,#4269);
#2201=EDGE_LOOP('',(#4270,#4271,#4272,#4273));
#2202=AXIS2_PLACEMENT_3D('',#4274,#4275,#4276);
#2203=EDGE_LOOP('',(#4277,#4278,#4279,#4280));
#2204=AXIS2_PLACEMENT_3D('',#4281,#4282,#4283);
#2205=EDGE_LOOP('',(#4284,#4285,#4286,#4287));
#2206=AXIS2_PLACEMENT_3D('',#4288,#4289,#4290);
#2207=EDGE_LOOP('',(#4291,#4292,#4293,#4294));
#2208=AXIS2_PLACEMENT_3D('',#4295,#4296,#4297);
#2209=EDGE_LOOP('',(#4298,#4299,#4300,#4301));
#2210=AXIS2_PLACEMENT_3D('',#4302,#4303,#4304);
#2211=EDGE_LOOP('',(#4305,#4306,#4307,#4308,#4309,#4310,#4311,#4312));
#2212=AXIS2_PLACEMENT_3D('',#4313,#4314,#4315);
#2213=EDGE_LOOP('',(#4316,#4317,#4318,#4319,#4320,#4321,#4322,#4323,#4324,#4325,#4326,#4327,#4328,#4329));
#2214=AXIS2_PLACEMENT_3D('',#4330,#4331,#4332);
#2215=EDGE_LOOP('',(#4333,#4334,#4335,#4336,#4337,#4338,#4339,#4340,#4341,#4342,#4343,#4344,#4345,#4346));
#2216=AXIS2_PLACEMENT_3D('',#4347,#4348,#4349);
#2217=EDGE_LOOP('',(#4350,#4351,#4352,#4353,#4354));
#2218=AXIS2_PLACEMENT_3D('',#4355,#4356,#4357);
#2219=EDGE_LOOP('',(#4358,#4359,#4360,#4361));
#2220=AXIS2_PLACEMENT_3D('',#4362,#4363,#4364);
#2221=EDGE_LOOP('',(#4365,#4366,#4367,#4368));
#2222=AXIS2_PLACEMENT_3D('',#4369,#4370,#4371);
#2223=EDGE_LOOP('',(#4372,#4373,#4374,#4375,#4376));
#2224=AXIS2_PLACEMENT_3D('',#4377,#4378,#4379);
#2225=EDGE_LOOP('',(#4380,#4381,#4382,#4383,#4384));
#2226=AXIS2_PLACEMENT_3D('',#4385,#4386,#4387);
#2227=EDGE_LOOP('',(#4388,#4389,#4390,#4391,#4392,#4393,#4394,#4395,#4396));
#2228=AXIS2_PLACEMENT_3D('',#4397,#4398,#4399);
#2229=EDGE_LOOP('',(#4400,#4401,#4402,#4403));
#2230=AXIS2_PLACEMENT_3D('',#4404,#4405,#4406);
#2231=EDGE_LOOP('',(#4407,#4408,#4409,#4410));
#2232=AXIS2_PLACEMENT_3D('',#4411,#4412,#4413);
#2233=EDGE_LOOP('',(#4414,#4415,#4416,#4417,#4418,#4419,#4420));
#2234=AXIS2_PLACEMENT_3D('',#4421,#4422,#4423);
#2235=EDGE_LOOP('',(#4424,#4425,#4426,#4427));
#2236=AXIS2_PLACEMENT_3D('',#4428,#4429,#4430);
#2237=EDGE_LOOP('',(#4431,#4432,#4433,#4434));
#2238=AXIS2_PLACEMENT_3D('',#4435,#4436,#4437);
#2239=EDGE_LOOP('',(#4438,#4439,#4440,#4441,#4442,#4443,#4444));
#2240=AXIS2_PLACEMENT_3D('',#4445,#4446,#4447);
#2241=EDGE_LOOP('',(#4448,#4449,#4450,#4451));
#2242=AXIS2_PLACEMENT_3D('',#4452,#4453,#4454);
#2243=EDGE_LOOP('',(#4455,#4456,#4457,#4458));
#2244=AXIS2_PLACEMENT_3D('',#4459,#4460,#4461);
#2245=EDGE_LOOP('',(#4462,#4463,#4464,#4465));
#2246=AXIS2_PLACEMENT_3D('',#4466,#4467,#4468);
#2247=EDGE_LOOP('',(#4469,#4470,#4471,#4472));
#2248=AXIS2_PLACEMENT_3D('',#4473,#4474,#4475);
#2249=EDGE_LOOP('',(#4476,#4477,#4478,#4479,#4480,#4481,#4482));
#2250=AXIS2_PLACEMENT_3D('',#4483,#4484,#4485);
#2251=EDGE_LOOP('',(#4486,#4487,#4488,#4489));
#2252=AXIS2_PLACEMENT_3D('',#4490,#4491,#4492);
#2253=EDGE_LOOP('',(#4493,#4494,#4495,#4496,#4497,#4498,#4499));
#2254=AXIS2_PLACEMENT_3D('',#4500,#4501,#4502);
#2255=EDGE_LOOP('',(#4503,#4504,#4505,#4506));
#2256=AXIS2_PLACEMENT_3D('',#4507,#4508,#4509);
#2257=EDGE_LOOP('',(#4510,#4511,#4512,#4513,#4514));
#2258=AXIS2_PLACEMENT_3D('',#4515,#4516,#4517);
#2259=EDGE_LOOP('',(#4518,#4519,#4520,#4521,#4522));
#2260=AXIS2_PLACEMENT_3D('',#4523,#4524,#4525);
#2261=EDGE_LOOP('',(#4526,#4527,#4528,#4529,#4530,#4531,#4532,#4533,#4534));
#2262=AXIS2_PLACEMENT_3D('',#4535,#4536,#4537);
#2263=EDGE_LOOP('',(#4538,#4539,#4540,#4541));
#2264=AXIS2_PLACEMENT_3D('',#4542,#4543,#4544);
#2265=EDGE_LOOP('',(#4545,#4546,#4547,#4548,#4549,#4550,#4551,#4552,#4553,#4554));
#2266=AXIS2_PLACEMENT_3D('',#4555,#4556,#4557);
#2267=EDGE_LOOP('',(#4558,#4559,#4560,#4561,#4562,#4563,#4564,#4565,#4566,#4567));
#2268=AXIS2_PLACEMENT_3D('',#4568,#4569,#4570);
#2269=EDGE_LOOP('',(#4571,#4572,#4573,#4574,#4575));
#2270=AXIS2_PLACEMENT_3D('',#4576,#4577,#4578);
#2271=EDGE_LOOP('',(#4579,#4580,#4581,#4582));
#2272=AXIS2_PLACEMENT_3D('',#4583,#4584,#4585);
#2273=EDGE_LOOP('',(#4586,#4587,#4588,#4589));
#2274=AXIS2_PLACEMENT_3D('',#4590,#4591,#4592);
#2275=EDGE_LOOP('',(#4593,#4594,#4595,#4596));
#2276=AXIS2_PLACEMENT_3D('',#4597,#4598,#4599);
#2277=EDGE_LOOP('',(#4600,#4601,#4602,#4603));
#2278=AXIS2_PLACEMENT_3D('',#4604,#4605,#4606);
#2279=EDGE_LOOP('',(#4607,#4608,#4609,#4610,#4611));
#2280=AXIS2_PLACEMENT_3D('',#4612,#4613,#4614);
#2281=EDGE_LOOP('',(#4615,#4616,#4617,#4618,#4619));
#2282=AXIS2_PLACEMENT_3D('',#4620,#4621,#4622);
#2283=EDGE_LOOP('',(#4623,#4624,#4625,#4626,#4627,#4628,#4629,#4630,#4631));
#2284=AXIS2_PLACEMENT_3D('',#4632,#4633,#4634);
#2285=EDGE_LOOP('',(#4635,#4636,#4637,#4638));
#2286=AXIS2_PLACEMENT_3D('',#4639,#4640,#4641);
#2287=EDGE_LOOP('',(#4642,#4643,#4644,#4645));
#2288=AXIS2_PLACEMENT_3D('',#4646,#4647,#4648);
#2289=EDGE_LOOP('',(#4649,#4650,#4651));
#2290=AXIS2_PLACEMENT_3D('',#4652,#4653,#4654);
#2291=EDGE_LOOP('',(#4655,#4656,#4657,#4658));
#2292=AXIS2_PLACEMENT_3D('',#4659,#4660,#4661);
#2293=EDGE_LOOP('',(#4662,#4663,#4664,#4665,#4666,#4667,#4668,#4669));
#2294=AXIS2_PLACEMENT_3D('',#4670,#4671,#4672);
#2295=EDGE_LOOP('',(#4673,#4674,#4675,#4676));
#2296=AXIS2_PLACEMENT_3D('',#4677,#4678,#4679);
#2297=EDGE_LOOP('',(#4680,#4681,#4682,#4683,#4684,#4685));
#2298=AXIS2_PLACEMENT_3D('',#4686,#4687,#4688);
#2299=EDGE_LOOP('',(#4689,#4690,#4691,#4692));
#2300=AXIS2_PLACEMENT_3D('',#4693,#4694,#4695);
#2301=EDGE_LOOP('',(#4696,#4697,#4698,#4699,#4700,#4701,#4702,#4703,#4704,#4705));
#2302=AXIS2_PLACEMENT_3D('',#4706,#4707,#4708);
#2303=EDGE_LOOP('',(#4709,#4710,#4711,#4712));
#2304=AXIS2_PLACEMENT_3D('',#4713,#4714,#4715);
#2305=EDGE_LOOP('',(#4716,#4717,#4718,#4719,#4720,#4721));
#2306=AXIS2_PLACEMENT_3D('',#4722,#4723,#4724);
#2307=EDGE_LOOP('',(#4725,#4726,#4727,#4728));
#2308=AXIS2_PLACEMENT_3D('',#4729,#4730,#4731);
#2309=EDGE_LOOP('',(#4732,#4733,#4734,#4735,#4736,#4737,#4738,#4739));
#2310=AXIS2_PLACEMENT_3D('',#4740,#4741,#4742);
#2311=EDGE_LOOP('',(#4743,#4744,#4745,#4746,#4747,#4748));
#2312=AXIS2_PLACEMENT_3D('',#4749,#4750,#4751);
#2313=EDGE_LOOP('',(#4752,#4753,#4754,#4755));
#2314=AXIS2_PLACEMENT_3D('',#4756,#4757,#4758);
#2315=EDGE_LOOP('',(#4759,#4760,#4761,#4762,#4763,#4764,#4765));
#2316=AXIS2_PLACEMENT_3D('',#4766,#4767,#4768);
#2317=EDGE_LOOP('',(#4769,#4770,#4771,#4772,#4773,#4774,#4775));
#2318=AXIS2_PLACEMENT_3D('',#4776,#4777,#4778);
#2319=EDGE_LOOP('',(#4779,#4780,#4781,#4782));
#2320=AXIS2_PLACEMENT_3D('',#4783,#4784,#4785);
#2321=EDGE_LOOP('',(#4786,#4787,#4788,#4789));
#2322=AXIS2_PLACEMENT_3D('',#4790,#4791,#4792);
#2323=EDGE_LOOP('',(#4793,#4794,#4795,#4796));
#2324=AXIS2_PLACEMENT_3D('',#4797,#4798,#4799);
#2325=EDGE_LOOP('',(#4800,#4801,#4802,#4803));
#2326=AXIS2_PLACEMENT_3D('',#4804,#4805,#4806);
#2327=EDGE_LOOP('',(#4807,#4808,#4809,#4810));
#2328=AXIS2_PLACEMENT_3D('',#4811,#4812,#4813);
#2329=EDGE_LOOP('',(#4814,#4815,#4816,#4817));
#2330=AXIS2_PLACEMENT_3D('',#4818,#4819,#4820);
#2331=EDGE_LOOP('',(#4821,#4822,#4823,#4824));
#2332=AXIS2_PLACEMENT_3D('',#4825,#4826,#4827);
#2333=EDGE_LOOP('',(#4828,#4829,#4830,#4831,#4832,#4833,#4834,#4835));
#2334=AXIS2_PLACEMENT_3D('',#4836,#4837,#4838);
#2335=EDGE_LOOP('',(#4839,#4840,#4841,#4842));
#2336=AXIS2_PLACEMENT_3D('',#4843,#4844,#4845);
#2337=EDGE_LOOP('',(#4846,#4847,#4848,#4849,#4850,#4851));
#2338=AXIS2_PLACEMENT_3D('',#4852,#4853,#4854);
#2339=EDGE_LOOP('',(#4855,#4856,#4857,#4858));
#2340=AXIS2_PLACEMENT_3D('',#4859,#4860,#4861);
#2341=EDGE_LOOP('',(#4862,#4863,#4864,#4865));
#2342=AXIS2_PLACEMENT_3D('',#4866,#4867,#4868);
#2343=EDGE_LOOP('',(#4869,#4870,#4871,#4872,#4873,#4874));
#2344=AXIS2_PLACEMENT_3D('',#4875,#4876,#4877);
#2345=EDGE_LOOP('',(#4878,#4879,#4880,#4881));
#2346=AXIS2_PLACEMENT_3D('',#4882,#4883,#4884);
#2347=EDGE_LOOP('',(#4885,#4886,#4887,#4888));
#2348=AXIS2_PLACEMENT_3D('',#4889,#4890,#4891);
#2349=EDGE_LOOP('',(#4892,#4893,#4894,#4895));
#2350=AXIS2_PLACEMENT_3D('',#4896,#4897,#4898);
#2351=EDGE_LOOP('',(#4899,#4900,#4901,#4902,#4903,#4904,#4905,#4906,#4907,#4908));
#2352=AXIS2_PLACEMENT_3D('',#4909,#4910,#4911);
#2353=EDGE_LOOP('',(#4912,#4913,#4914,#4915,#4916,#4917,#4918,#4919,#4920,#4921));
#2354=AXIS2_PLACEMENT_3D('',#4922,#4923,#4924);
#2355=EDGE_LOOP('',(#4925,#4926,#4927,#4928));
#2356=AXIS2_PLACEMENT_3D('',#4929,#4930,#4931);
#2357=EDGE_LOOP('',(#4932,#4933,#4934,#4935));
#2358=AXIS2_PLACEMENT_3D('',#4936,#4937,#4938);
#2359=EDGE_LOOP('',(#4939,#4940,#4941,#4942));
#2360=AXIS2_PLACEMENT_3D('',#4943,#4944,#4945);
#2361=EDGE_LOOP('',(#4946,#4947,#4948,#4949));
#2362=AXIS2_PLACEMENT_3D('',#4950,#4951,#4952);
#2363=EDGE_LOOP('',(#4953,#4954,#4955,#4956));
#2364=AXIS2_PLACEMENT_3D('',#4957,#4958,#4959);
#2365=EDGE_LOOP('',(#4960,#4961,#4962,#4963));
#2366=AXIS2_PLACEMENT_3D('',#4964,#4965,#4966);
#2367=EDGE_LOOP('',(#4967,#4968,#4969,#4970));
#2368=AXIS2_PLACEMENT_3D('',#4971,#4972,#4973);
#2369=EDGE_LOOP('',(#4974,#4975,#4976,#4977,#4978));
#2370=AXIS2_PLACEMENT_3D('',#4979,#4980,#4981);
#2371=EDGE_LOOP('',(#4982,#4983,#4984));
#2372=AXIS2_PLACEMENT_3D('',#4985,#4986,#4987);
#2373=EDGE_LOOP('',(#4988,#4989,#4990,#4991));
#2374=AXIS2_PLACEMENT_3D('',#4992,#4993,#4994);
#2375=EDGE_LOOP('',(#4995,#4996,#4997,#4998));
#2376=AXIS2_PLACEMENT_3D('',#4999,#5000,#5001);
#2377=EDGE_LOOP('',(#5002,#5003,#5004,#5005));
#2378=AXIS2_PLACEMENT_3D('',#5006,#5007,#5008);
#2379=EDGE_LOOP('',(#5009,#5010,#5011,#5012));
#2380=AXIS2_PLACEMENT_3D('',#5013,#5014,#5015);
#2381=EDGE_LOOP('',(#5016,#5017,#5018,#5019,#5020,#5021,#5022,#5023));
#2382=AXIS2_PLACEMENT_3D('',#5024,#5025,#5026);
#2383=EDGE_LOOP('',(#5027,#5028,#5029,#5030));
#2384=AXIS2_PLACEMENT_3D('',#5031,#5032,#5033);
#2385=EDGE_LOOP('',(#5034,#5035,#5036,#5037));
#2386=AXIS2_PLACEMENT_3D('',#5038,#5039,#5040);
#2387=EDGE_LOOP('',(#5041,#5042,#5043,#5044));
#2388=AXIS2_PLACEMENT_3D('',#5045,#5046,#5047);
#2389=EDGE_LOOP('',(#5048,#5049,#5050));
#2390=AXIS2_PLACEMENT_3D('',#5051,#5052,#5053);
#2391=EDGE_LOOP('',(#5054,#5055,#5056,#5057));
#2392=AXIS2_PLACEMENT_3D('',#5058,#5059,#5060);
#2393=EDGE_LOOP('',(#5061,#5062,#5063,#5064));
#2394=AXIS2_PLACEMENT_3D('',#5065,#5066,#5067);
#2395=EDGE_LOOP('',(#5068,#5069,#5070,#5071));
#2396=AXIS2_PLACEMENT_3D('',#5072,#5073,#5074);
#2397=EDGE_LOOP('',(#5075,#5076,#5077,#5078,#5079,#5080,#5081,#5082));
#2398=AXIS2_PLACEMENT_3D('',#5083,#5084,#5085);
#2399=EDGE_LOOP('',(#5086,#5087,#5088,#5089));
#2400=AXIS2_PLACEMENT_3D('',#5090,#5091,#5092);
#2401=EDGE_LOOP('',(#5093,#5094,#5095,#5096));
#2402=AXIS2_PLACEMENT_3D('',#5097,#5098,#5099);
#2403=EDGE_LOOP('',(#5100,#5101,#5102,#5103,#5104,#5105));
#2404=AXIS2_PLACEMENT_3D('',#5106,#5107,#5108);
#2405=EDGE_LOOP('',(#5109,#5110,#5111,#5112,#5113,#5114));
#2406=AXIS2_PLACEMENT_3D('',#5115,#5116,#5117);
#2407=EDGE_LOOP('',(#5118,#5119,#5120,#5121));
#2408=AXIS2_PLACEMENT_3D('',#5122,#5123,#5124);
#2409=EDGE_LOOP('',(#5125,#5126,#5127,#5128));
#2410=AXIS2_PLACEMENT_3D('',#5129,#5130,#5131);
#2411=EDGE_LOOP('',(#5132,#5133,#5134,#5135));
#2412=AXIS2_PLACEMENT_3D('',#5136,#5137,#5138);
#2413=EDGE_LOOP('',(#5139,#5140,#5141,#5142));
#2414=AXIS2_PLACEMENT_3D('',#5143,#5144,#5145);
#2415=EDGE_LOOP('',(#5146,#5147,#5148,#5149));
#2416=AXIS2_PLACEMENT_3D('',#5150,#5151,#5152);
#2417=EDGE_LOOP('',(#5153,#5154,#5155,#5156));
#2418=AXIS2_PLACEMENT_3D('',#5157,#5158,#5159);
#2419=EDGE_LOOP('',(#5160,#5161,#5162,#5163));
#2420=AXIS2_PLACEMENT_3D('',#5164,#5165,#5166);
#2421=EDGE_LOOP('',(#5167,#5168,#5169,#5170));
#2422=AXIS2_PLACEMENT_3D('',#5171,#5172,#5173);
#2423=EDGE_LOOP('',(#5174,#5175,#5176,#5177));
#2424=AXIS2_PLACEMENT_3D('',#5178,#5179,#5180);
#2425=EDGE_LOOP('',(#5181,#5182,#5183,#5184));
#2426=AXIS2_PLACEMENT_3D('',#5185,#5186,#5187);
#2427=EDGE_LOOP('',(#5188,#5189,#5190,#5191));
#2428=AXIS2_PLACEMENT_3D('',#5192,#5193,#5194);
#2429=EDGE_LOOP('',(#5195,#5196,#5197,#5198));
#2430=AXIS2_PLACEMENT_3D('',#5199,#5200,#5201);
#2431=EDGE_LOOP('',(#5202,#5203,#5204,#5205));
#2432=AXIS2_PLACEMENT_3D('',#5206,#5207,#5208);
#2433=EDGE_LOOP('',(#5209,#5210,#5211,#5212));
#2434=AXIS2_PLACEMENT_3D('',#5213,#5214,#5215);
#2435=EDGE_LOOP('',(#5216,#5217,#5218,#5219));
#2436=AXIS2_PLACEMENT_3D('',#5220,#5221,#5222);
#2437=EDGE_LOOP('',(#5223,#5224,#5225,#5226));
#2438=AXIS2_PLACEMENT_3D('',#5227,#5228,#5229);
#2439=EDGE_LOOP('',(#5230,#5231,#5232,#5233));
#2440=AXIS2_PLACEMENT_3D('',#5234,#5235,#5236);
#2441=EDGE_LOOP('',(#5237,#5238,#5239,#5240));
#2442=AXIS2_PLACEMENT_3D('',#5241,#5242,#5243);
#2443=EDGE_LOOP('',(#5244,#5245,#5246,#5247));
#2444=AXIS2_PLACEMENT_3D('',#5248,#5249,#5250);
#2445=EDGE_LOOP('',(#5251,#5252,#5253,#5254));
#2446=AXIS2_PLACEMENT_3D('',#5255,#5256,#5257);
#2447=EDGE_LOOP('',(#5258,#5259,#5260,#5261));
#2448=AXIS2_PLACEMENT_3D('',#5262,#5263,#5264);
#2449=EDGE_LOOP('',(#5265,#5266,#5267,#5268));
#2450=AXIS2_PLACEMENT_3D('',#5269,#5270,#5271);
#2451=EDGE_LOOP('',(#5272,#5273,#5274,#5275));
#2452=AXIS2_PLACEMENT_3D('',#5276,#5277,#5278);
#2453=EDGE_LOOP('',(#5279,#5280,#5281,#5282));
#2454=AXIS2_PLACEMENT_3D('',#5283,#5284,#5285);
#2455=EDGE_LOOP('',(#5286,#5287,#5288,#5289));
#2456=AXIS2_PLACEMENT_3D('',#5290,#5291,#5292);
#2457=EDGE_LOOP('',(#5293,#5294,#5295,#5296));
#2458=AXIS2_PLACEMENT_3D('',#5297,#5298,#5299);
#2459=EDGE_LOOP('',(#5300,#5301,#5302,#5303));
#2460=AXIS2_PLACEMENT_3D('',#5304,#5305,#5306);
#2461=EDGE_LOOP('',(#5307,#5308,#5309,#5310));
#2462=AXIS2_PLACEMENT_3D('',#5311,#5312,#5313);
#2463=EDGE_LOOP('',(#5314,#5315,#5316,#5317));
#2464=AXIS2_PLACEMENT_3D('',#5318,#5319,#5320);
#2465=EDGE_LOOP('',(#5321,#5322,#5323,#5324));
#2466=AXIS2_PLACEMENT_3D('',#5325,#5326,#5327);
#2467=EDGE_LOOP('',(#5328,#5329,#5330,#5331));
#2468=AXIS2_PLACEMENT_3D('',#5332,#5333,#5334);
#2469=EDGE_LOOP('',(#5335,#5336,#5337,#5338));
#2470=AXIS2_PLACEMENT_3D('',#5339,#5340,#5341);
#2471=EDGE_LOOP('',(#5342,#5343,#5344,#5345));
#2472=AXIS2_PLACEMENT_3D('',#5346,#5347,#5348);
#2473=EDGE_LOOP('',(#5349,#5350,#5351,#5352));
#2474=AXIS2_PLACEMENT_3D('',#5353,#5354,#5355);
#2475=EDGE_LOOP('',(#5356,#5357,#5358,#5359));
#2476=AXIS2_PLACEMENT_3D('',#5360,#5361,#5362);
#2477=EDGE_LOOP('',(#5363,#5364,#5365,#5366));
#2478=AXIS2_PLACEMENT_3D('',#5367,#5368,#5369);
#2479=EDGE_LOOP('',(#5370,#5371,#5372,#5373));
#2480=AXIS2_PLACEMENT_3D('',#5374,#5375,#5376);
#2481=EDGE_LOOP('',(#5377,#5378,#5379,#5380));
#2482=AXIS2_PLACEMENT_3D('',#5381,#5382,#5383);
#2483=EDGE_LOOP('',(#5384,#5385,#5386,#5387));
#2484=AXIS2_PLACEMENT_3D('',#5388,#5389,#5390);
#2485=EDGE_LOOP('',(#5391,#5392,#5393,#5394));
#2486=AXIS2_PLACEMENT_3D('',#5395,#5396,#5397);
#2487=EDGE_LOOP('',(#5398,#5399,#5400,#5401));
#2488=AXIS2_PLACEMENT_3D('',#5402,#5403,#5404);
#2489=EDGE_LOOP('',(#5405,#5406,#5407,#5408));
#2490=AXIS2_PLACEMENT_3D('',#5409,#5410,#5411);
#2491=EDGE_LOOP('',(#5412,#5413,#5414,#5415));
#2492=AXIS2_PLACEMENT_3D('',#5416,#5417,#5418);
#2493=EDGE_LOOP('',(#5419,#5420,#5421,#5422));
#2494=AXIS2_PLACEMENT_3D('',#5423,#5424,#5425);
#2495=EDGE_LOOP('',(#5426,#5427,#5428,#5429));
#2496=AXIS2_PLACEMENT_3D('',#5430,#5431,#5432);
#2497=EDGE_LOOP('',(#5433,#5434,#5435,#5436));
#2498=AXIS2_PLACEMENT_3D('',#5437,#5438,#5439);
#2499=EDGE_LOOP('',(#5440,#5441,#5442,#5443));
#2500=AXIS2_PLACEMENT_3D('',#5444,#5445,#5446);
#2501=EDGE_LOOP('',(#5447,#5448,#5449,#5450));
#2502=AXIS2_PLACEMENT_3D('',#5451,#5452,#5453);
#2503=EDGE_LOOP('',(#5454,#5455,#5456,#5457));
#2504=AXIS2_PLACEMENT_3D('',#5458,#5459,#5460);
#2505=EDGE_LOOP('',(#5461,#5462,#5463,#5464));
#2506=AXIS2_PLACEMENT_3D('',#5465,#5466,#5467);
#2507=EDGE_LOOP('',(#5468,#5469,#5470,#5471));
#2508=AXIS2_PLACEMENT_3D('',#5472,#5473,#5474);
#2509=EDGE_LOOP('',(#5475,#5476,#5477,#5478));
#2510=AXIS2_PLACEMENT_3D('',#5479,#5480,#5481);
#2511=EDGE_LOOP('',(#5482,#5483,#5484,#5485));
#2512=AXIS2_PLACEMENT_3D('',#5486,#5487,#5488);
#2513=EDGE_LOOP('',(#5489,#5490,#5491,#5492));
#2514=AXIS2_PLACEMENT_3D('',#5493,#5494,#5495);
#2515=EDGE_LOOP('',(#5496,#5497,#5498,#5499));
#2516=AXIS2_PLACEMENT_3D('',#5500,#5501,#5502);
#2517=EDGE_LOOP('',(#5503,#5504,#5505,#5506));
#2518=AXIS2_PLACEMENT_3D('',#5507,#5508,#5509);
#2519=EDGE_LOOP('',(#5510,#5511,#5512,#5513));
#2520=AXIS2_PLACEMENT_3D('',#5514,#5515,#5516);
#2521=EDGE_LOOP('',(#5517,#5518,#5519,#5520));
#2522=AXIS2_PLACEMENT_3D('',#5521,#5522,#5523);
#2523=EDGE_LOOP('',(#5524,#5525,#5526,#5527));
#2524=AXIS2_PLACEMENT_3D('',#5528,#5529,#5530);
#2525=EDGE_LOOP('',(#5531,#5532,#5533,#5534));
#2526=AXIS2_PLACEMENT_3D('',#5535,#5536,#5537);
#2527=EDGE_LOOP('',(#5538,#5539,#5540,#5541));
#2528=AXIS2_PLACEMENT_3D('',#5542,#5543,#5544);
#2529=EDGE_LOOP('',(#5545,#5546,#5547,#5548));
#2530=AXIS2_PLACEMENT_3D('',#5549,#5550,#5551);
#2531=EDGE_LOOP('',(#5552,#5553,#5554,#5555));
#2532=AXIS2_PLACEMENT_3D('',#5556,#5557,#5558);
#2533=EDGE_LOOP('',(#5559,#5560,#5561,#5562));
#2534=AXIS2_PLACEMENT_3D('',#5563,#5564,#5565);
#2535=EDGE_LOOP('',(#5566,#5567,#5568,#5569));
#2536=AXIS2_PLACEMENT_3D('',#5570,#5571,#5572);
#2537=EDGE_LOOP('',(#5573,#5574,#5575,#5576));
#2538=AXIS2_PLACEMENT_3D('',#5577,#5578,#5579);
#2539=EDGE_LOOP('',(#5580,#5581,#5582,#5583));
#2540=AXIS2_PLACEMENT_3D('',#5584,#5585,#5586);
#2541=EDGE_LOOP('',(#5587,#5588,#5589,#5590));
#2542=AXIS2_PLACEMENT_3D('',#5591,#5592,#5593);
#2543=EDGE_LOOP('',(#5594,#5595,#5596,#5597));
#2544=AXIS2_PLACEMENT_3D('',#5598,#5599,#5600);
#2545=EDGE_LOOP('',(#5601,#5602,#5603,#5604));
#2546=AXIS2_PLACEMENT_3D('',#5605,#5606,#5607);
#2547=EDGE_LOOP('',(#5608,#5609,#5610,#5611));
#2548=AXIS2_PLACEMENT_3D('',#5612,#5613,#5614);
#2549=EDGE_LOOP('',(#5615,#5616,#5617,#5618));
#2550=AXIS2_PLACEMENT_3D('',#5619,#5620,#5621);
#2551=EDGE_LOOP('',(#5622,#5623,#5624,#5625));
#2552=AXIS2_PLACEMENT_3D('',#5626,#5627,#5628);
#2553=EDGE_LOOP('',(#5629,#5630,#5631,#5632));
#2554=AXIS2_PLACEMENT_3D('',#5633,#5634,#5635);
#2555=EDGE_LOOP('',(#5636,#5637,#5638,#5639));
#2556=AXIS2_PLACEMENT_3D('',#5640,#5641,#5642);
#2557=EDGE_LOOP('',(#5643,#5644,#5645,#5646));
#2558=AXIS2_PLACEMENT_3D('',#5647,#5648,#5649);
#2559=EDGE_LOOP('',(#5650,#5651,#5652,#5653));
#2560=AXIS2_PLACEMENT_3D('',#5654,#5655,#5656);
#2561=EDGE_LOOP('',(#5657,#5658,#5659,#5660));
#2562=AXIS2_PLACEMENT_3D('',#5661,#5662,#5663);
#2563=EDGE_LOOP('',(#5664,#5665,#5666,#5667));
#2564=AXIS2_PLACEMENT_3D('',#5668,#5669,#5670);
#2565=EDGE_LOOP('',(#5671,#5672,#5673,#5674));
#2566=AXIS2_PLACEMENT_3D('',#5675,#5676,#5677);
#2567=EDGE_LOOP('',(#5678,#5679,#5680,#5681));
#2568=AXIS2_PLACEMENT_3D('',#5682,#5683,#5684);
#2569=EDGE_LOOP('',(#5685,#5686,#5687,#5688));
#2570=AXIS2_PLACEMENT_3D('',#5689,#5690,#5691);
#2571=EDGE_LOOP('',(#5692,#5693,#5694,#5695));
#2572=AXIS2_PLACEMENT_3D('',#5696,#5697,#5698);
#2573=EDGE_LOOP('',(#5699,#5700,#5701,#5702));
#2574=AXIS2_PLACEMENT_3D('',#5703,#5704,#5705);
#2575=EDGE_LOOP('',(#5706,#5707,#5708,#5709));
#2576=AXIS2_PLACEMENT_3D('',#5710,#5711,#5712);
#2577=EDGE_LOOP('',(#5713,#5714,#5715,#5716));
#2578=AXIS2_PLACEMENT_3D('',#5717,#5718,#5719);
#2579=EDGE_LOOP('',(#5720,#5721,#5722,#5723));
#2580=AXIS2_PLACEMENT_3D('',#5724,#5725,#5726);
#2581=EDGE_LOOP('',(#5727,#5728,#5729,#5730));
#2582=AXIS2_PLACEMENT_3D('',#5731,#5732,#5733);
#2583=EDGE_LOOP('',(#5734,#5735,#5736,#5737));
#2584=AXIS2_PLACEMENT_3D('',#5738,#5739,#5740);
#2585=EDGE_LOOP('',(#5741,#5742,#5743,#5744));
#2586=AXIS2_PLACEMENT_3D('',#5745,#5746,#5747);
#2587=EDGE_LOOP('',(#5748,#5749,#5750,#5751));
#2588=AXIS2_PLACEMENT_3D('',#5752,#5753,#5754);
#2589=EDGE_LOOP('',(#5755,#5756,#5757,#5758));
#2590=AXIS2_PLACEMENT_3D('',#5759,#5760,#5761);
#2591=EDGE_LOOP('',(#5762,#5763,#5764,#5765));
#2592=AXIS2_PLACEMENT_3D('',#5766,#5767,#5768);
#2593=EDGE_LOOP('',(#5769,#5770,#5771,#5772));
#2594=AXIS2_PLACEMENT_3D('',#5773,#5774,#5775);
#2595=EDGE_LOOP('',(#5776,#5777,#5778,#5779));
#2596=AXIS2_PLACEMENT_3D('',#5780,#5781,#5782);
#2597=EDGE_LOOP('',(#5783,#5784,#5785,#5786));
#2598=AXIS2_PLACEMENT_3D('',#5787,#5788,#5789);
#2599=EDGE_LOOP('',(#5790,#5791,#5792,#5793));
#2600=AXIS2_PLACEMENT_3D('',#5794,#5795,#5796);
#2601=EDGE_LOOP('',(#5797,#5798,#5799,#5800));
#2602=AXIS2_PLACEMENT_3D('',#5801,#5802,#5803);
#2603=EDGE_LOOP('',(#5804,#5805,#5806,#5807));
#2604=AXIS2_PLACEMENT_3D('',#5808,#5809,#5810);
#2605=EDGE_LOOP('',(#5811,#5812,#5813,#5814));
#2606=AXIS2_PLACEMENT_3D('',#5815,#5816,#5817);
#2607=EDGE_LOOP('',(#5818,#5819,#5820,#5821));
#2608=AXIS2_PLACEMENT_3D('',#5822,#5823,#5824);
#2609=EDGE_LOOP('',(#5825,#5826,#5827,#5828));
#2610=AXIS2_PLACEMENT_3D('',#5829,#5830,#5831);
#2611=EDGE_LOOP('',(#5832,#5833,#5834,#5835));
#2612=AXIS2_PLACEMENT_3D('',#5836,#5837,#5838);
#2613=EDGE_LOOP('',(#5839,#5840,#5841,#5842));
#2614=AXIS2_PLACEMENT_3D('',#5843,#5844,#5845);
#2615=EDGE_LOOP('',(#5846,#5847,#5848,#5849));
#2616=AXIS2_PLACEMENT_3D('',#5850,#5851,#5852);
#2617=EDGE_LOOP('',(#5853,#5854,#5855,#5856));
#2618=AXIS2_PLACEMENT_3D('',#5857,#5858,#5859);
#2619=EDGE_LOOP('',(#5860,#5861,#5862,#5863));
#2620=AXIS2_PLACEMENT_3D('',#5864,#5865,#5866);
#2621=EDGE_LOOP('',(#5867,#5868,#5869,#5870));
#2622=AXIS2_PLACEMENT_3D('',#5871,#5872,#5873);
#2623=EDGE_LOOP('',(#5874,#5875,#5876,#5877));
#2624=AXIS2_PLACEMENT_3D('',#5878,#5879,#5880);
#2625=EDGE_LOOP('',(#5881,#5882,#5883,#5884));
#2626=AXIS2_PLACEMENT_3D('',#5885,#5886,#5887);
#2627=EDGE_LOOP('',(#5888,#5889,#5890,#5891));
#2628=AXIS2_PLACEMENT_3D('',#5892,#5893,#5894);
#2629=EDGE_LOOP('',(#5895,#5896,#5897,#5898));
#2630=AXIS2_PLACEMENT_3D('',#5899,#5900,#5901);
#2631=EDGE_LOOP('',(#5902,#5903,#5904,#5905));
#2632=AXIS2_PLACEMENT_3D('',#5906,#5907,#5908);
#2633=EDGE_LOOP('',(#5909,#5910,#5911,#5912));
#2634=AXIS2_PLACEMENT_3D('',#5913,#5914,#5915);
#2635=EDGE_LOOP('',(#5916,#5917,#5918,#5919));
#2636=AXIS2_PLACEMENT_3D('',#5920,#5921,#5922);
#2637=EDGE_LOOP('',(#5923,#5924,#5925,#5926));
#2638=AXIS2_PLACEMENT_3D('',#5927,#5928,#5929);
#2639=EDGE_LOOP('',(#5930,#5931,#5932,#5933));
#2640=AXIS2_PLACEMENT_3D('',#5934,#5935,#5936);
#2641=EDGE_LOOP('',(#5937,#5938,#5939,#5940));
#2642=AXIS2_PLACEMENT_3D('',#5941,#5942,#5943);
#2643=EDGE_LOOP('',(#5944,#5945,#5946,#5947));
#2644=AXIS2_PLACEMENT_3D('',#5948,#5949,#5950);
#2645=EDGE_LOOP('',(#5951,#5952,#5953,#5954));
#2646=AXIS2_PLACEMENT_3D('',#5955,#5956,#5957);
#2647=EDGE_LOOP('',(#5958,#5959,#5960,#5961));
#2648=AXIS2_PLACEMENT_3D('',#5962,#5963,#5964);
#2649=EDGE_LOOP('',(#5965,#5966,#5967,#5968));
#2650=AXIS2_PLACEMENT_3D('',#5969,#5970,#5971);
#2651=EDGE_LOOP('',(#5972,#5973,#5974,#5975));
#2652=AXIS2_PLACEMENT_3D('',#5976,#5977,#5978);
#2653=EDGE_LOOP('',(#5979,#5980,#5981,#5982));
#2654=AXIS2_PLACEMENT_3D('',#5983,#5984,#5985);
#2655=EDGE_LOOP('',(#5986,#5987,#5988,#5989));
#2656=AXIS2_PLACEMENT_3D('',#5990,#5991,#5992);
#2657=EDGE_LOOP('',(#5993,#5994,#5995,#5996));
#2658=AXIS2_PLACEMENT_3D('',#5997,#5998,#5999);
#2659=EDGE_LOOP('',(#6000,#6001,#6002,#6003));
#2660=AXIS2_PLACEMENT_3D('',#6004,#6005,#6006);
#2661=EDGE_LOOP('',(#6007,#6008,#6009,#6010));
#2662=AXIS2_PLACEMENT_3D('',#6011,#6012,#6013);
#2663=EDGE_LOOP('',(#6014,#6015,#6016,#6017));
#2664=AXIS2_PLACEMENT_3D('',#6018,#6019,#6020);
#2665=EDGE_LOOP('',(#6021,#6022,#6023,#6024));
#2666=AXIS2_PLACEMENT_3D('',#6025,#6026,#6027);
#2667=EDGE_LOOP('',(#6028,#6029,#6030,#6031));
#2668=AXIS2_PLACEMENT_3D('',#6032,#6033,#6034);
#2669=EDGE_LOOP('',(#6035,#6036,#6037,#6038));
#2670=AXIS2_PLACEMENT_3D('',#6039,#6040,#6041);
#2671=EDGE_LOOP('',(#6042,#6043,#6044,#6045));
#2672=AXIS2_PLACEMENT_3D('',#6046,#6047,#6048);
#2673=EDGE_LOOP('',(#6049,#6050,#6051,#6052));
#2674=AXIS2_PLACEMENT_3D('',#6053,#6054,#6055);
#2675=EDGE_LOOP('',(#6056,#6057,#6058,#6059));
#2676=AXIS2_PLACEMENT_3D('',#6060,#6061,#6062);
#2677=EDGE_LOOP('',(#6063,#6064,#6065,#6066));
#2678=AXIS2_PLACEMENT_3D('',#6067,#6068,#6069);
#2679=EDGE_LOOP('',(#6070,#6071,#6072,#6073));
#2680=AXIS2_PLACEMENT_3D('',#6074,#6075,#6076);
#2681=EDGE_LOOP('',(#6077,#6078,#6079,#6080));
#2682=AXIS2_PLACEMENT_3D('',#6081,#6082,#6083);
#2683=EDGE_LOOP('',(#6084,#6085,#6086,#6087));
#2684=AXIS2_PLACEMENT_3D('',#6088,#6089,#6090);
#2685=EDGE_LOOP('',(#6091,#6092,#6093,#6094));
#2686=AXIS2_PLACEMENT_3D('',#6095,#6096,#6097);
#2687=EDGE_LOOP('',(#6098,#6099,#6100,#6101));
#2688=AXIS2_PLACEMENT_3D('',#6102,#6103,#6104);
#2689=EDGE_LOOP('',(#6105,#6106,#6107,#6108));
#2690=AXIS2_PLACEMENT_3D('',#6109,#6110,#6111);
#2691=EDGE_LOOP('',(#6112,#6113,#6114,#6115));
#2692=AXIS2_PLACEMENT_3D('',#6116,#6117,#6118);
#2693=EDGE_LOOP('',(#6119,#6120,#6121,#6122));
#2694=AXIS2_PLACEMENT_3D('',#6123,#6124,#6125);
#2695=EDGE_LOOP('',(#6126,#6127,#6128,#6129));
#2696=AXIS2_PLACEMENT_3D('',#6130,#6131,#6132);
#2697=EDGE_LOOP('',(#6133,#6134,#6135,#6136));
#2698=AXIS2_PLACEMENT_3D('',#6137,#6138,#6139);
#2699=EDGE_LOOP('',(#6140,#6141,#6142,#6143));
#2700=AXIS2_PLACEMENT_3D('',#6144,#6145,#6146);
#2701=EDGE_LOOP('',(#6147,#6148,#6149,#6150));
#2702=AXIS2_PLACEMENT_3D('',#6151,#6152,#6153);
#2703=EDGE_LOOP('',(#6154,#6155,#6156,#6157));
#2704=AXIS2_PLACEMENT_3D('',#6158,#6159,#6160);
#2705=EDGE_LOOP('',(#6161,#6162,#6163,#6164));
#2706=AXIS2_PLACEMENT_3D('',#6165,#6166,#6167);
#2707=EDGE_LOOP('',(#6168,#6169,#6170,#6171));
#2708=AXIS2_PLACEMENT_3D('',#6172,#6173,#6174);
#2709=EDGE_LOOP('',(#6175,#6176,#6177,#6178));
#2710=AXIS2_PLACEMENT_3D('',#6179,#6180,#6181);
#2711=EDGE_LOOP('',(#6182,#6183,#6184,#6185));
#2712=AXIS2_PLACEMENT_3D('',#6186,#6187,#6188);
#2713=EDGE_LOOP('',(#6189,#6190,#6191,#6192));
#2714=AXIS2_PLACEMENT_3D('',#6193,#6194,#6195);
#2715=EDGE_LOOP('',(#6196,#6197,#6198,#6199));
#2716=AXIS2_PLACEMENT_3D('',#6200,#6201,#6202);
#2717=EDGE_LOOP('',(#6203,#6204,#6205,#6206));
#2718=AXIS2_PLACEMENT_3D('',#6207,#6208,#6209);
#2719=EDGE_LOOP('',(#6210,#6211,#6212,#6213));
#2720=AXIS2_PLACEMENT_3D('',#6214,#6215,#6216);
#2721=EDGE_LOOP('',(#6217,#6218,#6219,#6220));
#2722=AXIS2_PLACEMENT_3D('',#6221,#6222,#6223);
#2723=EDGE_LOOP('',(#6224,#6225,#6226,#6227));
#2724=AXIS2_PLACEMENT_3D('',#6228,#6229,#6230);
#2725=EDGE_LOOP('',(#6231,#6232,#6233,#6234));
#2726=AXIS2_PLACEMENT_3D('',#6235,#6236,#6237);
#2727=EDGE_LOOP('',(#6238,#6239,#6240,#6241));
#2728=AXIS2_PLACEMENT_3D('',#6242,#6243,#6244);
#2729=EDGE_LOOP('',(#6245,#6246,#6247,#6248));
#2730=AXIS2_PLACEMENT_3D('',#6249,#6250,#6251);
#2731=EDGE_LOOP('',(#6252,#6253,#6254,#6255));
#2732=AXIS2_PLACEMENT_3D('',#6256,#6257,#6258);
#2733=EDGE_LOOP('',(#6259,#6260,#6261,#6262));
#2734=AXIS2_PLACEMENT_3D('',#6263,#6264,#6265);
#2735=EDGE_LOOP('',(#6266,#6267,#6268,#6269));
#2736=AXIS2_PLACEMENT_3D('',#6270,#6271,#6272);
#2737=EDGE_LOOP('',(#6273,#6274,#6275,#6276));
#2738=AXIS2_PLACEMENT_3D('',#6277,#6278,#6279);
#2739=EDGE_LOOP('',(#6280,#6281,#6282,#6283));
#2740=AXIS2_PLACEMENT_3D('',#6284,#6285,#6286);
#2741=EDGE_LOOP('',(#6287,#6288,#6289,#6290));
#2742=AXIS2_PLACEMENT_3D('',#6291,#6292,#6293);
#2743=EDGE_LOOP('',(#6294,#6295,#6296,#6297));
#2744=AXIS2_PLACEMENT_3D('',#6298,#6299,#6300);
#2745=EDGE_LOOP('',(#6301,#6302,#6303,#6304));
#2746=AXIS2_PLACEMENT_3D('',#6305,#6306,#6307);
#2747=EDGE_LOOP('',(#6308,#6309,#6310,#6311));
#2748=AXIS2_PLACEMENT_3D('',#6312,#6313,#6314);
#2749=EDGE_LOOP('',(#6315,#6316,#6317,#6318));
#2750=AXIS2_PLACEMENT_3D('',#6319,#6320,#6321);
#2751=EDGE_LOOP('',(#6322,#6323,#6324,#6325));
#2752=AXIS2_PLACEMENT_3D('',#6326,#6327,#6328);
#2753=EDGE_LOOP('',(#6329,#6330,#6331,#6332));
#2754=AXIS2_PLACEMENT_3D('',#6333,#6334,#6335);
#2755=EDGE_LOOP('',(#6336,#6337,#6338,#6339));
#2756=AXIS2_PLACEMENT_3D('',#6340,#6341,#6342);
#2757=EDGE_LOOP('',(#6343,#6344,#6345,#6346));
#2758=AXIS2_PLACEMENT_3D('',#6347,#6348,#6349);
#2759=EDGE_LOOP('',(#6350,#6351,#6352,#6353));
#2760=AXIS2_PLACEMENT_3D('',#6354,#6355,#6356);
#2761=EDGE_LOOP('',(#6357,#6358,#6359,#6360));
#2762=AXIS2_PLACEMENT_3D('',#6361,#6362,#6363);
#2763=EDGE_LOOP('',(#6364,#6365,#6366,#6367));
#2764=AXIS2_PLACEMENT_3D('',#6368,#6369,#6370);
#2765=EDGE_LOOP('',(#6371,#6372,#6373,#6374));
#2766=AXIS2_PLACEMENT_3D('',#6375,#6376,#6377);
#2767=EDGE_LOOP('',(#6378,#6379,#6380,#6381));
#2768=AXIS2_PLACEMENT_3D('',#6382,#6383,#6384);
#2769=EDGE_LOOP('',(#6385,#6386,#6387,#6388));
#2770=AXIS2_PLACEMENT_3D('',#6389,#6390,#6391);
#2771=EDGE_LOOP('',(#6392,#6393,#6394,#6395));
#2772=AXIS2_PLACEMENT_3D('',#6396,#6397,#6398);
#2773=EDGE_LOOP('',(#6399,#6400,#6401,#6402));
#2774=AXIS2_PLACEMENT_3D('',#6403,#6404,#6405);
#2775=EDGE_LOOP('',(#6406,#6407,#6408,#6409));
#2776=AXIS2_PLACEMENT_3D('',#6410,#6411,#6412);
#2777=EDGE_LOOP('',(#6413,#6414,#6415,#6416));
#2778=AXIS2_PLACEMENT_3D('',#6417,#6418,#6419);
#2779=EDGE_LOOP('',(#6420,#6421,#6422,#6423));
#2780=AXIS2_PLACEMENT_3D('',#6424,#6425,#6426);
#2781=EDGE_LOOP('',(#6427,#6428,#6429,#6430));
#2782=AXIS2_PLACEMENT_3D('',#6431,#6432,#6433);
#2783=EDGE_LOOP('',(#6434,#6435,#6436,#6437));
#2784=AXIS2_PLACEMENT_3D('',#6438,#6439,#6440);
#2785=EDGE_LOOP('',(#6441,#6442,#6443,#6444));
#2786=AXIS2_PLACEMENT_3D('',#6445,#6446,#6447);
#2787=EDGE_LOOP('',(#6448,#6449,#6450,#6451));
#2788=AXIS2_PLACEMENT_3D('',#6452,#6453,#6454);
#2789=EDGE_LOOP('',(#6455,#6456,#6457,#6458));
#2790=AXIS2_PLACEMENT_3D('',#6459,#6460,#6461);
#2791=EDGE_LOOP('',(#6462,#6463,#6464,#6465));
#2792=AXIS2_PLACEMENT_3D('',#6466,#6467,#6468);
#2793=EDGE_LOOP('',(#6469,#6470,#6471,#6472));
#2794=AXIS2_PLACEMENT_3D('',#6473,#6474,#6475);
#2795=EDGE_LOOP('',(#6476,#6477,#6478,#6479));
#2796=AXIS2_PLACEMENT_3D('',#6480,#6481,#6482);
#2797=EDGE_LOOP('',(#6483,#6484,#6485,#6486));
#2798=AXIS2_PLACEMENT_3D('',#6487,#6488,#6489);
#2799=EDGE_LOOP('',(#6490,#6491,#6492,#6493));
#2800=AXIS2_PLACEMENT_3D('',#6494,#6495,#6496);
#2801=EDGE_LOOP('',(#6497,#6498,#6499,#6500));
#2802=AXIS2_PLACEMENT_3D('',#6501,#6502,#6503);
#2803=EDGE_LOOP('',(#6504,#6505,#6506,#6507));
#2804=AXIS2_PLACEMENT_3D('',#6508,#6509,#6510);
#2805=EDGE_LOOP('',(#6511,#6512,#6513,#6514));
#2806=AXIS2_PLACEMENT_3D('',#6515,#6516,#6517);
#2807=EDGE_LOOP('',(#6518,#6519,#6520,#6521));
#2808=AXIS2_PLACEMENT_3D('',#6522,#6523,#6524);
#2809=EDGE_LOOP('',(#6525,#6526,#6527,#6528));
#2810=AXIS2_PLACEMENT_3D('',#6529,#6530,#6531);
#2811=EDGE_LOOP('',(#6532,#6533,#6534,#6535));
#2812=AXIS2_PLACEMENT_3D('',#6536,#6537,#6538);
#2813=EDGE_LOOP('',(#6539,#6540,#6541,#6542));
#2814=AXIS2_PLACEMENT_3D('',#6543,#6544,#6545);
#2815=EDGE_LOOP('',(#6546,#6547,#6548,#6549));
#2816=AXIS2_PLACEMENT_3D('',#6550,#6551,#6552);
#2817=EDGE_LOOP('',(#6553,#6554,#6555,#6556));
#2818=AXIS2_PLACEMENT_3D('',#6557,#6558,#6559);
#2819=EDGE_LOOP('',(#6560,#6561,#6562,#6563));
#2820=AXIS2_PLACEMENT_3D('',#6564,#6565,#6566);
#2821=EDGE_LOOP('',(#6567,#6568,#6569,#6570));
#2822=AXIS2_PLACEMENT_3D('',#6571,#6572,#6573);
#2823=EDGE_LOOP('',(#6574,#6575,#6576,#6577));
#2824=AXIS2_PLACEMENT_3D('',#6578,#6579,#6580);
#2825=EDGE_LOOP('',(#6581,#6582,#6583,#6584));
#2826=AXIS2_PLACEMENT_3D('',#6585,#6586,#6587);
#2827=EDGE_LOOP('',(#6588,#6589,#6590,#6591));
#2828=AXIS2_PLACEMENT_3D('',#6592,#6593,#6594);
#2829=EDGE_LOOP('',(#6595,#6596,#6597,#6598));
#2830=AXIS2_PLACEMENT_3D('',#6599,#6600,#6601);
#2831=EDGE_LOOP('',(#6602,#6603,#6604,#6605));
#2832=AXIS2_PLACEMENT_3D('',#6606,#6607,#6608);
#2833=EDGE_LOOP('',(#6609,#6610,#6611,#6612));
#2834=AXIS2_PLACEMENT_3D('',#6613,#6614,#6615);
#2835=EDGE_LOOP('',(#6616,#6617,#6618,#6619));
#2836=AXIS2_PLACEMENT_3D('',#6620,#6621,#6622);
#2837=EDGE_LOOP('',(#6623,#6624,#6625,#6626));
#2838=AXIS2_PLACEMENT_3D('',#6627,#6628,#6629);
#2839=EDGE_LOOP('',(#6630,#6631,#6632,#6633));
#2840=AXIS2_PLACEMENT_3D('',#6634,#6635,#6636);
#2841=EDGE_LOOP('',(#6637,#6638,#6639,#6640));
#2842=AXIS2_PLACEMENT_3D('',#6641,#6642,#6643);
#2843=EDGE_LOOP('',(#6644,#6645,#6646,#6647));
#2844=AXIS2_PLACEMENT_3D('',#6648,#6649,#6650);
#2845=EDGE_LOOP('',(#6651,#6652,#6653,#6654));
#2846=AXIS2_PLACEMENT_3D('',#6655,#6656,#6657);
#2847=EDGE_LOOP('',(#6658,#6659,#6660,#6661));
#2848=AXIS2_PLACEMENT_3D('',#6662,#6663,#6664);
#2849=EDGE_LOOP('',(#6665,#6666,#6667,#6668));
#2850=AXIS2_PLACEMENT_3D('',#6669,#6670,#6671);
#2851=EDGE_LOOP('',(#6672,#6673,#6674,#6675));
#2852=AXIS2_PLACEMENT_3D('',#6676,#6677,#6678);
#2853=EDGE_LOOP('',(#6679,#6680,#6681,#6682));
#2854=AXIS2_PLACEMENT_3D('',#6683,#6684,#6685);
#2855=EDGE_LOOP('',(#6686,#6687,#6688,#6689));
#2856=AXIS2_PLACEMENT_3D('',#6690,#6691,#6692);
#2857=EDGE_LOOP('',(#6693,#6694,#6695,#6696));
#2858=AXIS2_PLACEMENT_3D('',#6697,#6698,#6699);
#2859=EDGE_LOOP('',(#6700,#6701,#6702,#6703));
#2860=AXIS2_PLACEMENT_3D('',#6704,#6705,#6706);
#2861=EDGE_LOOP('',(#6707,#6708,#6709,#6710));
#2862=AXIS2_PLACEMENT_3D('',#6711,#6712,#6713);
#2863=EDGE_LOOP('',(#6714,#6715,#6716,#6717));
#2864=AXIS2_PLACEMENT_3D('',#6718,#6719,#6720);
#2865=EDGE_LOOP('',(#6721,#6722,#6723,#6724));
#2866=AXIS2_PLACEMENT_3D('',#6725,#6726,#6727);
#2867=EDGE_LOOP('',(#6728,#6729,#6730,#6731));
#2868=AXIS2_PLACEMENT_3D('',#6732,#6733,#6734);
#2869=EDGE_LOOP('',(#6735,#6736,#6737,#6738));
#2870=AXIS2_PLACEMENT_3D('',#6739,#6740,#6741);
#2871=EDGE_LOOP('',(#6742,#6743,#6744,#6745));
#2872=AXIS2_PLACEMENT_3D('',#6746,#6747,#6748);
#2873=EDGE_LOOP('',(#6749,#6750,#6751,#6752));
#2874=AXIS2_PLACEMENT_3D('',#6753,#6754,#6755);
#2875=EDGE_LOOP('',(#6756,#6757,#6758,#6759));
#2876=AXIS2_PLACEMENT_3D('',#6760,#6761,#6762);
#2877=EDGE_LOOP('',(#6763,#6764,#6765,#6766));
#2878=AXIS2_PLACEMENT_3D('',#6767,#6768,#6769);
#2879=EDGE_LOOP('',(#6770,#6771,#6772,#6773));
#2880=AXIS2_PLACEMENT_3D('',#6774,#6775,#6776);
#2881=EDGE_LOOP('',(#6777,#6778,#6779,#6780));
#2882=AXIS2_PLACEMENT_3D('',#6781,#6782,#6783);
#2883=EDGE_LOOP('',(#6784,#6785,#6786,#6787));
#2884=AXIS2_PLACEMENT_3D('',#6788,#6789,#6790);
#2885=EDGE_LOOP('',(#6791,#6792,#6793,#6794));
#2886=AXIS2_PLACEMENT_3D('',#6795,#6796,#6797);
#2887=EDGE_LOOP('',(#6798,#6799,#6800,#6801));
#2888=AXIS2_PLACEMENT_3D('',#6802,#6803,#6804);
#2889=EDGE_LOOP('',(#6805,#6806,#6807,#6808));
#2890=AXIS2_PLACEMENT_3D('',#6809,#6810,#6811);
#2891=EDGE_LOOP('',(#6812,#6813,#6814,#6815));
#2892=AXIS2_PLACEMENT_3D('',#6816,#6817,#6818);
#2893=EDGE_LOOP('',(#6819,#6820,#6821,#6822));
#2894=AXIS2_PLACEMENT_3D('',#6823,#6824,#6825);
#2895=EDGE_LOOP('',(#6826,#6827,#6828,#6829));
#2896=AXIS2_PLACEMENT_3D('',#6830,#6831,#6832);
#2897=EDGE_LOOP('',(#6833,#6834,#6835,#6836));
#2898=AXIS2_PLACEMENT_3D('',#6837,#6838,#6839);
#2899=LINE('',#6840,#6841);
#2900=LINE('',#6842,#6843);
#2901=LINE('',#6844,#6845);
#2902=LINE('',#6846,#6847);
#2903=LINE('',#6848,#6849);
#2904=LINE('',#6850,#6851);
#2905=LINE('',#6852,#6853);
#2906=LINE('',#6854,#6855);
#2907=LINE('',#6856,#6857);
#2908=LINE('',#6858,#6859);
#2909=LINE('',#6860,#6861);
#2910=LINE('',#6862,#6863);
#2911=LINE('',#6864,#6865);
#2912=LINE('',#6866,#6867);
#2913=LINE('',#6868,#6869);
#2914=LINE('',#6870,#6871);
#2915=LINE('',#6872,#6873);
#2916=LINE('',#6874,#6875);
#2917=LINE('',#6876,#6877);
#2918=LINE('',#6878,#6879);
#2919=LINE('',#6880,#6881);
#2920=LINE('',#6882,#6883);
#2921=LINE('',#6884,#6885);
#2922=LINE('',#6886,#6887);
#2923=LINE('',#6888,#6889);
#2924=LINE('',#6890,#6891);
#2925=LINE('',#6892,#6893);
#2926=LINE('',#6894,#6895);
#2927=LINE('',#6896,#6897);
#2928=LINE('',#6898,#6899);
#2929=LINE('',#6900,#6901);
#2930=LINE('',#6902,#6903);
#2931=LINE('',#6904,#6905);
#2932=LINE('',#6906,#6907);
#2933=LINE('',#6908,#6909);
#2934=LINE('',#6910,#6911);
#2935=LINE('',#6912,#6913);
#2936=LINE('',#6914,#6915);
#2937=LINE('',#6916,#6917);
#2938=LINE('',#6918,#6919);
#2939=LINE('',#6920,#6921);
#2940=LINE('',#6922,#6923);
#2941=LINE('',#6924,#6925);
#2942=LINE('',#6926,#6927);
#2943=LINE('',#6928,#6929);
#2944=LINE('',#6930,#6931);
#2945=LINE('',#6932,#6933);
#2946=LINE('',#6934,#6935);
#2947=LINE('',#6936,#6937);
#2948=LINE('',#6938,#6939);
#2949=LINE('',#6940,#6941);
#2950=LINE('',#6942,#6943);
#2951=LINE('',#6944,#6945);
#2952=LINE('',#6946,#6947);
#2953=LINE('',#6948,#6949);
#2954=LINE('',#6950,#6951);
#2955=LINE('',#6952,#6953);
#2956=LINE('',#6954,#6955);
#2957=LINE('',#6956,#6957);
#2958=LINE('',#6958,#6959);
#2959=LINE('',#6960,#6961);
#2960=LINE('',#6962,#6963);
#2961=LINE('',#6964,#6965);
#2962=LINE('',#6966,#6967);
#2963=LINE('',#6968,#6969);
#2964=LINE('',#6970,#6971);
#2965=LINE('',#6972,#6973);
#2966=LINE('',#6974,#6975);
#2967=LINE('',#6976,#6977);
#2968=LINE('',#6978,#6979);
#2969=LINE('',#6980,#6981);
#2970=LINE('',#6982,#6983);
#2971=LINE('',#6984,#6985);
#2972=LINE('',#6986,#6987);
#2973=LINE('',#6988,#6989);
#2974=LINE('',#6990,#6991);
#2975=LINE('',#6992,#6993);
#2976=LINE('',#6994,#6995);
#2977=LINE('',#6996,#6997);
#2978=LINE('',#6998,#6999);
#2979=LINE('',#7000,#7001);
#2980=LINE('',#7002,#7003);
#2981=LINE('',#7004,#7005);
#2982=LINE('',#7006,#7007);
#2983=LINE('',#7008,#7009);
#2984=LINE('',#7010,#7011);
#2985=LINE('',#7012,#7013);
#2986=LINE('',#7014,#7015);
#2987=LINE('',#7016,#7017);
#2988=LINE('',#7018,#7019);
#2989=LINE('',#7020,#7021);
#2990=LINE('',#7022,#7023);
#2991=LINE('',#7024,#7025);
#2992=LINE('',#7026,#7027);
#2993=LINE('',#7028,#7029);
#2994=LINE('',#7030,#7031);
#2995=LINE('',#7032,#7033);
#2996=LINE('',#7034,#7035);
#2997=LINE('',#7036,#7037);
#2998=LINE('',#7038,#7039);
#2999=LINE('',#7040,#7041);
#3000=LINE('',#7042,#7043);
#3001=LINE('',#7044,#7045);
#3002=LINE('',#7046,#7047);
#3003=LINE('',#7048,#7049);
#3004=LINE('',#7050,#7051);
#3005=LINE('',#7052,#7053);
#3006=LINE('',#7054,#7055);
#3007=LINE('',#7056,#7057);
#3008=LINE('',#7058,#7059);
#3009=LINE('',#7060,#7061);
#3010=LINE('',#7062,#7063);
#3011=LINE('',#7064,#7065);
#3012=LINE('',#7066,#7067);
#3013=LINE('',#7068,#7069);
#3014=LINE('',#7070,#7071);
#3015=LINE('',#7072,#7073);
#3016=LINE('',#7074,#7075);
#3017=LINE('',#7076,#7077);
#3018=LINE('',#7078,#7079);
#3019=LINE('',#7080,#7081);
#3020=LINE('',#7082,#7083);
#3021=LINE('',#7084,#7085);
#3022=LINE('',#7086,#7087);
#3023=LINE('',#7088,#7089);
#3024=LINE('',#7090,#7091);
#3025=LINE('',#7092,#7093);
#3026=LINE('',#7094,#7095);
#3027=LINE('',#7096,#7097);
#3028=LINE('',#7098,#7099);
#3029=LINE('',#7100,#7101);
#3030=LINE('',#7102,#7103);
#3031=LINE('',#7104,#7105);
#3032=LINE('',#7106,#7107);
#3033=LINE('',#7108,#7109);
#3034=LINE('',#7110,#7111);
#3035=LINE('',#7112,#7113);
#3036=LINE('',#7114,#7115);
#3037=LINE('',#7116,#7117);
#3038=LINE('',#7118,#7119);
#3039=LINE('',#7120,#7121);
#3040=LINE('',#7122,#7123);
#3041=LINE('',#7124,#7125);
#3042=LINE('',#7126,#7127);
#3043=LINE('',#7128,#7129);
#3044=LINE('',#7130,#7131);
#3045=LINE('',#7132,#7133);
#3046=LINE('',#7134,#7135);
#3047=LINE('',#7136,#7137);
#3048=LINE('',#7138,#7139);
#3049=LINE('',#7140,#7141);
#3050=LINE('',#7142,#7143);
#3051=LINE('',#7144,#7145);
#3052=LINE('',#7146,#7147);
#3053=LINE('',#7148,#7149);
#3054=LINE('',#7150,#7151);
#3055=LINE('',#7152,#7153);
#3056=LINE('',#7154,#7155);
#3057=LINE('',#7156,#7157);
#3058=LINE('',#7158,#7159);
#3059=LINE('',#7160,#7161);
#3060=LINE('',#7162,#7163);
#3061=LINE('',#7164,#7165);
#3062=LINE('',#7166,#7167);
#3063=LINE('',#7168,#7169);
#3064=LINE('',#7170,#7171);
#3065=LINE('',#7172,#7173);
#3066=LINE('',#7174,#7175);
#3067=LINE('',#7176,#7177);
#3068=LINE('',#7178,#7179);
#3069=LINE('',#7180,#7181);
#3070=LINE('',#7182,#7183);
#3071=LINE('',#7184,#7185);
#3072=LINE('',#7186,#7187);
#3073=LINE('',#7188,#7189);
#3074=LINE('',#7190,#7191);
#3075=LINE('',#7192,#7193);
#3076=LINE('',#7194,#7195);
#3077=LINE('',#7196,#7197);
#3078=LINE('',#7198,#7199);
#3079=LINE('',#7200,#7201);
#3080=LINE('',#7202,#7203);
#3081=LINE('',#7204,#7205);
#3082=LINE('',#7206,#7207);
#3083=LINE('',#7208,#7209);
#3084=LINE('',#7210,#7211);
#3085=LINE('',#7212,#7213);
#3086=LINE('',#7214,#7215);
#3087=LINE('',#7216,#7217);
#3088=LINE('',#7218,#7219);
#3089=LINE('',#7220,#7221);
#3090=LINE('',#7222,#7223);
#3091=LINE('',#7224,#7225);
#3092=LINE('',#7226,#7227);
#3093=LINE('',#7228,#7229);
#3094=LINE('',#7230,#7231);
#3095=LINE('',#7232,#7233);
#3096=LINE('',#7234,#7235);
#3097=LINE('',#7236,#7237);
#3098=LINE('',#7238,#7239);
#3099=LINE('',#7240,#7241);
#3100=LINE('',#7242,#7243);
#3101=LINE('',#7244,#7245);
#3102=LINE('',#7246,#7247);
#3103=LINE('',#7248,#7249);
#3104=LINE('',#7250,#7251);
#3105=LINE('',#7252,#7253);
#3106=LINE('',#7254,#7255);
#3107=LINE('',#7256,#7257);
#3108=LINE('',#7258,#7259);
#3109=LINE('',#7260,#7261);
#3110=LINE('',#7262,#7263);
#3111=LINE('',#7264,#7265);
#3112=LINE('',#7266,#7267);
#3113=LINE('',#7268,#7269);
#3114=LINE('',#7270,#7271);
#3115=LINE('',#7272,#7273);
#3116=LINE('',#7274,#7275);
#3117=LINE('',#7276,#7277);
#3118=LINE('',#7278,#7279);
#3119=LINE('',#7280,#7281);
#3120=LINE('',#7282,#7283);
#3121=LINE('',#7284,#7285);
#3122=LINE('',#7286,#7287);
#3123=LINE('',#7288,#7289);
#3124=LINE('',#7290,#7291);
#3125=LINE('',#7292,#7293);
#3126=LINE('',#7294,#7295);
#3127=LINE('',#7296,#7297);
#3128=LINE('',#7298,#7299);
#3129=LINE('',#7300,#7301);
#3130=LINE('',#7302,#7303);
#3131=LINE('',#7304,#7305);
#3132=LINE('',#7306,#7307);
#3133=LINE('',#7308,#7309);
#3134=LINE('',#7310,#7311);
#3135=LINE('',#7312,#7313);
#3136=LINE('',#7314,#7315);
#3137=LINE('',#7316,#7317);
#3138=LINE('',#7318,#7319);
#3139=LINE('',#7320,#7321);
#3140=LINE('',#7322,#7323);
#3141=LINE('',#7324,#7325);
#3142=LINE('',#7326,#7327);
#3143=LINE('',#7328,#7329);
#3144=LINE('',#7330,#7331);
#3145=LINE('',#7332,#7333);
#3146=LINE('',#7334,#7335);
#3147=LINE('',#7336,#7337);
#3148=LINE('',#7338,#7339);
#3149=LINE('',#7340,#7341);
#3150=LINE('',#7342,#7343);
#3151=LINE('',#7344,#7345);
#3152=LINE('',#7346,#7347);
#3153=LINE('',#7348,#7349);
#3154=LINE('',#7350,#7351);
#3155=ORIENTED_EDGE('',*,*,#7352,.T.);
#3156=ORIENTED_EDGE('',*,*,#7353,.T.);
#3157=ORIENTED_EDGE('',*,*,#7354,.T.);
#3158=ORIENTED_EDGE('',*,*,#7355,.F.);
#3159=ORIENTED_EDGE('',*,*,#7356,.F.);
#3160=ORIENTED_EDGE('',*,*,#7357,.F.);
#3161=ORIENTED_EDGE('',*,*,#7358,.T.);
#3162=ORIENTED_EDGE('',*,*,#7359,.F.);
#3163=ORIENTED_EDGE('',*,*,#7360,.F.);
#3164=ORIENTED_EDGE('',*,*,#7361,.F.);
#3165=ORIENTED_EDGE('',*,*,#7362,.T.);
#3166=ORIENTED_EDGE('',*,*,#7363,.F.);
#3167=ORIENTED_EDGE('',*,*,#7364,.F.);
#3168=ORIENTED_EDGE('',*,*,#7365,.F.);
#3169=ORIENTED_EDGE('',*,*,#7366,.T.);
#3170=ORIENTED_EDGE('',*,*,#7367,.F.);
#3171=ORIENTED_EDGE('',*,*,#7368,.F.);
#3172=ORIENTED_EDGE('',*,*,#7369,.F.);
#3173=ORIENTED_EDGE('',*,*,#7370,.T.);
#3174=ORIENTED_EDGE('',*,*,#7371,.F.);
#3175=ORIENTED_EDGE('',*,*,#7372,.F.);
#3176=ORIENTED_EDGE('',*,*,#7373,.F.);
#3177=ORIENTED_EDGE('',*,*,#7374,.T.);
#3178=ORIENTED_EDGE('',*,*,#7375,.F.);
#3179=ORIENTED_EDGE('',*,*,#7376,.F.);
#3180=ORIENTED_EDGE('',*,*,#7377,.F.);
#3181=ORIENTED_EDGE('',*,*,#7378,.T.);
#3182=ORIENTED_EDGE('',*,*,#7379,.F.);
#3183=ORIENTED_EDGE('',*,*,#7380,.F.);
#3184=ORIENTED_EDGE('',*,*,#7381,.F.);
#3185=ORIENTED_EDGE('',*,*,#7382,.T.);
#3186=ORIENTED_EDGE('',*,*,#7383,.F.);
#3187=ORIENTED_EDGE('',*,*,#7384,.F.);
#3188=ORIENTED_EDGE('',*,*,#7385,.F.);
#3189=ORIENTED_EDGE('',*,*,#7386,.T.);
#3190=ORIENTED_EDGE('',*,*,#7387,.F.);
#3191=ORIENTED_EDGE('',*,*,#7388,.F.);
#3192=ORIENTED_EDGE('',*,*,#7389,.F.);
#3193=ORIENTED_EDGE('',*,*,#7390,.T.);
#3194=ORIENTED_EDGE('',*,*,#7391,.F.);
#3195=ORIENTED_EDGE('',*,*,#7392,.F.);
#3196=ORIENTED_EDGE('',*,*,#7393,.F.);
#3197=ORIENTED_EDGE('',*,*,#7394,.T.);
#3198=ORIENTED_EDGE('',*,*,#7395,.F.);
#3199=ORIENTED_EDGE('',*,*,#7396,.F.);
#3200=ORIENTED_EDGE('',*,*,#7397,.F.);
#3201=ORIENTED_EDGE('',*,*,#7398,.T.);
#3202=ORIENTED_EDGE('',*,*,#7399,.F.);
#3203=ORIENTED_EDGE('',*,*,#7400,.F.);
#3204=ORIENTED_EDGE('',*,*,#7401,.F.);
#3205=ORIENTED_EDGE('',*,*,#7402,.T.);
#3206=ORIENTED_EDGE('',*,*,#7403,.F.);
#3207=ORIENTED_EDGE('',*,*,#7404,.F.);
#3208=ORIENTED_EDGE('',*,*,#7405,.F.);
#3209=ORIENTED_EDGE('',*,*,#7406,.T.);
#3210=ORIENTED_EDGE('',*,*,#7407,.F.);
#3211=ORIENTED_EDGE('',*,*,#7408,.F.);
#3212=ORIENTED_EDGE('',*,*,#7409,.F.);
#3213=ORIENTED_EDGE('',*,*,#7410,.T.);
#3214=ORIENTED_EDGE('',*,*,#7411,.F.);
#3215=ORIENTED_EDGE('',*,*,#7412,.F.);
#3216=ORIENTED_EDGE('',*,*,#7413,.F.);
#3217=ORIENTED_EDGE('',*,*,#7414,.T.);
#3218=ORIENTED_EDGE('',*,*,#7415,.F.);
#3219=ORIENTED_EDGE('',*,*,#7416,.F.);
#3220=ORIENTED_EDGE('',*,*,#7417,.F.);
#3221=ORIENTED_EDGE('',*,*,#7418,.T.);
#3222=ORIENTED_EDGE('',*,*,#7419,.F.);
#3223=ORIENTED_EDGE('',*,*,#7420,.F.);
#3224=ORIENTED_EDGE('',*,*,#7421,.F.);
#3225=ORIENTED_EDGE('',*,*,#7422,.T.);
#3226=ORIENTED_EDGE('',*,*,#7423,.F.);
#3227=ORIENTED_EDGE('',*,*,#7424,.F.);
#3228=ORIENTED_EDGE('',*,*,#7425,.F.);
#3229=ORIENTED_EDGE('',*,*,#7426,.T.);
#3230=ORIENTED_EDGE('',*,*,#7427,.F.);
#3231=ORIENTED_EDGE('',*,*,#7428,.F.);
#3232=ORIENTED_EDGE('',*,*,#7429,.F.);
#3233=ORIENTED_EDGE('',*,*,#7430,.T.);
#3234=ORIENTED_EDGE('',*,*,#7431,.F.);
#3235=ORIENTED_EDGE('',*,*,#7432,.F.);
#3236=ORIENTED_EDGE('',*,*,#7433,.F.);
#3237=ORIENTED_EDGE('',*,*,#7434,.T.);
#3238=ORIENTED_EDGE('',*,*,#7435,.F.);
#3239=ORIENTED_EDGE('',*,*,#7436,.F.);
#3240=ORIENTED_EDGE('',*,*,#7437,.F.);
#3241=ORIENTED_EDGE('',*,*,#7438,.T.);
#3242=ORIENTED_EDGE('',*,*,#7439,.F.);
#3243=ORIENTED_EDGE('',*,*,#7440,.F.);
#3244=ORIENTED_EDGE('',*,*,#7441,.F.);
#3245=ORIENTED_EDGE('',*,*,#7442,.T.);
#3246=ORIENTED_EDGE('',*,*,#7443,.F.);
#3247=ORIENTED_EDGE('',*,*,#7444,.F.);
#3248=ORIENTED_EDGE('',*,*,#7445,.F.);
#3249=ORIENTED_EDGE('',*,*,#7446,.T.);
#3250=ORIENTED_EDGE('',*,*,#7447,.F.);
#3251=ORIENTED_EDGE('',*,*,#7448,.F.);
#3252=ORIENTED_EDGE('',*,*,#7449,.F.);
#3253=ORIENTED_EDGE('',*,*,#7450,.T.);
#3254=ORIENTED_EDGE('',*,*,#7451,.F.);
#3255=ORIENTED_EDGE('',*,*,#7452,.F.);
#3256=ORIENTED_EDGE('',*,*,#7453,.F.);
#3257=ORIENTED_EDGE('',*,*,#7454,.T.);
#3258=ORIENTED_EDGE('',*,*,#7455,.F.);
#3259=ORIENTED_EDGE('',*,*,#7456,.F.);
#3260=ORIENTED_EDGE('',*,*,#7457,.F.);
#3261=ORIENTED_EDGE('',*,*,#7458,.T.);
#3262=ORIENTED_EDGE('',*,*,#7459,.F.);
#3263=ORIENTED_EDGE('',*,*,#7460,.F.);
#3264=ORIENTED_EDGE('',*,*,#7461,.F.);
#3265=ORIENTED_EDGE('',*,*,#7462,.T.);
#3266=ORIENTED_EDGE('',*,*,#7463,.F.);
#3267=ORIENTED_EDGE('',*,*,#7464,.F.);
#3268=ORIENTED_EDGE('',*,*,#7465,.F.);
#3269=ORIENTED_EDGE('',*,*,#7466,.T.);
#3270=ORIENTED_EDGE('',*,*,#7467,.F.);
#3271=ORIENTED_EDGE('',*,*,#7468,.F.);
#3272=ORIENTED_EDGE('',*,*,#7469,.F.);
#3273=ORIENTED_EDGE('',*,*,#7470,.T.);
#3274=ORIENTED_EDGE('',*,*,#7471,.F.);
#3275=ORIENTED_EDGE('',*,*,#7472,.F.);
#3276=ORIENTED_EDGE('',*,*,#7473,.F.);
#3277=ORIENTED_EDGE('',*,*,#7474,.T.);
#3278=ORIENTED_EDGE('',*,*,#7475,.F.);
#3279=CARTESIAN_POINT('',(0.0,-0.4,0.0));
#3280=DIRECTION('',(-0.0,1.0,0.0));
#3281=DIRECTION('',(1.0,0.0,0.0));
#3282=ORIENTED_EDGE('',*,*,#7476,.T.);
#3283=ORIENTED_EDGE('',*,*,#7477,.T.);
#3284=ORIENTED_EDGE('',*,*,#7478,.F.);
#3285=ORIENTED_EDGE('',*,*,#7479,.F.);
#3286=ORIENTED_EDGE('',*,*,#7480,.T.);
#3287=ORIENTED_EDGE('',*,*,#7481,.T.);
#3288=ORIENTED_EDGE('',*,*,#7482,.F.);
#3289=ORIENTED_EDGE('',*,*,#7483,.F.);
#3290=ORIENTED_EDGE('',*,*,#7484,.T.);
#3291=ORIENTED_EDGE('',*,*,#7485,.T.);
#3292=ORIENTED_EDGE('',*,*,#7486,.F.);
#3293=ORIENTED_EDGE('',*,*,#7487,.F.);
#3294=ORIENTED_EDGE('',*,*,#7488,.T.);
#3295=ORIENTED_EDGE('',*,*,#7489,.T.);
#3296=ORIENTED_EDGE('',*,*,#7490,.F.);
#3297=ORIENTED_EDGE('',*,*,#7491,.F.);
#3298=ORIENTED_EDGE('',*,*,#7492,.T.);
#3299=ORIENTED_EDGE('',*,*,#7493,.T.);
#3300=ORIENTED_EDGE('',*,*,#7494,.F.);
#3301=ORIENTED_EDGE('',*,*,#7495,.F.);
#3302=ORIENTED_EDGE('',*,*,#7496,.T.);
#3303=ORIENTED_EDGE('',*,*,#7497,.T.);
#3304=ORIENTED_EDGE('',*,*,#7498,.F.);
#3305=ORIENTED_EDGE('',*,*,#7499,.F.);
#3306=ORIENTED_EDGE('',*,*,#7500,.T.);
#3307=ORIENTED_EDGE('',*,*,#7501,.T.);
#3308=ORIENTED_EDGE('',*,*,#7502,.F.);
#3309=ORIENTED_EDGE('',*,*,#7503,.F.);
#3310=ORIENTED_EDGE('',*,*,#7504,.T.);
#3311=ORIENTED_EDGE('',*,*,#7505,.T.);
#3312=ORIENTED_EDGE('',*,*,#7506,.F.);
#3313=ORIENTED_EDGE('',*,*,#7507,.F.);
#3314=ORIENTED_EDGE('',*,*,#7508,.T.);
#3315=ORIENTED_EDGE('',*,*,#7509,.T.);
#3316=ORIENTED_EDGE('',*,*,#7510,.F.);
#3317=ORIENTED_EDGE('',*,*,#7511,.F.);
#3318=ORIENTED_EDGE('',*,*,#7512,.T.);
#3319=ORIENTED_EDGE('',*,*,#7513,.T.);
#3320=ORIENTED_EDGE('',*,*,#7514,.F.);
#3321=ORIENTED_EDGE('',*,*,#7515,.F.);
#3322=ORIENTED_EDGE('',*,*,#7516,.T.);
#3323=ORIENTED_EDGE('',*,*,#7517,.T.);
#3324=ORIENTED_EDGE('',*,*,#7518,.F.);
#3325=ORIENTED_EDGE('',*,*,#7519,.F.);
#3326=ORIENTED_EDGE('',*,*,#7520,.T.);
#3327=ORIENTED_EDGE('',*,*,#7521,.T.);
#3328=ORIENTED_EDGE('',*,*,#7522,.F.);
#3329=ORIENTED_EDGE('',*,*,#7523,.F.);
#3330=ORIENTED_EDGE('',*,*,#7524,.T.);
#3331=ORIENTED_EDGE('',*,*,#7525,.T.);
#3332=ORIENTED_EDGE('',*,*,#7526,.F.);
#3333=ORIENTED_EDGE('',*,*,#7527,.F.);
#3334=ORIENTED_EDGE('',*,*,#7528,.T.);
#3335=ORIENTED_EDGE('',*,*,#7529,.T.);
#3336=ORIENTED_EDGE('',*,*,#7530,.F.);
#3337=ORIENTED_EDGE('',*,*,#7531,.F.);
#3338=ORIENTED_EDGE('',*,*,#7532,.T.);
#3339=ORIENTED_EDGE('',*,*,#7533,.T.);
#3340=ORIENTED_EDGE('',*,*,#7534,.F.);
#3341=ORIENTED_EDGE('',*,*,#7535,.F.);
#3342=ORIENTED_EDGE('',*,*,#7536,.T.);
#3343=ORIENTED_EDGE('',*,*,#7537,.T.);
#3344=ORIENTED_EDGE('',*,*,#7538,.F.);
#3345=ORIENTED_EDGE('',*,*,#7539,.F.);
#3346=ORIENTED_EDGE('',*,*,#7540,.T.);
#3347=ORIENTED_EDGE('',*,*,#7541,.T.);
#3348=ORIENTED_EDGE('',*,*,#7542,.F.);
#3349=ORIENTED_EDGE('',*,*,#7543,.F.);
#3350=ORIENTED_EDGE('',*,*,#7544,.T.);
#3351=ORIENTED_EDGE('',*,*,#7545,.T.);
#3352=ORIENTED_EDGE('',*,*,#7546,.F.);
#3353=ORIENTED_EDGE('',*,*,#7547,.F.);
#3354=ORIENTED_EDGE('',*,*,#7548,.T.);
#3355=ORIENTED_EDGE('',*,*,#7549,.T.);
#3356=ORIENTED_EDGE('',*,*,#7550,.F.);
#3357=ORIENTED_EDGE('',*,*,#7551,.F.);
#3358=ORIENTED_EDGE('',*,*,#7552,.T.);
#3359=ORIENTED_EDGE('',*,*,#7553,.T.);
#3360=ORIENTED_EDGE('',*,*,#7554,.F.);
#3361=ORIENTED_EDGE('',*,*,#7555,.F.);
#3362=ORIENTED_EDGE('',*,*,#7556,.T.);
#3363=ORIENTED_EDGE('',*,*,#7557,.T.);
#3364=ORIENTED_EDGE('',*,*,#7558,.F.);
#3365=ORIENTED_EDGE('',*,*,#7559,.F.);
#3366=ORIENTED_EDGE('',*,*,#7560,.T.);
#3367=ORIENTED_EDGE('',*,*,#7561,.T.);
#3368=ORIENTED_EDGE('',*,*,#7562,.F.);
#3369=ORIENTED_EDGE('',*,*,#7563,.F.);
#3370=ORIENTED_EDGE('',*,*,#7564,.T.);
#3371=ORIENTED_EDGE('',*,*,#7565,.T.);
#3372=ORIENTED_EDGE('',*,*,#7566,.F.);
#3373=ORIENTED_EDGE('',*,*,#7567,.F.);
#3374=ORIENTED_EDGE('',*,*,#7568,.T.);
#3375=ORIENTED_EDGE('',*,*,#7569,.T.);
#3376=ORIENTED_EDGE('',*,*,#7570,.F.);
#3377=ORIENTED_EDGE('',*,*,#7571,.F.);
#3378=ORIENTED_EDGE('',*,*,#7572,.T.);
#3379=ORIENTED_EDGE('',*,*,#7573,.T.);
#3380=ORIENTED_EDGE('',*,*,#7574,.F.);
#3381=ORIENTED_EDGE('',*,*,#7575,.F.);
#3382=ORIENTED_EDGE('',*,*,#7576,.T.);
#3383=ORIENTED_EDGE('',*,*,#7577,.T.);
#3384=ORIENTED_EDGE('',*,*,#7578,.F.);
#3385=ORIENTED_EDGE('',*,*,#7579,.F.);
#3386=ORIENTED_EDGE('',*,*,#7580,.T.);
#3387=ORIENTED_EDGE('',*,*,#7581,.T.);
#3388=ORIENTED_EDGE('',*,*,#7582,.F.);
#3389=ORIENTED_EDGE('',*,*,#7583,.F.);
#3390=ORIENTED_EDGE('',*,*,#7584,.T.);
#3391=ORIENTED_EDGE('',*,*,#7585,.T.);
#3392=ORIENTED_EDGE('',*,*,#7586,.F.);
#3393=ORIENTED_EDGE('',*,*,#7587,.F.);
#3394=ORIENTED_EDGE('',*,*,#7588,.T.);
#3395=ORIENTED_EDGE('',*,*,#7589,.T.);
#3396=ORIENTED_EDGE('',*,*,#7590,.F.);
#3397=ORIENTED_EDGE('',*,*,#7591,.F.);
#3398=ORIENTED_EDGE('',*,*,#7592,.T.);
#3399=ORIENTED_EDGE('',*,*,#7593,.F.);
#3400=ORIENTED_EDGE('',*,*,#7594,.T.);
#3401=ORIENTED_EDGE('',*,*,#7595,.F.);
#3402=ORIENTED_EDGE('',*,*,#7596,.T.);
#3403=ORIENTED_EDGE('',*,*,#7597,.T.);
#3404=ORIENTED_EDGE('',*,*,#7598,.F.);
#3405=ORIENTED_EDGE('',*,*,#7599,.F.);
#3406=CARTESIAN_POINT('',(0.0,-0.4,0.0));
#3407=DIRECTION('',(-0.0,1.0,0.0));
#3408=DIRECTION('',(1.0,0.0,0.0));
#3409=ORIENTED_EDGE('',*,*,#7600,.F.);
#3410=ORIENTED_EDGE('',*,*,#7601,.T.);
#3411=ORIENTED_EDGE('',*,*,#7602,.T.);
#3412=ORIENTED_EDGE('',*,*,#7603,.F.);
#3413=CARTESIAN_POINT('',(-5.805,-0.4,0.63));
#3414=DIRECTION('',(0.0,0.0,1.0));
#3415=DIRECTION('',(1.0,0.0,0.0));
#3416=ORIENTED_EDGE('',*,*,#7604,.F.);
#3417=ORIENTED_EDGE('',*,*,#7605,.F.);
#3418=ORIENTED_EDGE('',*,*,#7606,.T.);
#3419=ORIENTED_EDGE('',*,*,#7607,.F.);
#3420=CARTESIAN_POINT('',(-5.805,-0.4,0.63));
#3421=DIRECTION('',(0.0,0.0,1.0));
#3422=DIRECTION('',(1.0,0.0,0.0));
#3423=ORIENTED_EDGE('',*,*,#7608,.F.);
#3424=ORIENTED_EDGE('',*,*,#7475,.T.);
#3425=ORIENTED_EDGE('',*,*,#7609,.T.);
#3426=ORIENTED_EDGE('',*,*,#7610,.T.);
#3427=ORIENTED_EDGE('',*,*,#7611,.F.);
#3428=ORIENTED_EDGE('',*,*,#7471,.T.);
#3429=ORIENTED_EDGE('',*,*,#7612,.T.);
#3430=ORIENTED_EDGE('',*,*,#7613,.T.);
#3431=ORIENTED_EDGE('',*,*,#7614,.F.);
#3432=ORIENTED_EDGE('',*,*,#7467,.T.);
#3433=ORIENTED_EDGE('',*,*,#7615,.T.);
#3434=ORIENTED_EDGE('',*,*,#7616,.T.);
#3435=ORIENTED_EDGE('',*,*,#7617,.F.);
#3436=ORIENTED_EDGE('',*,*,#7463,.T.);
#3437=ORIENTED_EDGE('',*,*,#7618,.T.);
#3438=ORIENTED_EDGE('',*,*,#7619,.T.);
#3439=ORIENTED_EDGE('',*,*,#7620,.F.);
#3440=ORIENTED_EDGE('',*,*,#7459,.T.);
#3441=ORIENTED_EDGE('',*,*,#7621,.T.);
#3442=ORIENTED_EDGE('',*,*,#7622,.T.);
#3443=ORIENTED_EDGE('',*,*,#7623,.F.);
#3444=ORIENTED_EDGE('',*,*,#7455,.T.);
#3445=ORIENTED_EDGE('',*,*,#7624,.T.);
#3446=ORIENTED_EDGE('',*,*,#7625,.T.);
#3447=ORIENTED_EDGE('',*,*,#7626,.F.);
#3448=ORIENTED_EDGE('',*,*,#7451,.T.);
#3449=ORIENTED_EDGE('',*,*,#7627,.T.);
#3450=ORIENTED_EDGE('',*,*,#7628,.T.);
#3451=ORIENTED_EDGE('',*,*,#7629,.F.);
#3452=ORIENTED_EDGE('',*,*,#7447,.T.);
#3453=ORIENTED_EDGE('',*,*,#7630,.T.);
#3454=ORIENTED_EDGE('',*,*,#7631,.T.);
#3455=ORIENTED_EDGE('',*,*,#7632,.F.);
#3456=ORIENTED_EDGE('',*,*,#7443,.T.);
#3457=ORIENTED_EDGE('',*,*,#7633,.T.);
#3458=ORIENTED_EDGE('',*,*,#7634,.T.);
#3459=ORIENTED_EDGE('',*,*,#7635,.F.);
#3460=ORIENTED_EDGE('',*,*,#7439,.T.);
#3461=ORIENTED_EDGE('',*,*,#7636,.T.);
#3462=ORIENTED_EDGE('',*,*,#7637,.T.);
#3463=ORIENTED_EDGE('',*,*,#7638,.F.);
#3464=ORIENTED_EDGE('',*,*,#7435,.T.);
#3465=ORIENTED_EDGE('',*,*,#7639,.T.);
#3466=ORIENTED_EDGE('',*,*,#7640,.T.);
#3467=ORIENTED_EDGE('',*,*,#7641,.F.);
#3468=ORIENTED_EDGE('',*,*,#7431,.T.);
#3469=ORIENTED_EDGE('',*,*,#7642,.T.);
#3470=ORIENTED_EDGE('',*,*,#7643,.T.);
#3471=ORIENTED_EDGE('',*,*,#7644,.F.);
#3472=ORIENTED_EDGE('',*,*,#7427,.T.);
#3473=ORIENTED_EDGE('',*,*,#7645,.T.);
#3474=ORIENTED_EDGE('',*,*,#7646,.T.);
#3475=ORIENTED_EDGE('',*,*,#7647,.F.);
#3476=ORIENTED_EDGE('',*,*,#7423,.T.);
#3477=ORIENTED_EDGE('',*,*,#7648,.T.);
#3478=ORIENTED_EDGE('',*,*,#7649,.T.);
#3479=ORIENTED_EDGE('',*,*,#7650,.F.);
#3480=ORIENTED_EDGE('',*,*,#7419,.T.);
#3481=ORIENTED_EDGE('',*,*,#7651,.T.);
#3482=ORIENTED_EDGE('',*,*,#7652,.T.);
#3483=ORIENTED_EDGE('',*,*,#7653,.F.);
#3484=ORIENTED_EDGE('',*,*,#7415,.T.);
#3485=ORIENTED_EDGE('',*,*,#7654,.T.);
#3486=ORIENTED_EDGE('',*,*,#7655,.T.);
#3487=ORIENTED_EDGE('',*,*,#7656,.F.);
#3488=ORIENTED_EDGE('',*,*,#7411,.T.);
#3489=ORIENTED_EDGE('',*,*,#7657,.T.);
#3490=ORIENTED_EDGE('',*,*,#7658,.T.);
#3491=ORIENTED_EDGE('',*,*,#7659,.F.);
#3492=ORIENTED_EDGE('',*,*,#7407,.T.);
#3493=ORIENTED_EDGE('',*,*,#7660,.T.);
#3494=ORIENTED_EDGE('',*,*,#7661,.T.);
#3495=ORIENTED_EDGE('',*,*,#7662,.F.);
#3496=ORIENTED_EDGE('',*,*,#7403,.T.);
#3497=ORIENTED_EDGE('',*,*,#7663,.T.);
#3498=ORIENTED_EDGE('',*,*,#7664,.T.);
#3499=ORIENTED_EDGE('',*,*,#7665,.F.);
#3500=ORIENTED_EDGE('',*,*,#7399,.T.);
#3501=ORIENTED_EDGE('',*,*,#7666,.T.);
#3502=ORIENTED_EDGE('',*,*,#7667,.T.);
#3503=ORIENTED_EDGE('',*,*,#7668,.F.);
#3504=ORIENTED_EDGE('',*,*,#7395,.T.);
#3505=ORIENTED_EDGE('',*,*,#7669,.T.);
#3506=ORIENTED_EDGE('',*,*,#7670,.T.);
#3507=ORIENTED_EDGE('',*,*,#7671,.F.);
#3508=ORIENTED_EDGE('',*,*,#7391,.T.);
#3509=ORIENTED_EDGE('',*,*,#7672,.T.);
#3510=ORIENTED_EDGE('',*,*,#7673,.T.);
#3511=ORIENTED_EDGE('',*,*,#7674,.F.);
#3512=ORIENTED_EDGE('',*,*,#7387,.T.);
#3513=ORIENTED_EDGE('',*,*,#7675,.T.);
#3514=ORIENTED_EDGE('',*,*,#7676,.T.);
#3515=ORIENTED_EDGE('',*,*,#7677,.F.);
#3516=ORIENTED_EDGE('',*,*,#7383,.T.);
#3517=ORIENTED_EDGE('',*,*,#7678,.T.);
#3518=ORIENTED_EDGE('',*,*,#7679,.T.);
#3519=ORIENTED_EDGE('',*,*,#7680,.F.);
#3520=ORIENTED_EDGE('',*,*,#7379,.T.);
#3521=ORIENTED_EDGE('',*,*,#7681,.T.);
#3522=ORIENTED_EDGE('',*,*,#7682,.T.);
#3523=ORIENTED_EDGE('',*,*,#7683,.F.);
#3524=ORIENTED_EDGE('',*,*,#7375,.T.);
#3525=ORIENTED_EDGE('',*,*,#7684,.T.);
#3526=ORIENTED_EDGE('',*,*,#7685,.T.);
#3527=ORIENTED_EDGE('',*,*,#7686,.F.);
#3528=ORIENTED_EDGE('',*,*,#7371,.T.);
#3529=ORIENTED_EDGE('',*,*,#7687,.T.);
#3530=ORIENTED_EDGE('',*,*,#7688,.T.);
#3531=ORIENTED_EDGE('',*,*,#7689,.F.);
#3532=ORIENTED_EDGE('',*,*,#7367,.T.);
#3533=ORIENTED_EDGE('',*,*,#7690,.T.);
#3534=ORIENTED_EDGE('',*,*,#7691,.T.);
#3535=ORIENTED_EDGE('',*,*,#7692,.F.);
#3536=ORIENTED_EDGE('',*,*,#7363,.T.);
#3537=ORIENTED_EDGE('',*,*,#7693,.T.);
#3538=ORIENTED_EDGE('',*,*,#7694,.T.);
#3539=ORIENTED_EDGE('',*,*,#7695,.F.);
#3540=ORIENTED_EDGE('',*,*,#7359,.T.);
#3541=ORIENTED_EDGE('',*,*,#7696,.T.);
#3542=ORIENTED_EDGE('',*,*,#7697,.T.);
#3543=ORIENTED_EDGE('',*,*,#7698,.F.);
#3544=ORIENTED_EDGE('',*,*,#7355,.T.);
#3545=ORIENTED_EDGE('',*,*,#7699,.T.);
#3546=ORIENTED_EDGE('',*,*,#7700,.F.);
#3547=CARTESIAN_POINT('',(-5.805,-0.4,0.63));
#3548=DIRECTION('',(0.0,0.0,1.0));
#3549=DIRECTION('',(1.0,0.0,0.0));
#3550=ORIENTED_EDGE('',*,*,#7701,.T.);
#3551=ORIENTED_EDGE('',*,*,#7702,.T.);
#3552=ORIENTED_EDGE('',*,*,#7703,.T.);
#3553=ORIENTED_EDGE('',*,*,#7704,.F.);
#3554=ORIENTED_EDGE('',*,*,#7705,.T.);
#3555=ORIENTED_EDGE('',*,*,#7706,.T.);
#3556=ORIENTED_EDGE('',*,*,#7707,.T.);
#3557=ORIENTED_EDGE('',*,*,#7708,.F.);
#3558=CARTESIAN_POINT('',(0.0,-0.05,0.0));
#3559=DIRECTION('',(-0.0,1.0,0.0));
#3560=DIRECTION('',(1.0,0.0,0.0));
#3561=ORIENTED_EDGE('',*,*,#7709,.T.);
#3562=ORIENTED_EDGE('',*,*,#7710,.T.);
#3563=ORIENTED_EDGE('',*,*,#7603,.T.);
#3564=ORIENTED_EDGE('',*,*,#7711,.F.);
#3565=ORIENTED_EDGE('',*,*,#7712,.T.);
#3566=ORIENTED_EDGE('',*,*,#7713,.T.);
#3567=ORIENTED_EDGE('',*,*,#7714,.T.);
#3568=ORIENTED_EDGE('',*,*,#7715,.F.);
#3569=CARTESIAN_POINT('',(0.0,-0.05,0.0));
#3570=DIRECTION('',(-0.0,1.0,0.0));
#3571=DIRECTION('',(1.0,0.0,0.0));
#3572=ORIENTED_EDGE('',*,*,#7716,.T.);
#3573=ORIENTED_EDGE('',*,*,#7717,.T.);
#3574=ORIENTED_EDGE('',*,*,#7718,.T.);
#3575=ORIENTED_EDGE('',*,*,#7719,.F.);
#3576=ORIENTED_EDGE('',*,*,#7720,.T.);
#3577=ORIENTED_EDGE('',*,*,#7721,.T.);
#3578=ORIENTED_EDGE('',*,*,#7722,.T.);
#3579=ORIENTED_EDGE('',*,*,#7723,.F.);
#3580=CARTESIAN_POINT('',(0.0,-0.05,0.0));
#3581=DIRECTION('',(-0.0,1.0,0.0));
#3582=DIRECTION('',(1.0,0.0,0.0));
#3583=ORIENTED_EDGE('',*,*,#7724,.T.);
#3584=ORIENTED_EDGE('',*,*,#7725,.T.);
#3585=ORIENTED_EDGE('',*,*,#7726,.T.);
#3586=ORIENTED_EDGE('',*,*,#7727,.F.);
#3587=ORIENTED_EDGE('',*,*,#7607,.T.);
#3588=ORIENTED_EDGE('',*,*,#7728,.T.);
#3589=ORIENTED_EDGE('',*,*,#7729,.T.);
#3590=ORIENTED_EDGE('',*,*,#7730,.F.);
#3591=CARTESIAN_POINT('',(0.0,-0.05,0.0));
#3592=DIRECTION('',(-0.0,1.0,0.0));
#3593=DIRECTION('',(1.0,0.0,0.0));
#3594=ORIENTED_EDGE('',*,*,#7731,.F.);
#3595=ORIENTED_EDGE('',*,*,#7732,.F.);
#3596=ORIENTED_EDGE('',*,*,#7708,.T.);
#3597=ORIENTED_EDGE('',*,*,#7733,.F.);
#3598=CARTESIAN_POINT('',(-5.86,-0.095,-0.185));
#3599=DIRECTION('',(0.0,0.707106781186548,0.707106781186548));
#3600=DIRECTION('',(1.0,0.0,-0.0));
#3601=ORIENTED_EDGE('',*,*,#7734,.T.);
#3602=ORIENTED_EDGE('',*,*,#7735,.T.);
#3603=ORIENTED_EDGE('',*,*,#7733,.T.);
#3604=ORIENTED_EDGE('',*,*,#7707,.F.);
#3605=ORIENTED_EDGE('',*,*,#7736,.F.);
#3606=ORIENTED_EDGE('',*,*,#7737,.T.);
#3607=ORIENTED_EDGE('',*,*,#7738,.T.);
#3608=CARTESIAN_POINT('',(-5.905,-0.4,-0.53));
#3609=DIRECTION('',(-1.0,0.0,0.0));
#3610=DIRECTION('',(0.0,0.0,1.0));
#3611=ORIENTED_EDGE('',*,*,#7739,.T.);
#3612=ORIENTED_EDGE('',*,*,#7740,.T.);
#3613=ORIENTED_EDGE('',*,*,#7709,.F.);
#3614=ORIENTED_EDGE('',*,*,#7741,.T.);
#3615=ORIENTED_EDGE('',*,*,#7742,.F.);
#3616=ORIENTED_EDGE('',*,*,#7743,.T.);
#3617=ORIENTED_EDGE('',*,*,#7744,.T.);
#3618=CARTESIAN_POINT('',(-5.905,-0.4,-0.53));
#3619=DIRECTION('',(-1.0,0.0,0.0));
#3620=DIRECTION('',(0.0,0.0,1.0));
#3621=ORIENTED_EDGE('',*,*,#7745,.F.);
#3622=ORIENTED_EDGE('',*,*,#7746,.T.);
#3623=ORIENTED_EDGE('',*,*,#7747,.T.);
#3624=ORIENTED_EDGE('',*,*,#7738,.F.);
#3625=CARTESIAN_POINT('',(-5.78,-0.3549999990879,-0.3749999990879));
#3626=DIRECTION('',(0.0,-0.707106781186548,0.707106781186548));
#3627=DIRECTION('',(-1.0,0.0,0.0));
#3628=ORIENTED_EDGE('',*,*,#7748,.F.);
#3629=ORIENTED_EDGE('',*,*,#7749,.F.);
#3630=ORIENTED_EDGE('',*,*,#7750,.F.);
#3631=ORIENTED_EDGE('',*,*,#7751,.F.);
#3632=ORIENTED_EDGE('',*,*,#7743,.F.);
#3633=ORIENTED_EDGE('',*,*,#7752,.T.);
#3634=ORIENTED_EDGE('',*,*,#7753,.T.);
#3635=ORIENTED_EDGE('',*,*,#7754,.T.);
#3636=ORIENTED_EDGE('',*,*,#7734,.F.);
#3637=ORIENTED_EDGE('',*,*,#7747,.F.);
#3638=CARTESIAN_POINT('',(0.0,-0.33,-0.63));
#3639=DIRECTION('',(0.0,-1.0,0.0));
#3640=DIRECTION('',(0.0,0.0,-1.0));
#3641=ORIENTED_EDGE('',*,*,#7755,.F.);
#3642=ORIENTED_EDGE('',*,*,#7756,.F.);
#3643=ORIENTED_EDGE('',*,*,#7757,.F.);
#3644=ORIENTED_EDGE('',*,*,#7758,.F.);
#3645=ORIENTED_EDGE('',*,*,#7759,.T.);
#3646=ORIENTED_EDGE('',*,*,#7760,.T.);
#3647=ORIENTED_EDGE('',*,*,#7761,.T.);
#3648=ORIENTED_EDGE('',*,*,#7762,.T.);
#3649=ORIENTED_EDGE('',*,*,#7763,.T.);
#3650=ORIENTED_EDGE('',*,*,#7764,.F.);
#3651=CARTESIAN_POINT('',(0.0,-0.33,-0.63));
#3652=DIRECTION('',(0.0,-1.0,0.0));
#3653=DIRECTION('',(0.0,0.0,-1.0));
#3654=ORIENTED_EDGE('',*,*,#7765,.T.);
#3655=ORIENTED_EDGE('',*,*,#7731,.T.);
#3656=ORIENTED_EDGE('',*,*,#7735,.F.);
#3657=ORIENTED_EDGE('',*,*,#7754,.F.);
#3658=ORIENTED_EDGE('',*,*,#7766,.F.);
#3659=ORIENTED_EDGE('',*,*,#7767,.T.);
#3660=CARTESIAN_POINT('',(-5.795,0.4,-0.14));
#3661=DIRECTION('',(0.0,0.0,-1.0));
#3662=DIRECTION('',(0.0,-1.0,0.0));
#3663=ORIENTED_EDGE('',*,*,#7768,.T.);
#3664=ORIENTED_EDGE('',*,*,#7769,.T.);
#3665=ORIENTED_EDGE('',*,*,#7770,.F.);
#3666=ORIENTED_EDGE('',*,*,#7771,.F.);
#3667=ORIENTED_EDGE('',*,*,#7767,.F.);
#3668=ORIENTED_EDGE('',*,*,#7772,.T.);
#3669=CARTESIAN_POINT('',(-5.895,-0.03,-0.2));
#3670=DIRECTION('',(0.0,-0.707106781186548,-0.707106781186548));
#3671=DIRECTION('',(0.0,-0.707106781186548,0.707106781186548));
#3672=ORIENTED_EDGE('',*,*,#7766,.T.);
#3673=ORIENTED_EDGE('',*,*,#7753,.F.);
#3674=ORIENTED_EDGE('',*,*,#7773,.F.);
#3675=ORIENTED_EDGE('',*,*,#7774,.T.);
#3676=ORIENTED_EDGE('',*,*,#7775,.F.);
#3677=ORIENTED_EDGE('',*,*,#7776,.F.);
#3678=ORIENTED_EDGE('',*,*,#7777,.F.);
#3679=ORIENTED_EDGE('',*,*,#7772,.F.);
#3680=CARTESIAN_POINT('',(-5.795,0.4,0.14));
#3681=DIRECTION('',(1.0,0.0,0.0));
#3682=DIRECTION('',(0.0,1.0,0.0));
#3683=ORIENTED_EDGE('',*,*,#7778,.T.);
#3684=ORIENTED_EDGE('',*,*,#7779,.T.);
#3685=ORIENTED_EDGE('',*,*,#7768,.F.);
#3686=ORIENTED_EDGE('',*,*,#7777,.T.);
#3687=CARTESIAN_POINT('',(-5.895,-0.12,-0.11));
#3688=DIRECTION('',(0.0,0.0,-1.0));
#3689=DIRECTION('',(0.0,-1.0,0.0));
#3690=ORIENTED_EDGE('',*,*,#7780,.F.);
#3691=ORIENTED_EDGE('',*,*,#7781,.F.);
#3692=ORIENTED_EDGE('',*,*,#7769,.F.);
#3693=ORIENTED_EDGE('',*,*,#7779,.F.);
#3694=ORIENTED_EDGE('',*,*,#7782,.F.);
#3695=ORIENTED_EDGE('',*,*,#7783,.F.);
#3696=ORIENTED_EDGE('',*,*,#7784,.F.);
#3697=ORIENTED_EDGE('',*,*,#7785,.F.);
#3698=ORIENTED_EDGE('',*,*,#7786,.F.);
#3699=ORIENTED_EDGE('',*,*,#7787,.T.);
#3700=CARTESIAN_POINT('',(-5.895,-0.4,0.0));
#3701=DIRECTION('',(-1.0,0.0,0.0));
#3702=DIRECTION('',(0.0,0.0,1.0));
#3703=ORIENTED_EDGE('',*,*,#7787,.F.);
#3704=ORIENTED_EDGE('',*,*,#7788,.F.);
#3705=ORIENTED_EDGE('',*,*,#7789,.F.);
#3706=ORIENTED_EDGE('',*,*,#7790,.T.);
#3707=ORIENTED_EDGE('',*,*,#7791,.F.);
#3708=ORIENTED_EDGE('',*,*,#7792,.F.);
#3709=CARTESIAN_POINT('',(-5.805,0.31,3.6072));
#3710=DIRECTION('',(0.0,0.0,1.0));
#3711=DIRECTION('',(-1.0,0.0,0.0));
#3712=ORIENTED_EDGE('',*,*,#7793,.F.);
#3713=ORIENTED_EDGE('',*,*,#7794,.T.);
#3714=ORIENTED_EDGE('',*,*,#7780,.T.);
#3715=ORIENTED_EDGE('',*,*,#7792,.T.);
#3716=CARTESIAN_POINT('',(-5.895,0.4,-0.49));
#3717=DIRECTION('',(0.0,0.0,-1.0));
#3718=DIRECTION('',(0.0,-1.0,0.0));
#3719=ORIENTED_EDGE('',*,*,#7795,.T.);
#3720=ORIENTED_EDGE('',*,*,#7770,.T.);
#3721=ORIENTED_EDGE('',*,*,#7781,.T.);
#3722=ORIENTED_EDGE('',*,*,#7794,.F.);
#3723=CARTESIAN_POINT('',(-5.895,-0.03,-0.49));
#3724=DIRECTION('',(0.0,-1.0,0.0));
#3725=DIRECTION('',(0.0,0.0,-1.0));
#3726=ORIENTED_EDGE('',*,*,#7796,.T.);
#3727=ORIENTED_EDGE('',*,*,#7797,.T.);
#3728=ORIENTED_EDGE('',*,*,#7701,.F.);
#3729=ORIENTED_EDGE('',*,*,#7732,.T.);
#3730=ORIENTED_EDGE('',*,*,#7765,.F.);
#3731=ORIENTED_EDGE('',*,*,#7771,.T.);
#3732=ORIENTED_EDGE('',*,*,#7795,.F.);
#3733=ORIENTED_EDGE('',*,*,#7793,.T.);
#3734=CARTESIAN_POINT('',(-5.815,0.4,-0.14));
#3735=DIRECTION('',(1.0,0.0,0.0));
#3736=DIRECTION('',(0.0,1.0,0.0));
#3737=ORIENTED_EDGE('',*,*,#7798,.T.);
#3738=ORIENTED_EDGE('',*,*,#7702,.F.);
#3739=ORIENTED_EDGE('',*,*,#7797,.F.);
#3740=ORIENTED_EDGE('',*,*,#7799,.F.);
#3741=CARTESIAN_POINT('',(-5.805,0.4,-0.53));
#3742=DIRECTION('',(0.0,-1.0,0.0));
#3743=DIRECTION('',(1.0,0.0,0.0));
#3744=ORIENTED_EDGE('',*,*,#7800,.T.);
#3745=ORIENTED_EDGE('',*,*,#7801,.T.);
#3746=ORIENTED_EDGE('',*,*,#7799,.T.);
#3747=ORIENTED_EDGE('',*,*,#7796,.F.);
#3748=ORIENTED_EDGE('',*,*,#7791,.T.);
#3749=ORIENTED_EDGE('',*,*,#7790,.F.);
#3750=ORIENTED_EDGE('',*,*,#7789,.T.);
#3751=ORIENTED_EDGE('',*,*,#7802,.F.);
#3752=ORIENTED_EDGE('',*,*,#7803,.T.);
#3753=ORIENTED_EDGE('',*,*,#7804,.T.);
#3754=ORIENTED_EDGE('',*,*,#7805,.F.);
#3755=ORIENTED_EDGE('',*,*,#7806,.F.);
#3756=ORIENTED_EDGE('',*,*,#7807,.F.);
#3757=ORIENTED_EDGE('',*,*,#7808,.T.);
#3758=ORIENTED_EDGE('',*,*,#7809,.T.);
#3759=ORIENTED_EDGE('',*,*,#7810,.F.);
#3760=ORIENTED_EDGE('',*,*,#7811,.T.);
#3761=ORIENTED_EDGE('',*,*,#7812,.T.);
#3762=ORIENTED_EDGE('',*,*,#7813,.T.);
#3763=ORIENTED_EDGE('',*,*,#7814,.F.);
#3764=ORIENTED_EDGE('',*,*,#7815,.T.);
#3765=ORIENTED_EDGE('',*,*,#7816,.F.);
#3766=ORIENTED_EDGE('',*,*,#7817,.T.);
#3767=ORIENTED_EDGE('',*,*,#7818,.F.);
#3768=ORIENTED_EDGE('',*,*,#7819,.T.);
#3769=ORIENTED_EDGE('',*,*,#7820,.T.);
#3770=ORIENTED_EDGE('',*,*,#7821,.F.);
#3771=ORIENTED_EDGE('',*,*,#7822,.F.);
#3772=ORIENTED_EDGE('',*,*,#7823,.F.);
#3773=ORIENTED_EDGE('',*,*,#7824,.T.);
#3774=ORIENTED_EDGE('',*,*,#7825,.T.);
#3775=ORIENTED_EDGE('',*,*,#7826,.F.);
#3776=ORIENTED_EDGE('',*,*,#7827,.T.);
#3777=ORIENTED_EDGE('',*,*,#7828,.T.);
#3778=ORIENTED_EDGE('',*,*,#7829,.T.);
#3779=ORIENTED_EDGE('',*,*,#7830,.T.);
#3780=CARTESIAN_POINT('',(0.0,0.4,0.0));
#3781=DIRECTION('',(-0.0,1.0,0.0));
#3782=DIRECTION('',(1.0,0.0,0.0));
#3783=ORIENTED_EDGE('',*,*,#7831,.F.);
#3784=ORIENTED_EDGE('',*,*,#7832,.T.);
#3785=ORIENTED_EDGE('',*,*,#7833,.T.);
#3786=ORIENTED_EDGE('',*,*,#7830,.F.);
#3787=CARTESIAN_POINT('',(5.645,0.31,-3.6072));
#3788=DIRECTION('',(0.0,0.0,-1.0));
#3789=DIRECTION('',(0.0,1.0,0.0));
#3790=ORIENTED_EDGE('',*,*,#7833,.F.);
#3791=ORIENTED_EDGE('',*,*,#7834,.T.);
#3792=ORIENTED_EDGE('',*,*,#7835,.T.);
#3793=ORIENTED_EDGE('',*,*,#7827,.F.);
#3794=CARTESIAN_POINT('',(21.300516,0.31,0.44));
#3795=DIRECTION('',(1.0,-0.0,0.0));
#3796=DIRECTION('',(0.0,1.0,0.0));
#3797=ORIENTED_EDGE('',*,*,#7836,.T.);
#3798=ORIENTED_EDGE('',*,*,#7828,.F.);
#3799=ORIENTED_EDGE('',*,*,#7835,.F.);
#3800=ORIENTED_EDGE('',*,*,#7837,.T.);
#3801=CARTESIAN_POINT('',(-5.645,0.31,3.6072));
#3802=DIRECTION('',(-0.0,0.0,1.0));
#3803=DIRECTION('',(0.0,1.0,0.0));
#3804=ORIENTED_EDGE('',*,*,#7838,.T.);
#3805=ORIENTED_EDGE('',*,*,#7839,.F.);
#3806=ORIENTED_EDGE('',*,*,#7840,.F.);
#3807=ORIENTED_EDGE('',*,*,#7837,.F.);
#3808=CARTESIAN_POINT('',(-5.555,0.4,-0.35));
#3809=DIRECTION('',(-1.0,0.0,0.0));
#3810=DIRECTION('',(0.0,0.0,1.0));
#3811=ORIENTED_EDGE('',*,*,#7840,.T.);
#3812=ORIENTED_EDGE('',*,*,#7841,.F.);
#3813=ORIENTED_EDGE('',*,*,#7842,.F.);
#3814=ORIENTED_EDGE('',*,*,#7843,.F.);
#3815=CARTESIAN_POINT('',(5.555,0.4,-0.35));
#3816=DIRECTION('',(0.0,0.0,-1.0));
#3817=DIRECTION('',(0.0,-1.0,0.0));
#3818=ORIENTED_EDGE('',*,*,#7831,.T.);
#3819=ORIENTED_EDGE('',*,*,#7829,.F.);
#3820=ORIENTED_EDGE('',*,*,#7836,.F.);
#3821=ORIENTED_EDGE('',*,*,#7843,.T.);
#3822=CARTESIAN_POINT('',(-21.300516,0.31,-0.44));
#3823=DIRECTION('',(-1.0,0.0,0.0));
#3824=DIRECTION('',(0.0,1.0,0.0));
#3825=ORIENTED_EDGE('',*,*,#7842,.T.);
#3826=ORIENTED_EDGE('',*,*,#7844,.F.);
#3827=ORIENTED_EDGE('',*,*,#7845,.F.);
#3828=ORIENTED_EDGE('',*,*,#7832,.F.);
#3829=CARTESIAN_POINT('',(5.555,0.4,0.35));
#3830=DIRECTION('',(1.0,0.0,0.0));
#3831=DIRECTION('',(0.0,1.0,0.0));
#3832=ORIENTED_EDGE('',*,*,#7845,.T.);
#3833=ORIENTED_EDGE('',*,*,#7846,.F.);
#3834=ORIENTED_EDGE('',*,*,#7838,.F.);
#3835=ORIENTED_EDGE('',*,*,#7834,.F.);
#3836=CARTESIAN_POINT('',(-5.555,0.4,0.35));
#3837=DIRECTION('',(0.0,0.0,1.0));
#3838=DIRECTION('',(1.0,0.0,0.0));
#3839=ORIENTED_EDGE('',*,*,#7846,.T.);
#3840=ORIENTED_EDGE('',*,*,#7844,.T.);
#3841=ORIENTED_EDGE('',*,*,#7841,.T.);
#3842=ORIENTED_EDGE('',*,*,#7839,.T.);
#3843=CARTESIAN_POINT('',(0.0,-0.08,0.0));
#3844=DIRECTION('',(-0.0,1.0,0.0));
#3845=DIRECTION('',(1.0,0.0,0.0));
#3846=ORIENTED_EDGE('',*,*,#7847,.F.);
#3847=ORIENTED_EDGE('',*,*,#7848,.F.);
#3848=ORIENTED_EDGE('',*,*,#7849,.F.);
#3849=ORIENTED_EDGE('',*,*,#7850,.F.);
#3850=ORIENTED_EDGE('',*,*,#7826,.T.);
#3851=CARTESIAN_POINT('',(-21.300516,0.31,-0.52));
#3852=DIRECTION('',(-1.0,0.0,-0.0));
#3853=DIRECTION('',(0.0,0.0,-1.0));
#3854=ORIENTED_EDGE('',*,*,#7850,.T.);
#3855=ORIENTED_EDGE('',*,*,#7851,.F.);
#3856=ORIENTED_EDGE('',*,*,#7800,.F.);
#3857=CARTESIAN_POINT('',(-5.775,0.4,-0.54));
#3858=DIRECTION('',(1.0,0.0,0.0));
#3859=DIRECTION('',(0.0,1.0,0.0));
#3860=ORIENTED_EDGE('',*,*,#7852,.T.);
#3861=ORIENTED_EDGE('',*,*,#7853,.F.);
#3862=ORIENTED_EDGE('',*,*,#7854,.F.);
#3863=ORIENTED_EDGE('',*,*,#7855,.F.);
#3864=ORIENTED_EDGE('',*,*,#7856,.T.);
#3865=CARTESIAN_POINT('',(-5.645,0.4,-0.54));
#3866=DIRECTION('',(0.0,0.0,1.0));
#3867=DIRECTION('',(1.0,0.0,0.0));
#3868=ORIENTED_EDGE('',*,*,#7857,.T.);
#3869=ORIENTED_EDGE('',*,*,#7858,.T.);
#3870=ORIENTED_EDGE('',*,*,#7859,.T.);
#3871=ORIENTED_EDGE('',*,*,#7860,.F.);
#3872=ORIENTED_EDGE('',*,*,#7861,.T.);
#3873=CARTESIAN_POINT('',(-5.645,0.4,-0.54));
#3874=DIRECTION('',(0.0,0.0,1.0));
#3875=DIRECTION('',(1.0,0.0,0.0));
#3876=ORIENTED_EDGE('',*,*,#7862,.T.);
#3877=ORIENTED_EDGE('',*,*,#7863,.T.);
#3878=ORIENTED_EDGE('',*,*,#7864,.T.);
#3879=ORIENTED_EDGE('',*,*,#7865,.T.);
#3880=ORIENTED_EDGE('',*,*,#7866,.F.);
#3881=ORIENTED_EDGE('',*,*,#7703,.F.);
#3882=ORIENTED_EDGE('',*,*,#7798,.F.);
#3883=ORIENTED_EDGE('',*,*,#7801,.F.);
#3884=ORIENTED_EDGE('',*,*,#7851,.T.);
#3885=CARTESIAN_POINT('',(-5.645,0.4,-0.54));
#3886=DIRECTION('',(0.0,0.0,1.0));
#3887=DIRECTION('',(1.0,0.0,0.0));
#3888=ORIENTED_EDGE('',*,*,#7867,.F.);
#3889=ORIENTED_EDGE('',*,*,#7856,.F.);
#3890=ORIENTED_EDGE('',*,*,#7868,.T.);
#3891=ORIENTED_EDGE('',*,*,#7869,.T.);
#3892=CARTESIAN_POINT('',(-5.67,-0.22,-0.54));
#3893=DIRECTION('',(0.707106781186548,0.707106781186548,0.0));
#3894=DIRECTION('',(0.0,0.0,-1.0));
#3895=ORIENTED_EDGE('',*,*,#7870,.F.);
#3896=ORIENTED_EDGE('',*,*,#7871,.F.);
#3897=ORIENTED_EDGE('',*,*,#7872,.F.);
#3898=ORIENTED_EDGE('',*,*,#7873,.F.);
#3899=ORIENTED_EDGE('',*,*,#7874,.F.);
#3900=ORIENTED_EDGE('',*,*,#7875,.F.);
#3901=ORIENTED_EDGE('',*,*,#7876,.F.);
#3902=ORIENTED_EDGE('',*,*,#7869,.F.);
#3903=ORIENTED_EDGE('',*,*,#7877,.T.);
#3904=ORIENTED_EDGE('',*,*,#7878,.F.);
#3905=ORIENTED_EDGE('',*,*,#7879,.F.);
#3906=ORIENTED_EDGE('',*,*,#7880,.F.);
#3907=ORIENTED_EDGE('',*,*,#7881,.F.);
#3908=ORIENTED_EDGE('',*,*,#7848,.T.);
#3909=CARTESIAN_POINT('',(0.0,0.4,-0.61));
#3910=DIRECTION('',(0.0,0.0,1.0));
#3911=DIRECTION('',(1.0,0.0,0.0));
#3912=ORIENTED_EDGE('',*,*,#7882,.F.);
#3913=ORIENTED_EDGE('',*,*,#7883,.F.);
#3914=ORIENTED_EDGE('',*,*,#7884,.F.);
#3915=ORIENTED_EDGE('',*,*,#7885,.F.);
#3916=ORIENTED_EDGE('',*,*,#7886,.F.);
#3917=ORIENTED_EDGE('',*,*,#7887,.F.);
#3918=ORIENTED_EDGE('',*,*,#7888,.F.);
#3919=ORIENTED_EDGE('',*,*,#7889,.F.);
#3920=ORIENTED_EDGE('',*,*,#7890,.F.);
#3921=ORIENTED_EDGE('',*,*,#7891,.F.);
#3922=ORIENTED_EDGE('',*,*,#7892,.F.);
#3923=ORIENTED_EDGE('',*,*,#7893,.F.);
#3924=ORIENTED_EDGE('',*,*,#7894,.T.);
#3925=ORIENTED_EDGE('',*,*,#7895,.T.);
#3926=CARTESIAN_POINT('',(0.0,0.4,-0.61));
#3927=DIRECTION('',(0.0,0.0,1.0));
#3928=DIRECTION('',(1.0,0.0,0.0));
#3929=ORIENTED_EDGE('',*,*,#7881,.T.);
#3930=ORIENTED_EDGE('',*,*,#7896,.F.);
#3931=ORIENTED_EDGE('',*,*,#7862,.F.);
#3932=ORIENTED_EDGE('',*,*,#7849,.T.);
#3933=CARTESIAN_POINT('',(-5.775,0.4,-0.54));
#3934=DIRECTION('',(1.0,0.0,0.0));
#3935=DIRECTION('',(0.0,1.0,0.0));
#3936=ORIENTED_EDGE('',*,*,#7880,.T.);
#3937=ORIENTED_EDGE('',*,*,#7897,.F.);
#3938=ORIENTED_EDGE('',*,*,#7863,.F.);
#3939=ORIENTED_EDGE('',*,*,#7896,.T.);
#3940=CARTESIAN_POINT('',(-5.775,-0.009999999999998,-0.54));
#3941=DIRECTION('',(-0.0,1.0,0.0));
#3942=DIRECTION('',(1.0,0.0,0.0));
#3943=ORIENTED_EDGE('',*,*,#7879,.T.);
#3944=ORIENTED_EDGE('',*,*,#7898,.F.);
#3945=ORIENTED_EDGE('',*,*,#7864,.F.);
#3946=ORIENTED_EDGE('',*,*,#7897,.T.);
#3947=CARTESIAN_POINT('',(-5.625,-0.009999999999998,-0.54));
#3948=DIRECTION('',(1.0,0.0,0.0));
#3949=DIRECTION('',(0.0,1.0,0.0));
#3950=ORIENTED_EDGE('',*,*,#7899,.F.);
#3951=ORIENTED_EDGE('',*,*,#7865,.F.);
#3952=ORIENTED_EDGE('',*,*,#7898,.T.);
#3953=ORIENTED_EDGE('',*,*,#7878,.T.);
#3954=CARTESIAN_POINT('',(-5.625,-0.11,-0.54));
#3955=DIRECTION('',(0.0,-1.0,0.0));
#3956=DIRECTION('',(0.0,0.0,-1.0));
#3957=ORIENTED_EDGE('',*,*,#7868,.F.);
#3958=ORIENTED_EDGE('',*,*,#7855,.T.);
#3959=ORIENTED_EDGE('',*,*,#7900,.F.);
#3960=ORIENTED_EDGE('',*,*,#7901,.T.);
#3961=ORIENTED_EDGE('',*,*,#7704,.T.);
#3962=ORIENTED_EDGE('',*,*,#7866,.T.);
#3963=ORIENTED_EDGE('',*,*,#7899,.T.);
#3964=ORIENTED_EDGE('',*,*,#7877,.F.);
#3965=CARTESIAN_POINT('',(-5.645,0.4,-0.63));
#3966=DIRECTION('',(-1.0,0.0,0.0));
#3967=DIRECTION('',(0.0,0.0,1.0));
#3968=ORIENTED_EDGE('',*,*,#7902,.F.);
#3969=ORIENTED_EDGE('',*,*,#7903,.T.);
#3970=ORIENTED_EDGE('',*,*,#7904,.T.);
#3971=ORIENTED_EDGE('',*,*,#7718,.F.);
#3972=CARTESIAN_POINT('',(5.805,-0.4,-0.63));
#3973=DIRECTION('',(0.0,0.0,-1.0));
#3974=DIRECTION('',(0.0,-1.0,0.0));
#3975=ORIENTED_EDGE('',*,*,#7901,.F.);
#3976=ORIENTED_EDGE('',*,*,#7905,.F.);
#3977=ORIENTED_EDGE('',*,*,#7906,.T.);
#3978=ORIENTED_EDGE('',*,*,#7705,.F.);
#3979=CARTESIAN_POINT('',(5.805,-0.4,-0.63));
#3980=DIRECTION('',(0.0,0.0,-1.0));
#3981=DIRECTION('',(0.0,-1.0,0.0));
#3982=ORIENTED_EDGE('',*,*,#7907,.F.);
#3983=ORIENTED_EDGE('',*,*,#7591,.T.);
#3984=ORIENTED_EDGE('',*,*,#7908,.T.);
#3985=ORIENTED_EDGE('',*,*,#7909,.F.);
#3986=ORIENTED_EDGE('',*,*,#7910,.F.);
#3987=ORIENTED_EDGE('',*,*,#7587,.T.);
#3988=ORIENTED_EDGE('',*,*,#7911,.T.);
#3989=ORIENTED_EDGE('',*,*,#7912,.F.);
#3990=ORIENTED_EDGE('',*,*,#7913,.F.);
#3991=ORIENTED_EDGE('',*,*,#7583,.T.);
#3992=ORIENTED_EDGE('',*,*,#7914,.T.);
#3993=ORIENTED_EDGE('',*,*,#7915,.F.);
#3994=ORIENTED_EDGE('',*,*,#7916,.F.);
#3995=ORIENTED_EDGE('',*,*,#7579,.T.);
#3996=ORIENTED_EDGE('',*,*,#7917,.T.);
#3997=ORIENTED_EDGE('',*,*,#7918,.F.);
#3998=ORIENTED_EDGE('',*,*,#7919,.F.);
#3999=ORIENTED_EDGE('',*,*,#7575,.T.);
#4000=ORIENTED_EDGE('',*,*,#7920,.T.);
#4001=ORIENTED_EDGE('',*,*,#7921,.F.);
#4002=ORIENTED_EDGE('',*,*,#7922,.F.);
#4003=ORIENTED_EDGE('',*,*,#7571,.T.);
#4004=ORIENTED_EDGE('',*,*,#7923,.T.);
#4005=ORIENTED_EDGE('',*,*,#7924,.F.);
#4006=ORIENTED_EDGE('',*,*,#7925,.F.);
#4007=ORIENTED_EDGE('',*,*,#7567,.T.);
#4008=ORIENTED_EDGE('',*,*,#7926,.T.);
#4009=ORIENTED_EDGE('',*,*,#7927,.F.);
#4010=ORIENTED_EDGE('',*,*,#7928,.F.);
#4011=ORIENTED_EDGE('',*,*,#7563,.T.);
#4012=ORIENTED_EDGE('',*,*,#7929,.T.);
#4013=ORIENTED_EDGE('',*,*,#7930,.F.);
#4014=ORIENTED_EDGE('',*,*,#7931,.F.);
#4015=ORIENTED_EDGE('',*,*,#7559,.T.);
#4016=ORIENTED_EDGE('',*,*,#7932,.T.);
#4017=ORIENTED_EDGE('',*,*,#7933,.F.);
#4018=ORIENTED_EDGE('',*,*,#7934,.F.);
#4019=ORIENTED_EDGE('',*,*,#7555,.T.);
#4020=ORIENTED_EDGE('',*,*,#7935,.T.);
#4021=ORIENTED_EDGE('',*,*,#7936,.F.);
#4022=ORIENTED_EDGE('',*,*,#7937,.F.);
#4023=ORIENTED_EDGE('',*,*,#7551,.T.);
#4024=ORIENTED_EDGE('',*,*,#7938,.T.);
#4025=ORIENTED_EDGE('',*,*,#7939,.F.);
#4026=ORIENTED_EDGE('',*,*,#7940,.F.);
#4027=ORIENTED_EDGE('',*,*,#7547,.T.);
#4028=ORIENTED_EDGE('',*,*,#7941,.T.);
#4029=ORIENTED_EDGE('',*,*,#7942,.F.);
#4030=ORIENTED_EDGE('',*,*,#7943,.F.);
#4031=ORIENTED_EDGE('',*,*,#7543,.T.);
#4032=ORIENTED_EDGE('',*,*,#7944,.T.);
#4033=ORIENTED_EDGE('',*,*,#7945,.F.);
#4034=ORIENTED_EDGE('',*,*,#7946,.F.);
#4035=ORIENTED_EDGE('',*,*,#7539,.T.);
#4036=ORIENTED_EDGE('',*,*,#7947,.T.);
#4037=ORIENTED_EDGE('',*,*,#7948,.F.);
#4038=ORIENTED_EDGE('',*,*,#7949,.F.);
#4039=ORIENTED_EDGE('',*,*,#7535,.T.);
#4040=ORIENTED_EDGE('',*,*,#7950,.T.);
#4041=ORIENTED_EDGE('',*,*,#7951,.F.);
#4042=ORIENTED_EDGE('',*,*,#7952,.F.);
#4043=ORIENTED_EDGE('',*,*,#7531,.T.);
#4044=ORIENTED_EDGE('',*,*,#7953,.T.);
#4045=ORIENTED_EDGE('',*,*,#7954,.F.);
#4046=ORIENTED_EDGE('',*,*,#7955,.F.);
#4047=ORIENTED_EDGE('',*,*,#7527,.T.);
#4048=ORIENTED_EDGE('',*,*,#7956,.T.);
#4049=ORIENTED_EDGE('',*,*,#7957,.F.);
#4050=ORIENTED_EDGE('',*,*,#7958,.F.);
#4051=ORIENTED_EDGE('',*,*,#7523,.T.);
#4052=ORIENTED_EDGE('',*,*,#7959,.T.);
#4053=ORIENTED_EDGE('',*,*,#7960,.F.);
#4054=ORIENTED_EDGE('',*,*,#7961,.F.);
#4055=ORIENTED_EDGE('',*,*,#7519,.T.);
#4056=ORIENTED_EDGE('',*,*,#7962,.T.);
#4057=ORIENTED_EDGE('',*,*,#7963,.F.);
#4058=ORIENTED_EDGE('',*,*,#7964,.F.);
#4059=ORIENTED_EDGE('',*,*,#7515,.T.);
#4060=ORIENTED_EDGE('',*,*,#7965,.T.);
#4061=ORIENTED_EDGE('',*,*,#7966,.F.);
#4062=ORIENTED_EDGE('',*,*,#7967,.F.);
#4063=ORIENTED_EDGE('',*,*,#7511,.T.);
#4064=ORIENTED_EDGE('',*,*,#7968,.T.);
#4065=ORIENTED_EDGE('',*,*,#7969,.F.);
#4066=ORIENTED_EDGE('',*,*,#7970,.F.);
#4067=ORIENTED_EDGE('',*,*,#7507,.T.);
#4068=ORIENTED_EDGE('',*,*,#7971,.T.);
#4069=ORIENTED_EDGE('',*,*,#7972,.F.);
#4070=ORIENTED_EDGE('',*,*,#7973,.F.);
#4071=ORIENTED_EDGE('',*,*,#7503,.T.);
#4072=ORIENTED_EDGE('',*,*,#7974,.T.);
#4073=ORIENTED_EDGE('',*,*,#7975,.F.);
#4074=ORIENTED_EDGE('',*,*,#7976,.F.);
#4075=ORIENTED_EDGE('',*,*,#7499,.T.);
#4076=ORIENTED_EDGE('',*,*,#7977,.T.);
#4077=ORIENTED_EDGE('',*,*,#7978,.F.);
#4078=ORIENTED_EDGE('',*,*,#7979,.F.);
#4079=ORIENTED_EDGE('',*,*,#7495,.T.);
#4080=ORIENTED_EDGE('',*,*,#7980,.T.);
#4081=ORIENTED_EDGE('',*,*,#7981,.F.);
#4082=ORIENTED_EDGE('',*,*,#7982,.F.);
#4083=ORIENTED_EDGE('',*,*,#7491,.T.);
#4084=ORIENTED_EDGE('',*,*,#7983,.T.);
#4085=ORIENTED_EDGE('',*,*,#7984,.F.);
#4086=ORIENTED_EDGE('',*,*,#7985,.F.);
#4087=ORIENTED_EDGE('',*,*,#7487,.T.);
#4088=ORIENTED_EDGE('',*,*,#7986,.T.);
#4089=ORIENTED_EDGE('',*,*,#7987,.F.);
#4090=ORIENTED_EDGE('',*,*,#7988,.F.);
#4091=ORIENTED_EDGE('',*,*,#7483,.T.);
#4092=ORIENTED_EDGE('',*,*,#7989,.T.);
#4093=ORIENTED_EDGE('',*,*,#7990,.F.);
#4094=ORIENTED_EDGE('',*,*,#7991,.F.);
#4095=ORIENTED_EDGE('',*,*,#7479,.T.);
#4096=ORIENTED_EDGE('',*,*,#7992,.T.);
#4097=ORIENTED_EDGE('',*,*,#7993,.F.);
#4098=ORIENTED_EDGE('',*,*,#7994,.F.);
#4099=ORIENTED_EDGE('',*,*,#7599,.T.);
#4100=ORIENTED_EDGE('',*,*,#7995,.T.);
#4101=ORIENTED_EDGE('',*,*,#7996,.F.);
#4102=ORIENTED_EDGE('',*,*,#7997,.F.);
#4103=ORIENTED_EDGE('',*,*,#7595,.T.);
#4104=ORIENTED_EDGE('',*,*,#7998,.T.);
#4105=ORIENTED_EDGE('',*,*,#7999,.F.);
#4106=CARTESIAN_POINT('',(5.805,-0.4,-0.63));
#4107=DIRECTION('',(0.0,0.0,-1.0));
#4108=DIRECTION('',(0.0,-1.0,0.0));
#4109=ORIENTED_EDGE('',*,*,#8000,.F.);
#4110=ORIENTED_EDGE('',*,*,#8001,.F.);
#4111=ORIENTED_EDGE('',*,*,#7719,.T.);
#4112=ORIENTED_EDGE('',*,*,#7904,.F.);
#4113=ORIENTED_EDGE('',*,*,#8002,.F.);
#4114=ORIENTED_EDGE('',*,*,#8003,.F.);
#4115=ORIENTED_EDGE('',*,*,#8004,.T.);
#4116=ORIENTED_EDGE('',*,*,#7886,.T.);
#4117=CARTESIAN_POINT('',(5.645,0.4,-0.54));
#4118=DIRECTION('',(1.0,0.0,0.0));
#4119=DIRECTION('',(0.0,1.0,0.0));
#4120=ORIENTED_EDGE('',*,*,#8004,.F.);
#4121=ORIENTED_EDGE('',*,*,#8005,.F.);
#4122=ORIENTED_EDGE('',*,*,#8006,.T.);
#4123=ORIENTED_EDGE('',*,*,#7887,.T.);
#4124=CARTESIAN_POINT('',(5.62,-0.27,-0.54));
#4125=DIRECTION('',(-0.707106781186548,0.707106781186548,0.0));
#4126=DIRECTION('',(0.0,0.0,1.0));
#4127=ORIENTED_EDGE('',*,*,#7888,.T.);
#4128=ORIENTED_EDGE('',*,*,#8006,.F.);
#4129=ORIENTED_EDGE('',*,*,#8007,.F.);
#4130=ORIENTED_EDGE('',*,*,#8008,.T.);
#4131=CARTESIAN_POINT('',(5.525,-0.27,-0.54));
#4132=DIRECTION('',(-0.0,1.0,0.0));
#4133=DIRECTION('',(1.0,0.0,0.0));
#4134=ORIENTED_EDGE('',*,*,#8008,.F.);
#4135=ORIENTED_EDGE('',*,*,#8009,.F.);
#4136=ORIENTED_EDGE('',*,*,#8010,.F.);
#4137=ORIENTED_EDGE('',*,*,#8011,.F.);
#4138=ORIENTED_EDGE('',*,*,#8012,.T.);
#4139=ORIENTED_EDGE('',*,*,#8013,.F.);
#4140=ORIENTED_EDGE('',*,*,#7889,.T.);
#4141=CARTESIAN_POINT('',(5.525,-0.4,-0.54));
#4142=DIRECTION('',(-1.0,0.0,0.0));
#4143=DIRECTION('',(0.0,0.0,1.0));
#4144=ORIENTED_EDGE('',*,*,#8014,.T.);
#4145=ORIENTED_EDGE('',*,*,#8015,.T.);
#4146=ORIENTED_EDGE('',*,*,#7890,.T.);
#4147=ORIENTED_EDGE('',*,*,#8013,.T.);
#4148=CARTESIAN_POINT('',(0.0,-0.34,-0.54));
#4149=DIRECTION('',(-0.0,1.0,0.0));
#4150=DIRECTION('',(1.0,0.0,0.0));
#4151=ORIENTED_EDGE('',*,*,#8016,.T.);
#4152=ORIENTED_EDGE('',*,*,#8017,.T.);
#4153=ORIENTED_EDGE('',*,*,#8018,.T.);
#4154=ORIENTED_EDGE('',*,*,#7874,.T.);
#4155=CARTESIAN_POINT('',(0.0,-0.34,-0.54));
#4156=DIRECTION('',(-0.0,1.0,0.0));
#4157=DIRECTION('',(1.0,0.0,0.0));
#4158=ORIENTED_EDGE('',*,*,#8019,.F.);
#4159=ORIENTED_EDGE('',*,*,#8020,.T.);
#4160=ORIENTED_EDGE('',*,*,#8021,.T.);
#4161=ORIENTED_EDGE('',*,*,#7891,.T.);
#4162=ORIENTED_EDGE('',*,*,#8015,.F.);
#4163=ORIENTED_EDGE('',*,*,#8022,.F.);
#4164=ORIENTED_EDGE('',*,*,#8023,.F.);
#4165=CARTESIAN_POINT('',(5.375,-0.335,-0.54));
#4166=DIRECTION('',(1.0,0.0,0.0));
#4167=DIRECTION('',(0.0,1.0,0.0));
#4168=ORIENTED_EDGE('',*,*,#8024,.F.);
#4169=ORIENTED_EDGE('',*,*,#8025,.T.);
#4170=ORIENTED_EDGE('',*,*,#8026,.F.);
#4171=ORIENTED_EDGE('',*,*,#8027,.T.);
#4172=CARTESIAN_POINT('',(5.375,-0.4,-0.54));
#4173=DIRECTION('',(-0.0,1.0,0.0));
#4174=DIRECTION('',(1.0,0.0,0.0));
#4175=ORIENTED_EDGE('',*,*,#8028,.F.);
#4176=ORIENTED_EDGE('',*,*,#8023,.T.);
#4177=ORIENTED_EDGE('',*,*,#8029,.F.);
#4178=ORIENTED_EDGE('',*,*,#8011,.T.);
#4179=CARTESIAN_POINT('',(5.375,-0.4,-0.54));
#4180=DIRECTION('',(-0.0,1.0,0.0));
#4181=DIRECTION('',(1.0,0.0,0.0));
#4182=ORIENTED_EDGE('',*,*,#8030,.F.);
#4183=ORIENTED_EDGE('',*,*,#7853,.T.);
#4184=ORIENTED_EDGE('',*,*,#8031,.T.);
#4185=ORIENTED_EDGE('',*,*,#7875,.T.);
#4186=ORIENTED_EDGE('',*,*,#8018,.F.);
#4187=ORIENTED_EDGE('',*,*,#8032,.F.);
#4188=ORIENTED_EDGE('',*,*,#8027,.F.);
#4189=CARTESIAN_POINT('',(-5.525,-0.27,-0.54));
#4190=DIRECTION('',(1.0,0.0,0.0));
#4191=DIRECTION('',(0.0,1.0,0.0));
#4192=ORIENTED_EDGE('',*,*,#8032,.T.);
#4193=ORIENTED_EDGE('',*,*,#8017,.F.);
#4194=ORIENTED_EDGE('',*,*,#8033,.F.);
#4195=ORIENTED_EDGE('',*,*,#8024,.T.);
#4196=CARTESIAN_POINT('',(-5.375,-0.4,-0.885));
#4197=DIRECTION('',(0.0,0.0,1.0));
#4198=DIRECTION('',(1.0,0.0,0.0));
#4199=ORIENTED_EDGE('',*,*,#8034,.F.);
#4200=ORIENTED_EDGE('',*,*,#7861,.F.);
#4201=ORIENTED_EDGE('',*,*,#8035,.F.);
#4202=ORIENTED_EDGE('',*,*,#8025,.F.);
#4203=ORIENTED_EDGE('',*,*,#8033,.T.);
#4204=ORIENTED_EDGE('',*,*,#8016,.F.);
#4205=ORIENTED_EDGE('',*,*,#7873,.T.);
#4206=CARTESIAN_POINT('',(-5.375,-0.4,-0.54));
#4207=DIRECTION('',(-1.0,0.0,0.0));
#4208=DIRECTION('',(0.0,0.0,1.0));
#4209=ORIENTED_EDGE('',*,*,#8028,.T.);
#4210=ORIENTED_EDGE('',*,*,#8010,.T.);
#4211=ORIENTED_EDGE('',*,*,#8036,.F.);
#4212=ORIENTED_EDGE('',*,*,#8019,.T.);
#4213=CARTESIAN_POINT('',(0.0,0.4,-0.54));
#4214=DIRECTION('',(0.0,0.0,1.0));
#4215=DIRECTION('',(1.0,0.0,0.0));
#4216=ORIENTED_EDGE('',*,*,#8026,.T.);
#4217=ORIENTED_EDGE('',*,*,#8035,.T.);
#4218=ORIENTED_EDGE('',*,*,#8037,.F.);
#4219=ORIENTED_EDGE('',*,*,#8030,.T.);
#4220=CARTESIAN_POINT('',(0.0,0.4,-0.54));
#4221=DIRECTION('',(0.0,0.0,1.0));
#4222=DIRECTION('',(1.0,0.0,0.0));
#4223=ORIENTED_EDGE('',*,*,#7737,.F.);
#4224=ORIENTED_EDGE('',*,*,#8038,.F.);
#4225=ORIENTED_EDGE('',*,*,#7905,.T.);
#4226=ORIENTED_EDGE('',*,*,#7900,.T.);
#4227=ORIENTED_EDGE('',*,*,#7854,.T.);
#4228=ORIENTED_EDGE('',*,*,#8037,.T.);
#4229=ORIENTED_EDGE('',*,*,#7860,.T.);
#4230=ORIENTED_EDGE('',*,*,#8039,.T.);
#4231=ORIENTED_EDGE('',*,*,#8040,.T.);
#4232=ORIENTED_EDGE('',*,*,#8041,.F.);
#4233=ORIENTED_EDGE('',*,*,#8042,.T.);
#4234=ORIENTED_EDGE('',*,*,#8036,.T.);
#4235=ORIENTED_EDGE('',*,*,#8043,.T.);
#4236=ORIENTED_EDGE('',*,*,#8002,.T.);
#4237=ORIENTED_EDGE('',*,*,#7903,.F.);
#4238=ORIENTED_EDGE('',*,*,#8044,.F.);
#4239=ORIENTED_EDGE('',*,*,#8045,.F.);
#4240=ORIENTED_EDGE('',*,*,#8046,.T.);
#4241=ORIENTED_EDGE('',*,*,#8047,.T.);
#4242=ORIENTED_EDGE('',*,*,#8048,.T.);
#4243=ORIENTED_EDGE('',*,*,#8049,.T.);
#4244=ORIENTED_EDGE('',*,*,#8050,.T.);
#4245=ORIENTED_EDGE('',*,*,#8051,.F.);
#4246=ORIENTED_EDGE('',*,*,#8052,.F.);
#4247=ORIENTED_EDGE('',*,*,#7605,.T.);
#4248=ORIENTED_EDGE('',*,*,#8053,.T.);
#4249=ORIENTED_EDGE('',*,*,#8054,.T.);
#4250=ORIENTED_EDGE('',*,*,#8055,.F.);
#4251=ORIENTED_EDGE('',*,*,#8056,.T.);
#4252=ORIENTED_EDGE('',*,*,#8057,.F.);
#4253=ORIENTED_EDGE('',*,*,#8058,.F.);
#4254=ORIENTED_EDGE('',*,*,#8059,.T.);
#4255=ORIENTED_EDGE('',*,*,#8060,.T.);
#4256=ORIENTED_EDGE('',*,*,#8061,.F.);
#4257=ORIENTED_EDGE('',*,*,#8062,.T.);
#4258=ORIENTED_EDGE('',*,*,#8063,.T.);
#4259=ORIENTED_EDGE('',*,*,#7601,.F.);
#4260=ORIENTED_EDGE('',*,*,#8064,.F.);
#4261=ORIENTED_EDGE('',*,*,#7739,.F.);
#4262=ORIENTED_EDGE('',*,*,#8065,.T.);
#4263=ORIENTED_EDGE('',*,*,#8066,.T.);
#4264=ORIENTED_EDGE('',*,*,#8067,.T.);
#4265=ORIENTED_EDGE('',*,*,#8068,.T.);
#4266=ORIENTED_EDGE('',*,*,#7745,.T.);
#4267=CARTESIAN_POINT('',(-5.315,-0.38,-0.63));
#4268=DIRECTION('',(-0.0,1.0,0.0));
#4269=DIRECTION('',(1.0,0.0,0.0));
#4270=ORIENTED_EDGE('',*,*,#8069,.T.);
#4271=ORIENTED_EDGE('',*,*,#7748,.T.);
#4272=ORIENTED_EDGE('',*,*,#7746,.F.);
#4273=ORIENTED_EDGE('',*,*,#8068,.F.);
#4274=CARTESIAN_POINT('',(-5.655,-0.3549999991933,-0.1));
#4275=DIRECTION('',(-0.0,-1.0,-0.0));
#4276=DIRECTION('',(0.0,0.0,-1.0));
#4277=ORIENTED_EDGE('',*,*,#8070,.T.);
#4278=ORIENTED_EDGE('',*,*,#7749,.T.);
#4279=ORIENTED_EDGE('',*,*,#8069,.F.);
#4280=ORIENTED_EDGE('',*,*,#8067,.F.);
#4281=CARTESIAN_POINT('',(-5.38,-0.355,0.0));
#4282=DIRECTION('',(-0.707106781186548,-0.707106781186548,0.0));
#4283=DIRECTION('',(-0.707106781186548,0.707106781186548,0.0));
#4284=ORIENTED_EDGE('',*,*,#8071,.T.);
#4285=ORIENTED_EDGE('',*,*,#7750,.T.);
#4286=ORIENTED_EDGE('',*,*,#8070,.F.);
#4287=ORIENTED_EDGE('',*,*,#8066,.F.);
#4288=CARTESIAN_POINT('',(-5.655,-0.3549999991933,0.1));
#4289=DIRECTION('',(-0.0,-1.0,-0.0));
#4290=DIRECTION('',(0.0,0.0,-1.0));
#4291=ORIENTED_EDGE('',*,*,#7751,.T.);
#4292=ORIENTED_EDGE('',*,*,#8071,.F.);
#4293=ORIENTED_EDGE('',*,*,#8065,.F.);
#4294=ORIENTED_EDGE('',*,*,#7744,.F.);
#4295=CARTESIAN_POINT('',(-5.779999991616,-0.3549999991807,0.3749999991807));
#4296=DIRECTION('',(0.0,-0.707106781186548,-0.707106781186548));
#4297=DIRECTION('',(0.0,-0.707106781186548,0.707106781186548));
#4298=ORIENTED_EDGE('',*,*,#7740,.F.);
#4299=ORIENTED_EDGE('',*,*,#8064,.T.);
#4300=ORIENTED_EDGE('',*,*,#7600,.T.);
#4301=ORIENTED_EDGE('',*,*,#7710,.F.);
#4302=CARTESIAN_POINT('',(-5.805,-0.4,0.53));
#4303=DIRECTION('',(0.0,-1.0,0.0));
#4304=DIRECTION('',(1.0,0.0,0.0));
#4305=ORIENTED_EDGE('',*,*,#8072,.F.);
#4306=ORIENTED_EDGE('',*,*,#8073,.F.);
#4307=ORIENTED_EDGE('',*,*,#7711,.T.);
#4308=ORIENTED_EDGE('',*,*,#7602,.F.);
#4309=ORIENTED_EDGE('',*,*,#8063,.F.);
#4310=ORIENTED_EDGE('',*,*,#8074,.F.);
#4311=ORIENTED_EDGE('',*,*,#8075,.T.);
#4312=ORIENTED_EDGE('',*,*,#8076,.T.);
#4313=CARTESIAN_POINT('',(-5.645,0.4,0.54));
#4314=DIRECTION('',(-1.0,0.0,0.0));
#4315=DIRECTION('',(0.0,0.0,1.0));
#4316=ORIENTED_EDGE('',*,*,#8077,.T.);
#4317=ORIENTED_EDGE('',*,*,#8078,.T.);
#4318=ORIENTED_EDGE('',*,*,#8079,.T.);
#4319=ORIENTED_EDGE('',*,*,#8080,.T.);
#4320=ORIENTED_EDGE('',*,*,#8076,.F.);
#4321=ORIENTED_EDGE('',*,*,#8081,.T.);
#4322=ORIENTED_EDGE('',*,*,#8082,.T.);
#4323=ORIENTED_EDGE('',*,*,#8083,.T.);
#4324=ORIENTED_EDGE('',*,*,#8084,.T.);
#4325=ORIENTED_EDGE('',*,*,#8085,.T.);
#4326=ORIENTED_EDGE('',*,*,#8086,.T.);
#4327=ORIENTED_EDGE('',*,*,#8087,.T.);
#4328=ORIENTED_EDGE('',*,*,#8088,.T.);
#4329=ORIENTED_EDGE('',*,*,#8089,.T.);
#4330=CARTESIAN_POINT('',(0.0,0.4,0.61));
#4331=DIRECTION('',(0.0,0.0,1.0));
#4332=DIRECTION('',(1.0,0.0,0.0));
#4333=ORIENTED_EDGE('',*,*,#8090,.F.);
#4334=ORIENTED_EDGE('',*,*,#8091,.T.);
#4335=ORIENTED_EDGE('',*,*,#8092,.T.);
#4336=ORIENTED_EDGE('',*,*,#8093,.T.);
#4337=ORIENTED_EDGE('',*,*,#8094,.T.);
#4338=ORIENTED_EDGE('',*,*,#8095,.T.);
#4339=ORIENTED_EDGE('',*,*,#8096,.T.);
#4340=ORIENTED_EDGE('',*,*,#8097,.T.);
#4341=ORIENTED_EDGE('',*,*,#8098,.T.);
#4342=ORIENTED_EDGE('',*,*,#8099,.T.);
#4343=ORIENTED_EDGE('',*,*,#8100,.T.);
#4344=ORIENTED_EDGE('',*,*,#8101,.T.);
#4345=ORIENTED_EDGE('',*,*,#8102,.T.);
#4346=ORIENTED_EDGE('',*,*,#8103,.T.);
#4347=CARTESIAN_POINT('',(0.0,0.4,0.61));
#4348=DIRECTION('',(0.0,0.0,1.0));
#4349=DIRECTION('',(1.0,0.0,0.0));
#4350=ORIENTED_EDGE('',*,*,#8089,.F.);
#4351=ORIENTED_EDGE('',*,*,#8104,.F.);
#4352=ORIENTED_EDGE('',*,*,#7806,.T.);
#4353=ORIENTED_EDGE('',*,*,#8105,.F.);
#4354=ORIENTED_EDGE('',*,*,#8106,.F.);
#4355=CARTESIAN_POINT('',(21.300516,0.31,0.52));
#4356=DIRECTION('',(1.0,-0.0,0.0));
#4357=DIRECTION('',(0.0,0.0,1.0));
#4358=ORIENTED_EDGE('',*,*,#8107,.T.);
#4359=ORIENTED_EDGE('',*,*,#8108,.T.);
#4360=ORIENTED_EDGE('',*,*,#8077,.F.);
#4361=ORIENTED_EDGE('',*,*,#8106,.T.);
#4362=CARTESIAN_POINT('',(-5.775,0.4,0.54));
#4363=DIRECTION('',(-1.0,0.0,0.0));
#4364=DIRECTION('',(0.0,0.0,1.0));
#4365=ORIENTED_EDGE('',*,*,#8109,.T.);
#4366=ORIENTED_EDGE('',*,*,#8078,.F.);
#4367=ORIENTED_EDGE('',*,*,#8108,.F.);
#4368=ORIENTED_EDGE('',*,*,#8110,.T.);
#4369=CARTESIAN_POINT('',(-5.775,-0.009999999999998,0.54));
#4370=DIRECTION('',(0.0,-1.0,0.0));
#4371=DIRECTION('',(0.0,0.0,-1.0));
#4372=ORIENTED_EDGE('',*,*,#8074,.T.);
#4373=ORIENTED_EDGE('',*,*,#8062,.F.);
#4374=ORIENTED_EDGE('',*,*,#8111,.T.);
#4375=ORIENTED_EDGE('',*,*,#8112,.F.);
#4376=ORIENTED_EDGE('',*,*,#8113,.F.);
#4377=CARTESIAN_POINT('',(-5.315,0.4,0.54));
#4378=DIRECTION('',(0.0,0.0,-1.0));
#4379=DIRECTION('',(0.0,-1.0,0.0));
#4380=ORIENTED_EDGE('',*,*,#8060,.F.);
#4381=ORIENTED_EDGE('',*,*,#8114,.F.);
#4382=ORIENTED_EDGE('',*,*,#8115,.F.);
#4383=ORIENTED_EDGE('',*,*,#8116,.F.);
#4384=ORIENTED_EDGE('',*,*,#8117,.F.);
#4385=CARTESIAN_POINT('',(-5.315,0.4,0.54));
#4386=DIRECTION('',(0.0,0.0,-1.0));
#4387=DIRECTION('',(0.0,-1.0,0.0));
#4388=ORIENTED_EDGE('',*,*,#7804,.F.);
#4389=ORIENTED_EDGE('',*,*,#8118,.T.);
#4390=ORIENTED_EDGE('',*,*,#7712,.F.);
#4391=ORIENTED_EDGE('',*,*,#8073,.T.);
#4392=ORIENTED_EDGE('',*,*,#8119,.F.);
#4393=ORIENTED_EDGE('',*,*,#8120,.F.);
#4394=ORIENTED_EDGE('',*,*,#8110,.F.);
#4395=ORIENTED_EDGE('',*,*,#8107,.F.);
#4396=ORIENTED_EDGE('',*,*,#8121,.F.);
#4397=CARTESIAN_POINT('',(-5.315,0.4,0.54));
#4398=DIRECTION('',(0.0,0.0,-1.0));
#4399=DIRECTION('',(0.0,-1.0,0.0));
#4400=ORIENTED_EDGE('',*,*,#8122,.T.);
#4401=ORIENTED_EDGE('',*,*,#8081,.F.);
#4402=ORIENTED_EDGE('',*,*,#8075,.F.);
#4403=ORIENTED_EDGE('',*,*,#8113,.T.);
#4404=CARTESIAN_POINT('',(-5.67,-0.22,0.54));
#4405=DIRECTION('',(-0.707106781186548,-0.707106781186548,0.0));
#4406=DIRECTION('',(-0.707106781186548,0.707106781186548,0.0));
#4407=ORIENTED_EDGE('',*,*,#8123,.T.);
#4408=ORIENTED_EDGE('',*,*,#8082,.F.);
#4409=ORIENTED_EDGE('',*,*,#8122,.F.);
#4410=ORIENTED_EDGE('',*,*,#8112,.T.);
#4411=CARTESIAN_POINT('',(-5.62,-0.27,0.54));
#4412=DIRECTION('',(0.0,-1.0,0.0));
#4413=DIRECTION('',(0.0,0.0,-1.0));
#4414=ORIENTED_EDGE('',*,*,#8123,.F.);
#4415=ORIENTED_EDGE('',*,*,#8111,.F.);
#4416=ORIENTED_EDGE('',*,*,#8124,.T.);
#4417=ORIENTED_EDGE('',*,*,#8125,.F.);
#4418=ORIENTED_EDGE('',*,*,#8126,.T.);
#4419=ORIENTED_EDGE('',*,*,#8127,.T.);
#4420=ORIENTED_EDGE('',*,*,#8083,.F.);
#4421=CARTESIAN_POINT('',(-5.525,-0.27,0.54));
#4422=DIRECTION('',(-1.0,0.0,0.0));
#4423=DIRECTION('',(0.0,0.0,1.0));
#4424=ORIENTED_EDGE('',*,*,#8127,.F.);
#4425=ORIENTED_EDGE('',*,*,#8128,.F.);
#4426=ORIENTED_EDGE('',*,*,#8129,.F.);
#4427=ORIENTED_EDGE('',*,*,#8084,.F.);
#4428=CARTESIAN_POINT('',(0.0,-0.34,0.54));
#4429=DIRECTION('',(0.0,-1.0,0.0));
#4430=DIRECTION('',(0.0,0.0,-1.0));
#4431=ORIENTED_EDGE('',*,*,#8130,.F.);
#4432=ORIENTED_EDGE('',*,*,#8131,.F.);
#4433=ORIENTED_EDGE('',*,*,#8132,.F.);
#4434=ORIENTED_EDGE('',*,*,#8094,.F.);
#4435=CARTESIAN_POINT('',(0.0,-0.34,0.54));
#4436=DIRECTION('',(0.0,-1.0,0.0));
#4437=DIRECTION('',(0.0,0.0,-1.0));
#4438=ORIENTED_EDGE('',*,*,#8133,.T.);
#4439=ORIENTED_EDGE('',*,*,#8117,.T.);
#4440=ORIENTED_EDGE('',*,*,#8134,.T.);
#4441=ORIENTED_EDGE('',*,*,#8085,.F.);
#4442=ORIENTED_EDGE('',*,*,#8129,.T.);
#4443=ORIENTED_EDGE('',*,*,#8135,.F.);
#4444=ORIENTED_EDGE('',*,*,#8136,.F.);
#4445=CARTESIAN_POINT('',(-5.375,-0.4,0.54));
#4446=DIRECTION('',(1.0,0.0,0.0));
#4447=DIRECTION('',(0.0,1.0,0.0));
#4448=ORIENTED_EDGE('',*,*,#8137,.T.);
#4449=ORIENTED_EDGE('',*,*,#8125,.T.);
#4450=ORIENTED_EDGE('',*,*,#8138,.T.);
#4451=ORIENTED_EDGE('',*,*,#8136,.T.);
#4452=CARTESIAN_POINT('',(5.375,-0.4,0.54));
#4453=DIRECTION('',(0.0,-1.0,0.0));
#4454=DIRECTION('',(0.0,0.0,-1.0));
#4455=ORIENTED_EDGE('',*,*,#8139,.T.);
#4456=ORIENTED_EDGE('',*,*,#8140,.T.);
#4457=ORIENTED_EDGE('',*,*,#8141,.T.);
#4458=ORIENTED_EDGE('',*,*,#8142,.T.);
#4459=CARTESIAN_POINT('',(5.375,-0.4,0.54));
#4460=DIRECTION('',(0.0,-1.0,0.0));
#4461=DIRECTION('',(0.0,0.0,-1.0));
#4462=ORIENTED_EDGE('',*,*,#8133,.F.);
#4463=ORIENTED_EDGE('',*,*,#8138,.F.);
#4464=ORIENTED_EDGE('',*,*,#8124,.F.);
#4465=ORIENTED_EDGE('',*,*,#8061,.T.);
#4466=CARTESIAN_POINT('',(0.0,0.4,0.54));
#4467=DIRECTION('',(0.0,0.0,1.0));
#4468=DIRECTION('',(1.0,0.0,0.0));
#4469=ORIENTED_EDGE('',*,*,#8143,.F.);
#4470=ORIENTED_EDGE('',*,*,#8139,.F.);
#4471=ORIENTED_EDGE('',*,*,#8144,.F.);
#4472=ORIENTED_EDGE('',*,*,#8055,.T.);
#4473=CARTESIAN_POINT('',(0.0,0.4,0.54));
#4474=DIRECTION('',(0.0,0.0,1.0));
#4475=DIRECTION('',(1.0,0.0,0.0));
#4476=ORIENTED_EDGE('',*,*,#8145,.F.);
#4477=ORIENTED_EDGE('',*,*,#8146,.F.);
#4478=ORIENTED_EDGE('',*,*,#8144,.T.);
#4479=ORIENTED_EDGE('',*,*,#8142,.F.);
#4480=ORIENTED_EDGE('',*,*,#8147,.T.);
#4481=ORIENTED_EDGE('',*,*,#8130,.T.);
#4482=ORIENTED_EDGE('',*,*,#8093,.F.);
#4483=CARTESIAN_POINT('',(5.375,-0.335,0.54));
#4484=DIRECTION('',(-1.0,0.0,0.0));
#4485=DIRECTION('',(0.0,0.0,1.0));
#4486=ORIENTED_EDGE('',*,*,#8148,.T.);
#4487=ORIENTED_EDGE('',*,*,#8131,.T.);
#4488=ORIENTED_EDGE('',*,*,#8147,.F.);
#4489=ORIENTED_EDGE('',*,*,#8141,.F.);
#4490=CARTESIAN_POINT('',(5.525,-0.4,0.885));
#4491=DIRECTION('',(0.0,0.0,1.0));
#4492=DIRECTION('',(1.0,0.0,0.0));
#4493=ORIENTED_EDGE('',*,*,#8143,.T.);
#4494=ORIENTED_EDGE('',*,*,#8149,.T.);
#4495=ORIENTED_EDGE('',*,*,#8150,.T.);
#4496=ORIENTED_EDGE('',*,*,#8095,.F.);
#4497=ORIENTED_EDGE('',*,*,#8132,.T.);
#4498=ORIENTED_EDGE('',*,*,#8148,.F.);
#4499=ORIENTED_EDGE('',*,*,#8140,.F.);
#4500=CARTESIAN_POINT('',(5.525,-0.4,0.54));
#4501=DIRECTION('',(1.0,0.0,0.0));
#4502=DIRECTION('',(0.0,1.0,0.0));
#4503=ORIENTED_EDGE('',*,*,#8151,.T.);
#4504=ORIENTED_EDGE('',*,*,#8096,.F.);
#4505=ORIENTED_EDGE('',*,*,#8150,.F.);
#4506=ORIENTED_EDGE('',*,*,#8152,.T.);
#4507=CARTESIAN_POINT('',(5.525,-0.27,0.54));
#4508=DIRECTION('',(0.0,-1.0,0.0));
#4509=DIRECTION('',(0.0,0.0,-1.0));
#4510=ORIENTED_EDGE('',*,*,#8153,.T.);
#4511=ORIENTED_EDGE('',*,*,#8056,.F.);
#4512=ORIENTED_EDGE('',*,*,#8146,.T.);
#4513=ORIENTED_EDGE('',*,*,#8154,.F.);
#4514=ORIENTED_EDGE('',*,*,#8155,.F.);
#4515=CARTESIAN_POINT('',(5.645,0.4,0.54));
#4516=DIRECTION('',(0.0,0.0,-1.0));
#4517=DIRECTION('',(0.0,-1.0,0.0));
#4518=ORIENTED_EDGE('',*,*,#8054,.F.);
#4519=ORIENTED_EDGE('',*,*,#8156,.F.);
#4520=ORIENTED_EDGE('',*,*,#8157,.F.);
#4521=ORIENTED_EDGE('',*,*,#8152,.F.);
#4522=ORIENTED_EDGE('',*,*,#8149,.F.);
#4523=CARTESIAN_POINT('',(5.645,0.4,0.54));
#4524=DIRECTION('',(0.0,0.0,-1.0));
#4525=DIRECTION('',(0.0,-1.0,0.0));
#4526=ORIENTED_EDGE('',*,*,#8158,.T.);
#4527=ORIENTED_EDGE('',*,*,#8159,.F.);
#4528=ORIENTED_EDGE('',*,*,#8160,.F.);
#4529=ORIENTED_EDGE('',*,*,#8161,.F.);
#4530=ORIENTED_EDGE('',*,*,#8162,.F.);
#4531=ORIENTED_EDGE('',*,*,#7726,.F.);
#4532=ORIENTED_EDGE('',*,*,#8163,.F.);
#4533=ORIENTED_EDGE('',*,*,#7812,.F.);
#4534=ORIENTED_EDGE('',*,*,#8164,.T.);
#4535=CARTESIAN_POINT('',(5.645,0.4,0.54));
#4536=DIRECTION('',(0.0,0.0,-1.0));
#4537=DIRECTION('',(0.0,-1.0,0.0));
#4538=ORIENTED_EDGE('',*,*,#8155,.T.);
#4539=ORIENTED_EDGE('',*,*,#8165,.T.);
#4540=ORIENTED_EDGE('',*,*,#8091,.F.);
#4541=ORIENTED_EDGE('',*,*,#8166,.F.);
#4542=CARTESIAN_POINT('',(5.365,-0.25,0.54));
#4543=DIRECTION('',(0.0,0.0,-1.0));
#4544=DIRECTION('',(1.0,0.0,0.0));
#4545=ORIENTED_EDGE('',*,*,#8167,.T.);
#4546=ORIENTED_EDGE('',*,*,#8168,.T.);
#4547=ORIENTED_EDGE('',*,*,#8041,.T.);
#4548=ORIENTED_EDGE('',*,*,#8169,.F.);
#4549=ORIENTED_EDGE('',*,*,#7592,.F.);
#4550=ORIENTED_EDGE('',*,*,#7907,.T.);
#4551=ORIENTED_EDGE('',*,*,#8170,.F.);
#4552=ORIENTED_EDGE('',*,*,#7823,.T.);
#4553=ORIENTED_EDGE('',*,*,#8171,.T.);
#4554=ORIENTED_EDGE('',*,*,#7894,.F.);
#4555=CARTESIAN_POINT('',(5.315,0.4,-0.63));
#4556=DIRECTION('',(-1.0,0.0,0.0));
#4557=DIRECTION('',(0.0,0.0,1.0));
#4558=ORIENTED_EDGE('',*,*,#7699,.F.);
#4559=ORIENTED_EDGE('',*,*,#7354,.F.);
#4560=ORIENTED_EDGE('',*,*,#8172,.T.);
#4561=ORIENTED_EDGE('',*,*,#8057,.T.);
#4562=ORIENTED_EDGE('',*,*,#8153,.F.);
#4563=ORIENTED_EDGE('',*,*,#8166,.T.);
#4564=ORIENTED_EDGE('',*,*,#8090,.T.);
#4565=ORIENTED_EDGE('',*,*,#8173,.T.);
#4566=ORIENTED_EDGE('',*,*,#7809,.F.);
#4567=ORIENTED_EDGE('',*,*,#8174,.F.);
#4568=CARTESIAN_POINT('',(5.315,0.4,-0.63));
#4569=DIRECTION('',(-1.0,0.0,0.0));
#4570=DIRECTION('',(0.0,0.0,1.0));
#4571=ORIENTED_EDGE('',*,*,#7895,.F.);
#4572=ORIENTED_EDGE('',*,*,#8171,.F.);
#4573=ORIENTED_EDGE('',*,*,#7822,.T.);
#4574=ORIENTED_EDGE('',*,*,#8175,.F.);
#4575=ORIENTED_EDGE('',*,*,#8176,.F.);
#4576=CARTESIAN_POINT('',(-21.300516,0.31,-0.52));
#4577=DIRECTION('',(-1.0,0.0,-0.0));
#4578=DIRECTION('',(0.0,0.0,-1.0));
#4579=ORIENTED_EDGE('',*,*,#8177,.T.);
#4580=ORIENTED_EDGE('',*,*,#8178,.T.);
#4581=ORIENTED_EDGE('',*,*,#7882,.T.);
#4582=ORIENTED_EDGE('',*,*,#8176,.T.);
#4583=CARTESIAN_POINT('',(5.775,-0.01,-0.54));
#4584=DIRECTION('',(-1.0,0.0,0.0));
#4585=DIRECTION('',(0.0,0.0,1.0));
#4586=ORIENTED_EDGE('',*,*,#7883,.T.);
#4587=ORIENTED_EDGE('',*,*,#8178,.F.);
#4588=ORIENTED_EDGE('',*,*,#8179,.F.);
#4589=ORIENTED_EDGE('',*,*,#8180,.T.);
#4590=CARTESIAN_POINT('',(5.625,-0.01,-0.54));
#4591=DIRECTION('',(-0.0,1.0,0.0));
#4592=DIRECTION('',(1.0,0.0,0.0));
#4593=ORIENTED_EDGE('',*,*,#7884,.T.);
#4594=ORIENTED_EDGE('',*,*,#8180,.F.);
#4595=ORIENTED_EDGE('',*,*,#8181,.F.);
#4596=ORIENTED_EDGE('',*,*,#8182,.T.);
#4597=CARTESIAN_POINT('',(5.625,-0.11,-0.54));
#4598=DIRECTION('',(-1.0,0.0,0.0));
#4599=DIRECTION('',(0.0,0.0,1.0));
#4600=ORIENTED_EDGE('',*,*,#8182,.F.);
#4601=ORIENTED_EDGE('',*,*,#8183,.F.);
#4602=ORIENTED_EDGE('',*,*,#8000,.T.);
#4603=ORIENTED_EDGE('',*,*,#7885,.T.);
#4604=CARTESIAN_POINT('',(5.67,-0.11,-0.54));
#4605=DIRECTION('',(0.0,-1.0,0.0));
#4606=DIRECTION('',(0.0,0.0,-1.0));
#4607=ORIENTED_EDGE('',*,*,#8184,.T.);
#4608=ORIENTED_EDGE('',*,*,#8020,.F.);
#4609=ORIENTED_EDGE('',*,*,#8042,.F.);
#4610=ORIENTED_EDGE('',*,*,#8168,.F.);
#4611=ORIENTED_EDGE('',*,*,#8185,.T.);
#4612=CARTESIAN_POINT('',(5.315,0.4,-0.54));
#4613=DIRECTION('',(0.0,0.0,1.0));
#4614=DIRECTION('',(1.0,0.0,0.0));
#4615=ORIENTED_EDGE('',*,*,#8007,.T.);
#4616=ORIENTED_EDGE('',*,*,#8005,.T.);
#4617=ORIENTED_EDGE('',*,*,#8003,.T.);
#4618=ORIENTED_EDGE('',*,*,#8043,.F.);
#4619=ORIENTED_EDGE('',*,*,#8009,.T.);
#4620=CARTESIAN_POINT('',(5.315,0.4,-0.54));
#4621=DIRECTION('',(0.0,0.0,1.0));
#4622=DIRECTION('',(1.0,0.0,0.0));
#4623=ORIENTED_EDGE('',*,*,#7820,.F.);
#4624=ORIENTED_EDGE('',*,*,#8186,.T.);
#4625=ORIENTED_EDGE('',*,*,#7720,.F.);
#4626=ORIENTED_EDGE('',*,*,#8001,.T.);
#4627=ORIENTED_EDGE('',*,*,#8183,.T.);
#4628=ORIENTED_EDGE('',*,*,#8181,.T.);
#4629=ORIENTED_EDGE('',*,*,#8179,.T.);
#4630=ORIENTED_EDGE('',*,*,#8177,.F.);
#4631=ORIENTED_EDGE('',*,*,#8187,.F.);
#4632=CARTESIAN_POINT('',(5.315,0.4,-0.54));
#4633=DIRECTION('',(0.0,0.0,1.0));
#4634=DIRECTION('',(1.0,0.0,0.0));
#4635=ORIENTED_EDGE('',*,*,#8188,.F.);
#4636=ORIENTED_EDGE('',*,*,#8185,.F.);
#4637=ORIENTED_EDGE('',*,*,#8167,.F.);
#4638=ORIENTED_EDGE('',*,*,#7893,.T.);
#4639=CARTESIAN_POINT('',(5.365,-0.25,-0.54));
#4640=DIRECTION('',(0.0,0.0,-1.0));
#4641=DIRECTION('',(1.0,0.0,0.0));
#4642=ORIENTED_EDGE('',*,*,#7892,.T.);
#4643=ORIENTED_EDGE('',*,*,#8021,.F.);
#4644=ORIENTED_EDGE('',*,*,#8184,.F.);
#4645=ORIENTED_EDGE('',*,*,#8188,.T.);
#4646=CARTESIAN_POINT('',(5.328110657368,-0.2837516873684,-0.54));
#4647=DIRECTION('',(0.737786852630225,0.675033747368223,0.0));
#4648=DIRECTION('',(0.0,0.0,-1.0));
#4649=ORIENTED_EDGE('',*,*,#8175,.T.);
#4650=ORIENTED_EDGE('',*,*,#7821,.T.);
#4651=ORIENTED_EDGE('',*,*,#8187,.T.);
#4652=CARTESIAN_POINT('',(5.775,-0.01,-0.54));
#4653=DIRECTION('',(-1.0,0.0,0.0));
#4654=DIRECTION('',(0.0,0.0,1.0));
#4655=ORIENTED_EDGE('',*,*,#8189,.T.);
#4656=ORIENTED_EDGE('',*,*,#7721,.F.);
#4657=ORIENTED_EDGE('',*,*,#8186,.F.);
#4658=ORIENTED_EDGE('',*,*,#7819,.F.);
#4659=CARTESIAN_POINT('',(5.805,0.4,-0.53));
#4660=DIRECTION('',(0.0,-1.0,0.0));
#4661=DIRECTION('',(1.0,0.0,0.0));
#4662=ORIENTED_EDGE('',*,*,#8190,.T.);
#4663=ORIENTED_EDGE('',*,*,#8191,.F.);
#4664=ORIENTED_EDGE('',*,*,#8192,.F.);
#4665=ORIENTED_EDGE('',*,*,#8193,.T.);
#4666=ORIENTED_EDGE('',*,*,#7722,.F.);
#4667=ORIENTED_EDGE('',*,*,#8189,.F.);
#4668=ORIENTED_EDGE('',*,*,#7818,.T.);
#4669=ORIENTED_EDGE('',*,*,#8194,.T.);
#4670=CARTESIAN_POINT('',(5.815,0.4,-0.53));
#4671=DIRECTION('',(-1.0,0.0,0.0));
#4672=DIRECTION('',(0.0,0.0,1.0));
#4673=ORIENTED_EDGE('',*,*,#8195,.T.);
#4674=ORIENTED_EDGE('',*,*,#8196,.T.);
#4675=ORIENTED_EDGE('',*,*,#8194,.F.);
#4676=ORIENTED_EDGE('',*,*,#8197,.T.);
#4677=CARTESIAN_POINT('',(5.895,0.4,-0.49));
#4678=DIRECTION('',(0.0,0.0,1.0));
#4679=DIRECTION('',(1.0,0.0,0.0));
#4680=ORIENTED_EDGE('',*,*,#8198,.F.);
#4681=ORIENTED_EDGE('',*,*,#8197,.F.);
#4682=ORIENTED_EDGE('',*,*,#7817,.F.);
#4683=ORIENTED_EDGE('',*,*,#7816,.T.);
#4684=ORIENTED_EDGE('',*,*,#7815,.F.);
#4685=ORIENTED_EDGE('',*,*,#8199,.F.);
#4686=CARTESIAN_POINT('',(5.805,0.31,-3.6072));
#4687=DIRECTION('',(0.0,0.0,-1.0));
#4688=DIRECTION('',(1.0,0.0,0.0));
#4689=ORIENTED_EDGE('',*,*,#8200,.T.);
#4690=ORIENTED_EDGE('',*,*,#8201,.F.);
#4691=ORIENTED_EDGE('',*,*,#8202,.T.);
#4692=ORIENTED_EDGE('',*,*,#8199,.T.);
#4693=CARTESIAN_POINT('',(5.895,-0.03,0.49));
#4694=DIRECTION('',(0.0,0.0,-1.0));
#4695=DIRECTION('',(0.0,-1.0,0.0));
#4696=ORIENTED_EDGE('',*,*,#8202,.F.);
#4697=ORIENTED_EDGE('',*,*,#8203,.F.);
#4698=ORIENTED_EDGE('',*,*,#8204,.F.);
#4699=ORIENTED_EDGE('',*,*,#8205,.F.);
#4700=ORIENTED_EDGE('',*,*,#8206,.F.);
#4701=ORIENTED_EDGE('',*,*,#8207,.F.);
#4702=ORIENTED_EDGE('',*,*,#8208,.F.);
#4703=ORIENTED_EDGE('',*,*,#8209,.F.);
#4704=ORIENTED_EDGE('',*,*,#8195,.F.);
#4705=ORIENTED_EDGE('',*,*,#8198,.T.);
#4706=CARTESIAN_POINT('',(5.895,-0.4,0.0));
#4707=DIRECTION('',(-1.0,0.0,0.0));
#4708=DIRECTION('',(0.0,0.0,1.0));
#4709=ORIENTED_EDGE('',*,*,#8209,.T.);
#4710=ORIENTED_EDGE('',*,*,#8210,.T.);
#4711=ORIENTED_EDGE('',*,*,#8190,.F.);
#4712=ORIENTED_EDGE('',*,*,#8196,.F.);
#4713=CARTESIAN_POINT('',(5.895,-0.03,-0.49));
#4714=DIRECTION('',(-0.0,1.0,0.0));
#4715=DIRECTION('',(1.0,0.0,0.0));
#4716=ORIENTED_EDGE('',*,*,#8211,.F.);
#4717=ORIENTED_EDGE('',*,*,#8212,.T.);
#4718=ORIENTED_EDGE('',*,*,#8191,.T.);
#4719=ORIENTED_EDGE('',*,*,#8210,.F.);
#4720=ORIENTED_EDGE('',*,*,#8208,.T.);
#4721=ORIENTED_EDGE('',*,*,#8213,.T.);
#4722=CARTESIAN_POINT('',(5.895,-0.03,-0.2));
#4723=DIRECTION('',(0.0,0.707106781186548,0.707106781186548));
#4724=DIRECTION('',(1.0,0.0,-0.0));
#4725=ORIENTED_EDGE('',*,*,#8207,.T.);
#4726=ORIENTED_EDGE('',*,*,#8214,.T.);
#4727=ORIENTED_EDGE('',*,*,#8215,.F.);
#4728=ORIENTED_EDGE('',*,*,#8213,.F.);
#4729=CARTESIAN_POINT('',(5.895,-0.12,-0.11));
#4730=DIRECTION('',(0.0,0.0,1.0));
#4731=DIRECTION('',(1.0,0.0,0.0));
#4732=ORIENTED_EDGE('',*,*,#8215,.T.);
#4733=ORIENTED_EDGE('',*,*,#8216,.T.);
#4734=ORIENTED_EDGE('',*,*,#8217,.T.);
#4735=ORIENTED_EDGE('',*,*,#8218,.F.);
#4736=ORIENTED_EDGE('',*,*,#8219,.T.);
#4737=ORIENTED_EDGE('',*,*,#7761,.F.);
#4738=ORIENTED_EDGE('',*,*,#8220,.F.);
#4739=ORIENTED_EDGE('',*,*,#8211,.T.);
#4740=CARTESIAN_POINT('',(5.795,0.4,-0.14));
#4741=DIRECTION('',(-1.0,0.0,0.0));
#4742=DIRECTION('',(0.0,0.0,1.0));
#4743=ORIENTED_EDGE('',*,*,#8220,.T.);
#4744=ORIENTED_EDGE('',*,*,#7760,.F.);
#4745=ORIENTED_EDGE('',*,*,#8221,.T.);
#4746=ORIENTED_EDGE('',*,*,#8222,.T.);
#4747=ORIENTED_EDGE('',*,*,#8192,.T.);
#4748=ORIENTED_EDGE('',*,*,#8212,.F.);
#4749=CARTESIAN_POINT('',(5.905,0.4,-0.14));
#4750=DIRECTION('',(0.0,0.0,-1.0));
#4751=DIRECTION('',(0.0,-1.0,0.0));
#4752=ORIENTED_EDGE('',*,*,#8193,.F.);
#4753=ORIENTED_EDGE('',*,*,#8222,.F.);
#4754=ORIENTED_EDGE('',*,*,#8223,.F.);
#4755=ORIENTED_EDGE('',*,*,#7723,.T.);
#4756=CARTESIAN_POINT('',(5.86,-0.095,-0.185));
#4757=DIRECTION('',(0.0,0.707106781186548,0.707106781186548));
#4758=DIRECTION('',(1.0,0.0,-0.0));
#4759=ORIENTED_EDGE('',*,*,#7763,.F.);
#4760=ORIENTED_EDGE('',*,*,#8224,.T.);
#4761=ORIENTED_EDGE('',*,*,#8225,.T.);
#4762=ORIENTED_EDGE('',*,*,#7729,.F.);
#4763=ORIENTED_EDGE('',*,*,#8226,.F.);
#4764=ORIENTED_EDGE('',*,*,#8051,.T.);
#4765=ORIENTED_EDGE('',*,*,#8227,.T.);
#4766=CARTESIAN_POINT('',(5.905,-0.4,0.53));
#4767=DIRECTION('',(1.0,0.0,0.0));
#4768=DIRECTION('',(0.0,1.0,0.0));
#4769=ORIENTED_EDGE('',*,*,#8045,.T.);
#4770=ORIENTED_EDGE('',*,*,#8228,.T.);
#4771=ORIENTED_EDGE('',*,*,#7716,.F.);
#4772=ORIENTED_EDGE('',*,*,#8223,.T.);
#4773=ORIENTED_EDGE('',*,*,#8221,.F.);
#4774=ORIENTED_EDGE('',*,*,#7759,.F.);
#4775=ORIENTED_EDGE('',*,*,#8229,.T.);
#4776=CARTESIAN_POINT('',(5.905,-0.4,0.53));
#4777=DIRECTION('',(1.0,0.0,0.0));
#4778=DIRECTION('',(0.0,1.0,0.0));
#4779=ORIENTED_EDGE('',*,*,#8050,.F.);
#4780=ORIENTED_EDGE('',*,*,#8230,.T.);
#4781=ORIENTED_EDGE('',*,*,#7764,.T.);
#4782=ORIENTED_EDGE('',*,*,#8227,.F.);
#4783=CARTESIAN_POINT('',(5.78,-0.3549999990879,0.3749999990878));
#4784=DIRECTION('',(0.0,-0.707106781186548,-0.707106781186548));
#4785=DIRECTION('',(0.0,-0.707106781186548,0.707106781186548));
#4786=ORIENTED_EDGE('',*,*,#8231,.T.);
#4787=ORIENTED_EDGE('',*,*,#7755,.T.);
#4788=ORIENTED_EDGE('',*,*,#8230,.F.);
#4789=ORIENTED_EDGE('',*,*,#8049,.F.);
#4790=CARTESIAN_POINT('',(5.655,-0.3549999991933,0.1));
#4791=DIRECTION('',(-0.0,-1.0,-0.0));
#4792=DIRECTION('',(0.0,0.0,-1.0));
#4793=ORIENTED_EDGE('',*,*,#8232,.T.);
#4794=ORIENTED_EDGE('',*,*,#7756,.T.);
#4795=ORIENTED_EDGE('',*,*,#8231,.F.);
#4796=ORIENTED_EDGE('',*,*,#8048,.F.);
#4797=CARTESIAN_POINT('',(5.38,-0.355,0.0));
#4798=DIRECTION('',(0.707106781186498,-0.707106781186598,0.0));
#4799=DIRECTION('',(0.0,0.0,-1.0));
#4800=ORIENTED_EDGE('',*,*,#8233,.T.);
#4801=ORIENTED_EDGE('',*,*,#7757,.T.);
#4802=ORIENTED_EDGE('',*,*,#8232,.F.);
#4803=ORIENTED_EDGE('',*,*,#8047,.F.);
#4804=CARTESIAN_POINT('',(5.655,-0.3549999991933,-0.1));
#4805=DIRECTION('',(-0.0,-1.0,-0.0));
#4806=DIRECTION('',(0.0,0.0,-1.0));
#4807=ORIENTED_EDGE('',*,*,#7758,.T.);
#4808=ORIENTED_EDGE('',*,*,#8233,.F.);
#4809=ORIENTED_EDGE('',*,*,#8046,.F.);
#4810=ORIENTED_EDGE('',*,*,#8229,.F.);
#4811=CARTESIAN_POINT('',(5.779999991616,-0.3549999991807,-0.3749999991807));
#4812=DIRECTION('',(0.0,-0.707106781186548,0.707106781186548));
#4813=DIRECTION('',(-1.0,0.0,0.0));
#4814=ORIENTED_EDGE('',*,*,#7606,.F.);
#4815=ORIENTED_EDGE('',*,*,#8052,.T.);
#4816=ORIENTED_EDGE('',*,*,#8226,.T.);
#4817=ORIENTED_EDGE('',*,*,#7728,.F.);
#4818=CARTESIAN_POINT('',(5.805,-0.4,0.53));
#4819=DIRECTION('',(0.0,-1.0,0.0));
#4820=DIRECTION('',(1.0,0.0,0.0));
#4821=ORIENTED_EDGE('',*,*,#8234,.F.);
#4822=ORIENTED_EDGE('',*,*,#8235,.F.);
#4823=ORIENTED_EDGE('',*,*,#7730,.T.);
#4824=ORIENTED_EDGE('',*,*,#8225,.F.);
#4825=CARTESIAN_POINT('',(5.86,-0.095,0.185));
#4826=DIRECTION('',(0.0,0.707106781186548,-0.707106781186548));
#4827=DIRECTION('',(-1.0,0.0,0.0));
#4828=ORIENTED_EDGE('',*,*,#7814,.T.);
#4829=ORIENTED_EDGE('',*,*,#8236,.T.);
#4830=ORIENTED_EDGE('',*,*,#7724,.F.);
#4831=ORIENTED_EDGE('',*,*,#8235,.T.);
#4832=ORIENTED_EDGE('',*,*,#8237,.F.);
#4833=ORIENTED_EDGE('',*,*,#8238,.T.);
#4834=ORIENTED_EDGE('',*,*,#8239,.T.);
#4835=ORIENTED_EDGE('',*,*,#8200,.F.);
#4836=CARTESIAN_POINT('',(5.815,0.4,0.14));
#4837=DIRECTION('',(-1.0,0.0,0.0));
#4838=DIRECTION('',(0.0,0.0,1.0));
#4839=ORIENTED_EDGE('',*,*,#8203,.T.);
#4840=ORIENTED_EDGE('',*,*,#8201,.T.);
#4841=ORIENTED_EDGE('',*,*,#8239,.F.);
#4842=ORIENTED_EDGE('',*,*,#8240,.F.);
#4843=CARTESIAN_POINT('',(5.895,-0.03,0.2));
#4844=DIRECTION('',(-0.0,1.0,0.0));
#4845=DIRECTION('',(1.0,0.0,0.0));
#4846=ORIENTED_EDGE('',*,*,#8204,.T.);
#4847=ORIENTED_EDGE('',*,*,#8240,.T.);
#4848=ORIENTED_EDGE('',*,*,#8238,.F.);
#4849=ORIENTED_EDGE('',*,*,#8241,.F.);
#4850=ORIENTED_EDGE('',*,*,#8218,.T.);
#4851=ORIENTED_EDGE('',*,*,#8242,.F.);
#4852=CARTESIAN_POINT('',(5.895,-0.12,0.11));
#4853=DIRECTION('',(0.0,0.707106781186548,-0.707106781186548));
#4854=DIRECTION('',(-1.0,0.0,0.0));
#4855=ORIENTED_EDGE('',*,*,#8205,.T.);
#4856=ORIENTED_EDGE('',*,*,#8242,.T.);
#4857=ORIENTED_EDGE('',*,*,#8217,.F.);
#4858=ORIENTED_EDGE('',*,*,#8243,.F.);
#4859=CARTESIAN_POINT('',(5.895,-0.29,0.11));
#4860=DIRECTION('',(0.0,0.0,-1.0));
#4861=DIRECTION('',(0.0,-1.0,0.0));
#4862=ORIENTED_EDGE('',*,*,#8206,.T.);
#4863=ORIENTED_EDGE('',*,*,#8243,.T.);
#4864=ORIENTED_EDGE('',*,*,#8216,.F.);
#4865=ORIENTED_EDGE('',*,*,#8214,.F.);
#4866=CARTESIAN_POINT('',(5.895,-0.29,-0.11));
#4867=DIRECTION('',(-0.0,1.0,0.0));
#4868=DIRECTION('',(1.0,0.0,0.0));
#4869=ORIENTED_EDGE('',*,*,#8237,.T.);
#4870=ORIENTED_EDGE('',*,*,#8234,.T.);
#4871=ORIENTED_EDGE('',*,*,#8224,.F.);
#4872=ORIENTED_EDGE('',*,*,#7762,.F.);
#4873=ORIENTED_EDGE('',*,*,#8219,.F.);
#4874=ORIENTED_EDGE('',*,*,#8241,.T.);
#4875=CARTESIAN_POINT('',(5.795,0.4,0.14));
#4876=DIRECTION('',(0.0,0.0,1.0));
#4877=DIRECTION('',(1.0,0.0,0.0));
#4878=ORIENTED_EDGE('',*,*,#8163,.T.);
#4879=ORIENTED_EDGE('',*,*,#7725,.F.);
#4880=ORIENTED_EDGE('',*,*,#8236,.F.);
#4881=ORIENTED_EDGE('',*,*,#7813,.F.);
#4882=CARTESIAN_POINT('',(5.805,0.4,0.53));
#4883=DIRECTION('',(0.0,-1.0,0.0));
#4884=DIRECTION('',(1.0,0.0,0.0));
#4885=ORIENTED_EDGE('',*,*,#8228,.F.);
#4886=ORIENTED_EDGE('',*,*,#8044,.T.);
#4887=ORIENTED_EDGE('',*,*,#7902,.T.);
#4888=ORIENTED_EDGE('',*,*,#7717,.F.);
#4889=CARTESIAN_POINT('',(5.805,-0.4,-0.53));
#4890=DIRECTION('',(0.0,-1.0,0.0));
#4891=DIRECTION('',(1.0,0.0,0.0));
#4892=ORIENTED_EDGE('',*,*,#7824,.F.);
#4893=ORIENTED_EDGE('',*,*,#8170,.T.);
#4894=ORIENTED_EDGE('',*,*,#7999,.T.);
#4895=ORIENTED_EDGE('',*,*,#8244,.T.);
#4896=CARTESIAN_POINT('',(21.300516,0.31,-0.54));
#4897=DIRECTION('',(1.0,-0.0,0.0));
#4898=DIRECTION('',(0.0,1.0,0.0));
#4899=ORIENTED_EDGE('',*,*,#7998,.F.);
#4900=ORIENTED_EDGE('',*,*,#7594,.F.);
#4901=ORIENTED_EDGE('',*,*,#8245,.T.);
#4902=ORIENTED_EDGE('',*,*,#8039,.F.);
#4903=ORIENTED_EDGE('',*,*,#7859,.F.);
#4904=ORIENTED_EDGE('',*,*,#8246,.F.);
#4905=ORIENTED_EDGE('',*,*,#7870,.T.);
#4906=ORIENTED_EDGE('',*,*,#7847,.T.);
#4907=ORIENTED_EDGE('',*,*,#7825,.F.);
#4908=ORIENTED_EDGE('',*,*,#8244,.F.);
#4909=CARTESIAN_POINT('',(-5.315,0.4,-0.54));
#4910=DIRECTION('',(1.0,0.0,0.0));
#4911=DIRECTION('',(0.0,1.0,0.0));
#4912=ORIENTED_EDGE('',*,*,#8247,.F.);
#4913=ORIENTED_EDGE('',*,*,#8114,.T.);
#4914=ORIENTED_EDGE('',*,*,#8059,.F.);
#4915=ORIENTED_EDGE('',*,*,#8248,.F.);
#4916=ORIENTED_EDGE('',*,*,#7352,.F.);
#4917=ORIENTED_EDGE('',*,*,#7608,.T.);
#4918=ORIENTED_EDGE('',*,*,#8249,.F.);
#4919=ORIENTED_EDGE('',*,*,#7807,.T.);
#4920=ORIENTED_EDGE('',*,*,#8104,.T.);
#4921=ORIENTED_EDGE('',*,*,#8088,.F.);
#4922=CARTESIAN_POINT('',(-5.315,0.4,-0.54));
#4923=DIRECTION('',(1.0,0.0,0.0));
#4924=DIRECTION('',(0.0,1.0,0.0));
#4925=ORIENTED_EDGE('',*,*,#8246,.T.);
#4926=ORIENTED_EDGE('',*,*,#7858,.F.);
#4927=ORIENTED_EDGE('',*,*,#8250,.T.);
#4928=ORIENTED_EDGE('',*,*,#7871,.T.);
#4929=CARTESIAN_POINT('',(-5.365,-0.25,-0.54));
#4930=DIRECTION('',(0.0,0.0,-1.0));
#4931=DIRECTION('',(1.0,0.0,0.0));
#4932=ORIENTED_EDGE('',*,*,#7872,.T.);
#4933=ORIENTED_EDGE('',*,*,#8250,.F.);
#4934=ORIENTED_EDGE('',*,*,#7857,.F.);
#4935=ORIENTED_EDGE('',*,*,#8034,.T.);
#4936=CARTESIAN_POINT('',(-5.375,-0.335,-0.54));
#4937=DIRECTION('',(-0.737786852630225,0.675033747368223,0.0));
#4938=DIRECTION('',(0.0,0.0,1.0));
#4939=ORIENTED_EDGE('',*,*,#8169,.T.);
#4940=ORIENTED_EDGE('',*,*,#8040,.F.);
#4941=ORIENTED_EDGE('',*,*,#8245,.F.);
#4942=ORIENTED_EDGE('',*,*,#7593,.T.);
#4943=CARTESIAN_POINT('',(-5.315,-0.4,-0.38));
#4944=DIRECTION('',(0.0,0.0,-1.0));
#4945=DIRECTION('',(0.0,-1.0,0.0));
#4946=ORIENTED_EDGE('',*,*,#8249,.T.);
#4947=ORIENTED_EDGE('',*,*,#7700,.T.);
#4948=ORIENTED_EDGE('',*,*,#8174,.T.);
#4949=ORIENTED_EDGE('',*,*,#7808,.F.);
#4950=CARTESIAN_POINT('',(-21.300516,0.31,0.54));
#4951=DIRECTION('',(-1.0,0.0,0.0));
#4952=DIRECTION('',(0.0,1.0,0.0));
#4953=ORIENTED_EDGE('',*,*,#8248,.T.);
#4954=ORIENTED_EDGE('',*,*,#8058,.T.);
#4955=ORIENTED_EDGE('',*,*,#8172,.F.);
#4956=ORIENTED_EDGE('',*,*,#7353,.F.);
#4957=CARTESIAN_POINT('',(-5.315,-0.38,0.38));
#4958=DIRECTION('',(0.0,0.0,1.0));
#4959=DIRECTION('',(1.0,0.0,0.0));
#4960=ORIENTED_EDGE('',*,*,#8087,.F.);
#4961=ORIENTED_EDGE('',*,*,#8251,.F.);
#4962=ORIENTED_EDGE('',*,*,#8115,.T.);
#4963=ORIENTED_EDGE('',*,*,#8247,.T.);
#4964=CARTESIAN_POINT('',(-5.365,-0.25,0.54));
#4965=DIRECTION('',(0.0,0.0,-1.0));
#4966=DIRECTION('',(1.0,0.0,0.0));
#4967=ORIENTED_EDGE('',*,*,#8251,.T.);
#4968=ORIENTED_EDGE('',*,*,#8086,.F.);
#4969=ORIENTED_EDGE('',*,*,#8134,.F.);
#4970=ORIENTED_EDGE('',*,*,#8116,.T.);
#4971=CARTESIAN_POINT('',(-5.375,-0.335,0.54));
#4972=DIRECTION('',(0.737786852630225,-0.675033747368223,0.0));
#4973=DIRECTION('',(0.0,0.0,-1.0));
#4974=ORIENTED_EDGE('',*,*,#8173,.F.);
#4975=ORIENTED_EDGE('',*,*,#8103,.F.);
#4976=ORIENTED_EDGE('',*,*,#8252,.F.);
#4977=ORIENTED_EDGE('',*,*,#8253,.F.);
#4978=ORIENTED_EDGE('',*,*,#7810,.T.);
#4979=CARTESIAN_POINT('',(21.300516,0.31,0.52));
#4980=DIRECTION('',(1.0,-0.0,0.0));
#4981=DIRECTION('',(0.0,0.0,1.0));
#4982=ORIENTED_EDGE('',*,*,#8253,.T.);
#4983=ORIENTED_EDGE('',*,*,#8164,.F.);
#4984=ORIENTED_EDGE('',*,*,#7811,.F.);
#4985=CARTESIAN_POINT('',(5.775,-0.01,0.54));
#4986=DIRECTION('',(1.0,0.0,0.0));
#4987=DIRECTION('',(0.0,1.0,0.0));
#4988=ORIENTED_EDGE('',*,*,#8102,.F.);
#4989=ORIENTED_EDGE('',*,*,#8254,.F.);
#4990=ORIENTED_EDGE('',*,*,#8158,.F.);
#4991=ORIENTED_EDGE('',*,*,#8252,.T.);
#4992=CARTESIAN_POINT('',(5.775,-0.01,0.54));
#4993=DIRECTION('',(1.0,0.0,0.0));
#4994=DIRECTION('',(0.0,1.0,0.0));
#4995=ORIENTED_EDGE('',*,*,#8254,.T.);
#4996=ORIENTED_EDGE('',*,*,#8101,.F.);
#4997=ORIENTED_EDGE('',*,*,#8255,.F.);
#4998=ORIENTED_EDGE('',*,*,#8159,.T.);
#4999=CARTESIAN_POINT('',(5.625,-0.01,0.54));
#5000=DIRECTION('',(0.0,-1.0,0.0));
#5001=DIRECTION('',(0.0,0.0,-1.0));
#5002=ORIENTED_EDGE('',*,*,#8255,.T.);
#5003=ORIENTED_EDGE('',*,*,#8100,.F.);
#5004=ORIENTED_EDGE('',*,*,#8256,.F.);
#5005=ORIENTED_EDGE('',*,*,#8160,.T.);
#5006=CARTESIAN_POINT('',(5.625,-0.11,0.54));
#5007=DIRECTION('',(1.0,0.0,0.0));
#5008=DIRECTION('',(0.0,1.0,0.0));
#5009=ORIENTED_EDGE('',*,*,#8161,.T.);
#5010=ORIENTED_EDGE('',*,*,#8256,.T.);
#5011=ORIENTED_EDGE('',*,*,#8099,.F.);
#5012=ORIENTED_EDGE('',*,*,#8257,.F.);
#5013=CARTESIAN_POINT('',(5.67,-0.11,0.54));
#5014=DIRECTION('',(-0.0,1.0,0.0));
#5015=DIRECTION('',(1.0,0.0,0.0));
#5016=ORIENTED_EDGE('',*,*,#8258,.F.);
#5017=ORIENTED_EDGE('',*,*,#8156,.T.);
#5018=ORIENTED_EDGE('',*,*,#8053,.F.);
#5019=ORIENTED_EDGE('',*,*,#7604,.T.);
#5020=ORIENTED_EDGE('',*,*,#7727,.T.);
#5021=ORIENTED_EDGE('',*,*,#8162,.T.);
#5022=ORIENTED_EDGE('',*,*,#8257,.T.);
#5023=ORIENTED_EDGE('',*,*,#8098,.F.);
#5024=CARTESIAN_POINT('',(5.645,0.4,0.63));
#5025=DIRECTION('',(1.0,0.0,0.0));
#5026=DIRECTION('',(0.0,1.0,0.0));
#5027=ORIENTED_EDGE('',*,*,#8097,.F.);
#5028=ORIENTED_EDGE('',*,*,#8151,.F.);
#5029=ORIENTED_EDGE('',*,*,#8157,.T.);
#5030=ORIENTED_EDGE('',*,*,#8258,.T.);
#5031=CARTESIAN_POINT('',(5.62,-0.27,0.54));
#5032=DIRECTION('',(0.707106781186548,-0.707106781186548,0.0));
#5033=DIRECTION('',(0.0,0.0,-1.0));
#5034=ORIENTED_EDGE('',*,*,#8145,.T.);
#5035=ORIENTED_EDGE('',*,*,#8092,.F.);
#5036=ORIENTED_EDGE('',*,*,#8165,.F.);
#5037=ORIENTED_EDGE('',*,*,#8154,.T.);
#5038=CARTESIAN_POINT('',(5.328110657368,-0.2837516873684,0.54));
#5039=DIRECTION('',(-0.737786852630225,-0.675033747368223,0.0));
#5040=DIRECTION('',(-0.675033747368223,0.737786852630225,0.0));
#5041=ORIENTED_EDGE('',*,*,#8135,.T.);
#5042=ORIENTED_EDGE('',*,*,#8128,.T.);
#5043=ORIENTED_EDGE('',*,*,#8126,.F.);
#5044=ORIENTED_EDGE('',*,*,#8137,.F.);
#5045=CARTESIAN_POINT('',(-5.375,-0.4,0.885));
#5046=DIRECTION('',(0.0,0.0,1.0));
#5047=DIRECTION('',(1.0,0.0,0.0));
#5048=ORIENTED_EDGE('',*,*,#8105,.T.);
#5049=ORIENTED_EDGE('',*,*,#7805,.T.);
#5050=ORIENTED_EDGE('',*,*,#8121,.T.);
#5051=CARTESIAN_POINT('',(-5.775,0.4,0.54));
#5052=DIRECTION('',(-1.0,0.0,0.0));
#5053=DIRECTION('',(0.0,0.0,1.0));
#5054=ORIENTED_EDGE('',*,*,#8259,.T.);
#5055=ORIENTED_EDGE('',*,*,#8079,.F.);
#5056=ORIENTED_EDGE('',*,*,#8109,.F.);
#5057=ORIENTED_EDGE('',*,*,#8120,.T.);
#5058=CARTESIAN_POINT('',(-5.625,-0.009999999999998,0.54));
#5059=DIRECTION('',(-1.0,0.0,0.0));
#5060=DIRECTION('',(0.0,0.0,1.0));
#5061=ORIENTED_EDGE('',*,*,#8072,.T.);
#5062=ORIENTED_EDGE('',*,*,#8080,.F.);
#5063=ORIENTED_EDGE('',*,*,#8259,.F.);
#5064=ORIENTED_EDGE('',*,*,#8119,.T.);
#5065=CARTESIAN_POINT('',(-5.625,-0.11,0.54));
#5066=DIRECTION('',(-0.0,1.0,0.0));
#5067=DIRECTION('',(1.0,0.0,0.0));
#5068=ORIENTED_EDGE('',*,*,#8260,.T.);
#5069=ORIENTED_EDGE('',*,*,#7713,.F.);
#5070=ORIENTED_EDGE('',*,*,#8118,.F.);
#5071=ORIENTED_EDGE('',*,*,#7803,.F.);
#5072=CARTESIAN_POINT('',(-5.805,0.4,0.53));
#5073=DIRECTION('',(0.0,-1.0,0.0));
#5074=DIRECTION('',(1.0,0.0,0.0));
#5075=ORIENTED_EDGE('',*,*,#8261,.F.);
#5076=ORIENTED_EDGE('',*,*,#8262,.F.);
#5077=ORIENTED_EDGE('',*,*,#8263,.F.);
#5078=ORIENTED_EDGE('',*,*,#8264,.T.);
#5079=ORIENTED_EDGE('',*,*,#7714,.F.);
#5080=ORIENTED_EDGE('',*,*,#8260,.F.);
#5081=ORIENTED_EDGE('',*,*,#7802,.T.);
#5082=ORIENTED_EDGE('',*,*,#8265,.F.);
#5083=CARTESIAN_POINT('',(-5.815,0.4,0.53));
#5084=DIRECTION('',(1.0,0.0,0.0));
#5085=DIRECTION('',(0.0,1.0,0.0));
#5086=ORIENTED_EDGE('',*,*,#7786,.T.);
#5087=ORIENTED_EDGE('',*,*,#8266,.F.);
#5088=ORIENTED_EDGE('',*,*,#8265,.T.);
#5089=ORIENTED_EDGE('',*,*,#7788,.T.);
#5090=CARTESIAN_POINT('',(-5.895,-0.03,0.49));
#5091=DIRECTION('',(0.0,0.0,1.0));
#5092=DIRECTION('',(1.0,0.0,0.0));
#5093=ORIENTED_EDGE('',*,*,#8261,.T.);
#5094=ORIENTED_EDGE('',*,*,#8266,.T.);
#5095=ORIENTED_EDGE('',*,*,#7785,.T.);
#5096=ORIENTED_EDGE('',*,*,#8267,.F.);
#5097=CARTESIAN_POINT('',(-5.895,-0.03,0.2));
#5098=DIRECTION('',(0.0,-1.0,0.0));
#5099=DIRECTION('',(0.0,0.0,-1.0));
#5100=ORIENTED_EDGE('',*,*,#8262,.T.);
#5101=ORIENTED_EDGE('',*,*,#8267,.T.);
#5102=ORIENTED_EDGE('',*,*,#7784,.T.);
#5103=ORIENTED_EDGE('',*,*,#8268,.F.);
#5104=ORIENTED_EDGE('',*,*,#7774,.F.);
#5105=ORIENTED_EDGE('',*,*,#8269,.T.);
#5106=CARTESIAN_POINT('',(-5.895,-0.12,0.11));
#5107=DIRECTION('',(0.0,-0.707106781186548,0.707106781186548));
#5108=DIRECTION('',(-1.0,0.0,0.0));
#5109=ORIENTED_EDGE('',*,*,#7773,.T.);
#5110=ORIENTED_EDGE('',*,*,#7752,.F.);
#5111=ORIENTED_EDGE('',*,*,#7742,.T.);
#5112=ORIENTED_EDGE('',*,*,#8270,.T.);
#5113=ORIENTED_EDGE('',*,*,#8263,.T.);
#5114=ORIENTED_EDGE('',*,*,#8269,.F.);
#5115=CARTESIAN_POINT('',(-5.905,0.4,0.14));
#5116=DIRECTION('',(0.0,0.0,1.0));
#5117=DIRECTION('',(1.0,0.0,0.0));
#5118=ORIENTED_EDGE('',*,*,#8264,.F.);
#5119=ORIENTED_EDGE('',*,*,#8270,.F.);
#5120=ORIENTED_EDGE('',*,*,#7741,.F.);
#5121=ORIENTED_EDGE('',*,*,#7715,.T.);
#5122=CARTESIAN_POINT('',(-5.86,-0.095,0.185));
#5123=DIRECTION('',(0.0,0.707106781186548,-0.707106781186548));
#5124=DIRECTION('',(-1.0,0.0,0.0));
#5125=ORIENTED_EDGE('',*,*,#8268,.T.);
#5126=ORIENTED_EDGE('',*,*,#7783,.T.);
#5127=ORIENTED_EDGE('',*,*,#8271,.F.);
#5128=ORIENTED_EDGE('',*,*,#7775,.T.);
#5129=CARTESIAN_POINT('',(-5.895,-0.29,0.11));
#5130=DIRECTION('',(0.0,0.0,1.0));
#5131=DIRECTION('',(1.0,0.0,0.0));
#5132=ORIENTED_EDGE('',*,*,#8271,.T.);
#5133=ORIENTED_EDGE('',*,*,#7782,.T.);
#5134=ORIENTED_EDGE('',*,*,#7778,.F.);
#5135=ORIENTED_EDGE('',*,*,#7776,.T.);
#5136=CARTESIAN_POINT('',(-5.895,-0.29,-0.11));
#5137=DIRECTION('',(0.0,-1.0,0.0));
#5138=DIRECTION('',(0.0,0.0,-1.0));
#5139=ORIENTED_EDGE('',*,*,#7906,.F.);
#5140=ORIENTED_EDGE('',*,*,#8038,.T.);
#5141=ORIENTED_EDGE('',*,*,#7736,.T.);
#5142=ORIENTED_EDGE('',*,*,#7706,.F.);
#5143=CARTESIAN_POINT('',(-5.805,-0.4,-0.53));
#5144=DIRECTION('',(0.0,-1.0,0.0));
#5145=DIRECTION('',(1.0,0.0,0.0));
#5146=ORIENTED_EDGE('',*,*,#7876,.T.);
#5147=ORIENTED_EDGE('',*,*,#8031,.F.);
#5148=ORIENTED_EDGE('',*,*,#7852,.F.);
#5149=ORIENTED_EDGE('',*,*,#7867,.T.);
#5150=CARTESIAN_POINT('',(-5.62,-0.27,-0.54));
#5151=DIRECTION('',(-0.0,1.0,0.0));
#5152=DIRECTION('',(1.0,0.0,0.0));
#5153=ORIENTED_EDGE('',*,*,#8022,.T.);
#5154=ORIENTED_EDGE('',*,*,#8014,.F.);
#5155=ORIENTED_EDGE('',*,*,#8012,.F.);
#5156=ORIENTED_EDGE('',*,*,#8029,.T.);
#5157=CARTESIAN_POINT('',(5.525,-0.4,-0.885));
#5158=DIRECTION('',(0.0,0.0,1.0));
#5159=DIRECTION('',(1.0,0.0,0.0));
#5160=ORIENTED_EDGE('',*,*,#7474,.F.);
#5161=ORIENTED_EDGE('',*,*,#8272,.F.);
#5162=ORIENTED_EDGE('',*,*,#8273,.F.);
#5163=ORIENTED_EDGE('',*,*,#7609,.F.);
#5164=CARTESIAN_POINT('',(-5.135,0.0,0.0));
#5165=DIRECTION('',(1.0,0.0,0.0));
#5166=DIRECTION('',(0.0,1.0,0.0));
#5167=ORIENTED_EDGE('',*,*,#8274,.F.);
#5168=ORIENTED_EDGE('',*,*,#8275,.F.);
#5169=ORIENTED_EDGE('',*,*,#7596,.F.);
#5170=ORIENTED_EDGE('',*,*,#7997,.T.);
#5171=CARTESIAN_POINT('',(-5.135,0.0,0.0));
#5172=DIRECTION('',(1.0,0.0,0.0));
#5173=DIRECTION('',(0.0,1.0,0.0));
#5174=ORIENTED_EDGE('',*,*,#8273,.T.);
#5175=ORIENTED_EDGE('',*,*,#8276,.T.);
#5176=ORIENTED_EDGE('',*,*,#8277,.F.);
#5177=ORIENTED_EDGE('',*,*,#7610,.F.);
#5178=CARTESIAN_POINT('',(-5.135,-0.34,0.63));
#5179=DIRECTION('',(-0.0,1.0,0.0));
#5180=DIRECTION('',(1.0,0.0,0.0));
#5181=ORIENTED_EDGE('',*,*,#8277,.T.);
#5182=ORIENTED_EDGE('',*,*,#8278,.T.);
#5183=ORIENTED_EDGE('',*,*,#7472,.T.);
#5184=ORIENTED_EDGE('',*,*,#7611,.T.);
#5185=CARTESIAN_POINT('',(-5.015,0.0,0.0));
#5186=DIRECTION('',(1.0,0.0,0.0));
#5187=DIRECTION('',(0.0,1.0,0.0));
#5188=ORIENTED_EDGE('',*,*,#7598,.T.);
#5189=ORIENTED_EDGE('',*,*,#8279,.T.);
#5190=ORIENTED_EDGE('',*,*,#8280,.T.);
#5191=ORIENTED_EDGE('',*,*,#7995,.F.);
#5192=CARTESIAN_POINT('',(-5.015,0.0,0.0));
#5193=DIRECTION('',(1.0,0.0,0.0));
#5194=DIRECTION('',(0.0,1.0,0.0));
#5195=ORIENTED_EDGE('',*,*,#7473,.T.);
#5196=ORIENTED_EDGE('',*,*,#8278,.F.);
#5197=ORIENTED_EDGE('',*,*,#8276,.F.);
#5198=ORIENTED_EDGE('',*,*,#8272,.T.);
#5199=CARTESIAN_POINT('',(-5.135,-0.34,1.0));
#5200=DIRECTION('',(0.0,0.0,1.0));
#5201=DIRECTION('',(1.0,0.0,0.0));
#5202=ORIENTED_EDGE('',*,*,#8280,.F.);
#5203=ORIENTED_EDGE('',*,*,#8281,.F.);
#5204=ORIENTED_EDGE('',*,*,#8274,.T.);
#5205=ORIENTED_EDGE('',*,*,#7996,.T.);
#5206=CARTESIAN_POINT('',(-5.135,-0.34,-1.0));
#5207=DIRECTION('',(-0.0,1.0,0.0));
#5208=DIRECTION('',(1.0,0.0,0.0));
#5209=ORIENTED_EDGE('',*,*,#8281,.T.);
#5210=ORIENTED_EDGE('',*,*,#8279,.F.);
#5211=ORIENTED_EDGE('',*,*,#7597,.F.);
#5212=ORIENTED_EDGE('',*,*,#8275,.T.);
#5213=CARTESIAN_POINT('',(-5.135,-0.4,-1.0));
#5214=DIRECTION('',(0.0,0.0,-1.0));
#5215=DIRECTION('',(0.0,-1.0,0.0));
#5216=ORIENTED_EDGE('',*,*,#7470,.F.);
#5217=ORIENTED_EDGE('',*,*,#8282,.F.);
#5218=ORIENTED_EDGE('',*,*,#8283,.F.);
#5219=ORIENTED_EDGE('',*,*,#7612,.F.);
#5220=CARTESIAN_POINT('',(-4.785,0.0,0.0));
#5221=DIRECTION('',(1.0,0.0,0.0));
#5222=DIRECTION('',(0.0,1.0,0.0));
#5223=ORIENTED_EDGE('',*,*,#8284,.F.);
#5224=ORIENTED_EDGE('',*,*,#8285,.F.);
#5225=ORIENTED_EDGE('',*,*,#7476,.F.);
#5226=ORIENTED_EDGE('',*,*,#7994,.T.);
#5227=CARTESIAN_POINT('',(-4.785,0.0,0.0));
#5228=DIRECTION('',(1.0,0.0,0.0));
#5229=DIRECTION('',(0.0,1.0,0.0));
#5230=ORIENTED_EDGE('',*,*,#8283,.T.);
#5231=ORIENTED_EDGE('',*,*,#8286,.T.);
#5232=ORIENTED_EDGE('',*,*,#8287,.F.);
#5233=ORIENTED_EDGE('',*,*,#7613,.F.);
#5234=CARTESIAN_POINT('',(-4.785,-0.34,0.63));
#5235=DIRECTION('',(-0.0,1.0,0.0));
#5236=DIRECTION('',(1.0,0.0,0.0));
#5237=ORIENTED_EDGE('',*,*,#8287,.T.);
#5238=ORIENTED_EDGE('',*,*,#8288,.T.);
#5239=ORIENTED_EDGE('',*,*,#7468,.T.);
#5240=ORIENTED_EDGE('',*,*,#7614,.T.);
#5241=CARTESIAN_POINT('',(-4.665,0.0,0.0));
#5242=DIRECTION('',(1.0,0.0,0.0));
#5243=DIRECTION('',(0.0,1.0,0.0));
#5244=ORIENTED_EDGE('',*,*,#7478,.T.);
#5245=ORIENTED_EDGE('',*,*,#8289,.T.);
#5246=ORIENTED_EDGE('',*,*,#8290,.T.);
#5247=ORIENTED_EDGE('',*,*,#7992,.F.);
#5248=CARTESIAN_POINT('',(-4.665,0.0,0.0));
#5249=DIRECTION('',(1.0,0.0,0.0));
#5250=DIRECTION('',(0.0,1.0,0.0));
#5251=ORIENTED_EDGE('',*,*,#7469,.T.);
#5252=ORIENTED_EDGE('',*,*,#8288,.F.);
#5253=ORIENTED_EDGE('',*,*,#8286,.F.);
#5254=ORIENTED_EDGE('',*,*,#8282,.T.);
#5255=CARTESIAN_POINT('',(-4.785,-0.34,1.0));
#5256=DIRECTION('',(0.0,0.0,1.0));
#5257=DIRECTION('',(1.0,0.0,0.0));
#5258=ORIENTED_EDGE('',*,*,#8290,.F.);
#5259=ORIENTED_EDGE('',*,*,#8291,.F.);
#5260=ORIENTED_EDGE('',*,*,#8284,.T.);
#5261=ORIENTED_EDGE('',*,*,#7993,.T.);
#5262=CARTESIAN_POINT('',(-4.785,-0.34,-1.0));
#5263=DIRECTION('',(-0.0,1.0,0.0));
#5264=DIRECTION('',(1.0,0.0,0.0));
#5265=ORIENTED_EDGE('',*,*,#8291,.T.);
#5266=ORIENTED_EDGE('',*,*,#8289,.F.);
#5267=ORIENTED_EDGE('',*,*,#7477,.F.);
#5268=ORIENTED_EDGE('',*,*,#8285,.T.);
#5269=CARTESIAN_POINT('',(-4.785,-0.4,-1.0));
#5270=DIRECTION('',(0.0,0.0,-1.0));
#5271=DIRECTION('',(0.0,-1.0,0.0));
#5272=ORIENTED_EDGE('',*,*,#7466,.F.);
#5273=ORIENTED_EDGE('',*,*,#8292,.F.);
#5274=ORIENTED_EDGE('',*,*,#8293,.F.);
#5275=ORIENTED_EDGE('',*,*,#7615,.F.);
#5276=CARTESIAN_POINT('',(-4.435,0.0,0.0));
#5277=DIRECTION('',(1.0,0.0,0.0));
#5278=DIRECTION('',(0.0,1.0,0.0));
#5279=ORIENTED_EDGE('',*,*,#8294,.F.);
#5280=ORIENTED_EDGE('',*,*,#8295,.F.);
#5281=ORIENTED_EDGE('',*,*,#7480,.F.);
#5282=ORIENTED_EDGE('',*,*,#7991,.T.);
#5283=CARTESIAN_POINT('',(-4.435,0.0,0.0));
#5284=DIRECTION('',(1.0,0.0,0.0));
#5285=DIRECTION('',(0.0,1.0,0.0));
#5286=ORIENTED_EDGE('',*,*,#8293,.T.);
#5287=ORIENTED_EDGE('',*,*,#8296,.T.);
#5288=ORIENTED_EDGE('',*,*,#8297,.F.);
#5289=ORIENTED_EDGE('',*,*,#7616,.F.);
#5290=CARTESIAN_POINT('',(-4.435,-0.34,0.63));
#5291=DIRECTION('',(-0.0,1.0,0.0));
#5292=DIRECTION('',(1.0,0.0,0.0));
#5293=ORIENTED_EDGE('',*,*,#8297,.T.);
#5294=ORIENTED_EDGE('',*,*,#8298,.T.);
#5295=ORIENTED_EDGE('',*,*,#7464,.T.);
#5296=ORIENTED_EDGE('',*,*,#7617,.T.);
#5297=CARTESIAN_POINT('',(-4.315,0.0,0.0));
#5298=DIRECTION('',(1.0,0.0,0.0));
#5299=DIRECTION('',(0.0,1.0,0.0));
#5300=ORIENTED_EDGE('',*,*,#7482,.T.);
#5301=ORIENTED_EDGE('',*,*,#8299,.T.);
#5302=ORIENTED_EDGE('',*,*,#8300,.T.);
#5303=ORIENTED_EDGE('',*,*,#7989,.F.);
#5304=CARTESIAN_POINT('',(-4.315,0.0,0.0));
#5305=DIRECTION('',(1.0,0.0,0.0));
#5306=DIRECTION('',(0.0,1.0,0.0));
#5307=ORIENTED_EDGE('',*,*,#7465,.T.);
#5308=ORIENTED_EDGE('',*,*,#8298,.F.);
#5309=ORIENTED_EDGE('',*,*,#8296,.F.);
#5310=ORIENTED_EDGE('',*,*,#8292,.T.);
#5311=CARTESIAN_POINT('',(-4.435,-0.34,1.0));
#5312=DIRECTION('',(0.0,0.0,1.0));
#5313=DIRECTION('',(1.0,0.0,0.0));
#5314=ORIENTED_EDGE('',*,*,#8300,.F.);
#5315=ORIENTED_EDGE('',*,*,#8301,.F.);
#5316=ORIENTED_EDGE('',*,*,#8294,.T.);
#5317=ORIENTED_EDGE('',*,*,#7990,.T.);
#5318=CARTESIAN_POINT('',(-4.435,-0.34,-1.0));
#5319=DIRECTION('',(-0.0,1.0,0.0));
#5320=DIRECTION('',(1.0,0.0,0.0));
#5321=ORIENTED_EDGE('',*,*,#8301,.T.);
#5322=ORIENTED_EDGE('',*,*,#8299,.F.);
#5323=ORIENTED_EDGE('',*,*,#7481,.F.);
#5324=ORIENTED_EDGE('',*,*,#8295,.T.);
#5325=CARTESIAN_POINT('',(-4.435,-0.4,-1.0));
#5326=DIRECTION('',(0.0,0.0,-1.0));
#5327=DIRECTION('',(0.0,-1.0,0.0));
#5328=ORIENTED_EDGE('',*,*,#7462,.F.);
#5329=ORIENTED_EDGE('',*,*,#8302,.F.);
#5330=ORIENTED_EDGE('',*,*,#8303,.F.);
#5331=ORIENTED_EDGE('',*,*,#7618,.F.);
#5332=CARTESIAN_POINT('',(-4.085,0.0,0.0));
#5333=DIRECTION('',(1.0,0.0,0.0));
#5334=DIRECTION('',(0.0,1.0,0.0));
#5335=ORIENTED_EDGE('',*,*,#8304,.F.);
#5336=ORIENTED_EDGE('',*,*,#8305,.F.);
#5337=ORIENTED_EDGE('',*,*,#7484,.F.);
#5338=ORIENTED_EDGE('',*,*,#7988,.T.);
#5339=CARTESIAN_POINT('',(-4.085,0.0,0.0));
#5340=DIRECTION('',(1.0,0.0,0.0));
#5341=DIRECTION('',(0.0,1.0,0.0));
#5342=ORIENTED_EDGE('',*,*,#8303,.T.);
#5343=ORIENTED_EDGE('',*,*,#8306,.T.);
#5344=ORIENTED_EDGE('',*,*,#8307,.F.);
#5345=ORIENTED_EDGE('',*,*,#7619,.F.);
#5346=CARTESIAN_POINT('',(-4.085,-0.34,0.63));
#5347=DIRECTION('',(-0.0,1.0,0.0));
#5348=DIRECTION('',(1.0,0.0,0.0));
#5349=ORIENTED_EDGE('',*,*,#8307,.T.);
#5350=ORIENTED_EDGE('',*,*,#8308,.T.);
#5351=ORIENTED_EDGE('',*,*,#7460,.T.);
#5352=ORIENTED_EDGE('',*,*,#7620,.T.);
#5353=CARTESIAN_POINT('',(-3.965,0.0,0.0));
#5354=DIRECTION('',(1.0,0.0,0.0));
#5355=DIRECTION('',(0.0,1.0,0.0));
#5356=ORIENTED_EDGE('',*,*,#7486,.T.);
#5357=ORIENTED_EDGE('',*,*,#8309,.T.);
#5358=ORIENTED_EDGE('',*,*,#8310,.T.);
#5359=ORIENTED_EDGE('',*,*,#7986,.F.);
#5360=CARTESIAN_POINT('',(-3.965,0.0,0.0));
#5361=DIRECTION('',(1.0,0.0,0.0));
#5362=DIRECTION('',(0.0,1.0,0.0));
#5363=ORIENTED_EDGE('',*,*,#7461,.T.);
#5364=ORIENTED_EDGE('',*,*,#8308,.F.);
#5365=ORIENTED_EDGE('',*,*,#8306,.F.);
#5366=ORIENTED_EDGE('',*,*,#8302,.T.);
#5367=CARTESIAN_POINT('',(-4.085,-0.34,1.0));
#5368=DIRECTION('',(0.0,0.0,1.0));
#5369=DIRECTION('',(1.0,0.0,0.0));
#5370=ORIENTED_EDGE('',*,*,#8310,.F.);
#5371=ORIENTED_EDGE('',*,*,#8311,.F.);
#5372=ORIENTED_EDGE('',*,*,#8304,.T.);
#5373=ORIENTED_EDGE('',*,*,#7987,.T.);
#5374=CARTESIAN_POINT('',(-4.085,-0.34,-1.0));
#5375=DIRECTION('',(-0.0,1.0,0.0));
#5376=DIRECTION('',(1.0,0.0,0.0));
#5377=ORIENTED_EDGE('',*,*,#8311,.T.);
#5378=ORIENTED_EDGE('',*,*,#8309,.F.);
#5379=ORIENTED_EDGE('',*,*,#7485,.F.);
#5380=ORIENTED_EDGE('',*,*,#8305,.T.);
#5381=CARTESIAN_POINT('',(-4.085,-0.4,-1.0));
#5382=DIRECTION('',(0.0,0.0,-1.0));
#5383=DIRECTION('',(0.0,-1.0,0.0));
#5384=ORIENTED_EDGE('',*,*,#7458,.F.);
#5385=ORIENTED_EDGE('',*,*,#8312,.F.);
#5386=ORIENTED_EDGE('',*,*,#8313,.F.);
#5387=ORIENTED_EDGE('',*,*,#7621,.F.);
#5388=CARTESIAN_POINT('',(-3.735,0.0,0.0));
#5389=DIRECTION('',(1.0,0.0,0.0));
#5390=DIRECTION('',(0.0,1.0,0.0));
#5391=ORIENTED_EDGE('',*,*,#8314,.F.);
#5392=ORIENTED_EDGE('',*,*,#8315,.F.);
#5393=ORIENTED_EDGE('',*,*,#7488,.F.);
#5394=ORIENTED_EDGE('',*,*,#7985,.T.);
#5395=CARTESIAN_POINT('',(-3.735,0.0,0.0));
#5396=DIRECTION('',(1.0,0.0,0.0));
#5397=DIRECTION('',(0.0,1.0,0.0));
#5398=ORIENTED_EDGE('',*,*,#8313,.T.);
#5399=ORIENTED_EDGE('',*,*,#8316,.T.);
#5400=ORIENTED_EDGE('',*,*,#8317,.F.);
#5401=ORIENTED_EDGE('',*,*,#7622,.F.);
#5402=CARTESIAN_POINT('',(-3.735,-0.34,0.63));
#5403=DIRECTION('',(-0.0,1.0,0.0));
#5404=DIRECTION('',(1.0,0.0,0.0));
#5405=ORIENTED_EDGE('',*,*,#8317,.T.);
#5406=ORIENTED_EDGE('',*,*,#8318,.T.);
#5407=ORIENTED_EDGE('',*,*,#7456,.T.);
#5408=ORIENTED_EDGE('',*,*,#7623,.T.);
#5409=CARTESIAN_POINT('',(-3.615,0.0,0.0));
#5410=DIRECTION('',(1.0,0.0,0.0));
#5411=DIRECTION('',(0.0,1.0,0.0));
#5412=ORIENTED_EDGE('',*,*,#7490,.T.);
#5413=ORIENTED_EDGE('',*,*,#8319,.T.);
#5414=ORIENTED_EDGE('',*,*,#8320,.T.);
#5415=ORIENTED_EDGE('',*,*,#7983,.F.);
#5416=CARTESIAN_POINT('',(-3.615,0.0,0.0));
#5417=DIRECTION('',(1.0,0.0,0.0));
#5418=DIRECTION('',(0.0,1.0,0.0));
#5419=ORIENTED_EDGE('',*,*,#7457,.T.);
#5420=ORIENTED_EDGE('',*,*,#8318,.F.);
#5421=ORIENTED_EDGE('',*,*,#8316,.F.);
#5422=ORIENTED_EDGE('',*,*,#8312,.T.);
#5423=CARTESIAN_POINT('',(-3.735,-0.34,1.0));
#5424=DIRECTION('',(0.0,0.0,1.0));
#5425=DIRECTION('',(1.0,0.0,0.0));
#5426=ORIENTED_EDGE('',*,*,#8320,.F.);
#5427=ORIENTED_EDGE('',*,*,#8321,.F.);
#5428=ORIENTED_EDGE('',*,*,#8314,.T.);
#5429=ORIENTED_EDGE('',*,*,#7984,.T.);
#5430=CARTESIAN_POINT('',(-3.735,-0.34,-1.0));
#5431=DIRECTION('',(-0.0,1.0,0.0));
#5432=DIRECTION('',(1.0,0.0,0.0));
#5433=ORIENTED_EDGE('',*,*,#8321,.T.);
#5434=ORIENTED_EDGE('',*,*,#8319,.F.);
#5435=ORIENTED_EDGE('',*,*,#7489,.F.);
#5436=ORIENTED_EDGE('',*,*,#8315,.T.);
#5437=CARTESIAN_POINT('',(-3.735,-0.4,-1.0));
#5438=DIRECTION('',(0.0,0.0,-1.0));
#5439=DIRECTION('',(0.0,-1.0,0.0));
#5440=ORIENTED_EDGE('',*,*,#7454,.F.);
#5441=ORIENTED_EDGE('',*,*,#8322,.F.);
#5442=ORIENTED_EDGE('',*,*,#8323,.F.);
#5443=ORIENTED_EDGE('',*,*,#7624,.F.);
#5444=CARTESIAN_POINT('',(-3.385,0.0,0.0));
#5445=DIRECTION('',(1.0,0.0,0.0));
#5446=DIRECTION('',(0.0,1.0,0.0));
#5447=ORIENTED_EDGE('',*,*,#8324,.F.);
#5448=ORIENTED_EDGE('',*,*,#8325,.F.);
#5449=ORIENTED_EDGE('',*,*,#7492,.F.);
#5450=ORIENTED_EDGE('',*,*,#7982,.T.);
#5451=CARTESIAN_POINT('',(-3.385,0.0,0.0));
#5452=DIRECTION('',(1.0,0.0,0.0));
#5453=DIRECTION('',(0.0,1.0,0.0));
#5454=ORIENTED_EDGE('',*,*,#8323,.T.);
#5455=ORIENTED_EDGE('',*,*,#8326,.T.);
#5456=ORIENTED_EDGE('',*,*,#8327,.F.);
#5457=ORIENTED_EDGE('',*,*,#7625,.F.);
#5458=CARTESIAN_POINT('',(-3.385,-0.34,0.63));
#5459=DIRECTION('',(-0.0,1.0,0.0));
#5460=DIRECTION('',(1.0,0.0,0.0));
#5461=ORIENTED_EDGE('',*,*,#8327,.T.);
#5462=ORIENTED_EDGE('',*,*,#8328,.T.);
#5463=ORIENTED_EDGE('',*,*,#7452,.T.);
#5464=ORIENTED_EDGE('',*,*,#7626,.T.);
#5465=CARTESIAN_POINT('',(-3.265,0.0,0.0));
#5466=DIRECTION('',(1.0,0.0,0.0));
#5467=DIRECTION('',(0.0,1.0,0.0));
#5468=ORIENTED_EDGE('',*,*,#7494,.T.);
#5469=ORIENTED_EDGE('',*,*,#8329,.T.);
#5470=ORIENTED_EDGE('',*,*,#8330,.T.);
#5471=ORIENTED_EDGE('',*,*,#7980,.F.);
#5472=CARTESIAN_POINT('',(-3.265,0.0,0.0));
#5473=DIRECTION('',(1.0,0.0,0.0));
#5474=DIRECTION('',(0.0,1.0,0.0));
#5475=ORIENTED_EDGE('',*,*,#7453,.T.);
#5476=ORIENTED_EDGE('',*,*,#8328,.F.);
#5477=ORIENTED_EDGE('',*,*,#8326,.F.);
#5478=ORIENTED_EDGE('',*,*,#8322,.T.);
#5479=CARTESIAN_POINT('',(-3.385,-0.34,1.0));
#5480=DIRECTION('',(0.0,0.0,1.0));
#5481=DIRECTION('',(1.0,0.0,0.0));
#5482=ORIENTED_EDGE('',*,*,#8330,.F.);
#5483=ORIENTED_EDGE('',*,*,#8331,.F.);
#5484=ORIENTED_EDGE('',*,*,#8324,.T.);
#5485=ORIENTED_EDGE('',*,*,#7981,.T.);
#5486=CARTESIAN_POINT('',(-3.385,-0.34,-1.0));
#5487=DIRECTION('',(-0.0,1.0,0.0));
#5488=DIRECTION('',(1.0,0.0,0.0));
#5489=ORIENTED_EDGE('',*,*,#8331,.T.);
#5490=ORIENTED_EDGE('',*,*,#8329,.F.);
#5491=ORIENTED_EDGE('',*,*,#7493,.F.);
#5492=ORIENTED_EDGE('',*,*,#8325,.T.);
#5493=CARTESIAN_POINT('',(-3.385,-0.4,-1.0));
#5494=DIRECTION('',(0.0,0.0,-1.0));
#5495=DIRECTION('',(0.0,-1.0,0.0));
#5496=ORIENTED_EDGE('',*,*,#7450,.F.);
#5497=ORIENTED_EDGE('',*,*,#8332,.F.);
#5498=ORIENTED_EDGE('',*,*,#8333,.F.);
#5499=ORIENTED_EDGE('',*,*,#7627,.F.);
#5500=CARTESIAN_POINT('',(-3.035,0.0,0.0));
#5501=DIRECTION('',(1.0,0.0,0.0));
#5502=DIRECTION('',(0.0,1.0,0.0));
#5503=ORIENTED_EDGE('',*,*,#8334,.F.);
#5504=ORIENTED_EDGE('',*,*,#8335,.F.);
#5505=ORIENTED_EDGE('',*,*,#7496,.F.);
#5506=ORIENTED_EDGE('',*,*,#7979,.T.);
#5507=CARTESIAN_POINT('',(-3.035,0.0,0.0));
#5508=DIRECTION('',(1.0,0.0,0.0));
#5509=DIRECTION('',(0.0,1.0,0.0));
#5510=ORIENTED_EDGE('',*,*,#8333,.T.);
#5511=ORIENTED_EDGE('',*,*,#8336,.T.);
#5512=ORIENTED_EDGE('',*,*,#8337,.F.);
#5513=ORIENTED_EDGE('',*,*,#7628,.F.);
#5514=CARTESIAN_POINT('',(-3.035,-0.34,0.63));
#5515=DIRECTION('',(-0.0,1.0,0.0));
#5516=DIRECTION('',(1.0,0.0,0.0));
#5517=ORIENTED_EDGE('',*,*,#8337,.T.);
#5518=ORIENTED_EDGE('',*,*,#8338,.T.);
#5519=ORIENTED_EDGE('',*,*,#7448,.T.);
#5520=ORIENTED_EDGE('',*,*,#7629,.T.);
#5521=CARTESIAN_POINT('',(-2.915,0.0,0.0));
#5522=DIRECTION('',(1.0,0.0,0.0));
#5523=DIRECTION('',(0.0,1.0,0.0));
#5524=ORIENTED_EDGE('',*,*,#7498,.T.);
#5525=ORIENTED_EDGE('',*,*,#8339,.T.);
#5526=ORIENTED_EDGE('',*,*,#8340,.T.);
#5527=ORIENTED_EDGE('',*,*,#7977,.F.);
#5528=CARTESIAN_POINT('',(-2.915,0.0,0.0));
#5529=DIRECTION('',(1.0,0.0,0.0));
#5530=DIRECTION('',(0.0,1.0,0.0));
#5531=ORIENTED_EDGE('',*,*,#7449,.T.);
#5532=ORIENTED_EDGE('',*,*,#8338,.F.);
#5533=ORIENTED_EDGE('',*,*,#8336,.F.);
#5534=ORIENTED_EDGE('',*,*,#8332,.T.);
#5535=CARTESIAN_POINT('',(-3.035,-0.34,1.0));
#5536=DIRECTION('',(0.0,0.0,1.0));
#5537=DIRECTION('',(1.0,0.0,0.0));
#5538=ORIENTED_EDGE('',*,*,#8340,.F.);
#5539=ORIENTED_EDGE('',*,*,#8341,.F.);
#5540=ORIENTED_EDGE('',*,*,#8334,.T.);
#5541=ORIENTED_EDGE('',*,*,#7978,.T.);
#5542=CARTESIAN_POINT('',(-3.035,-0.34,-1.0));
#5543=DIRECTION('',(-0.0,1.0,0.0));
#5544=DIRECTION('',(1.0,0.0,0.0));
#5545=ORIENTED_EDGE('',*,*,#8341,.T.);
#5546=ORIENTED_EDGE('',*,*,#8339,.F.);
#5547=ORIENTED_EDGE('',*,*,#7497,.F.);
#5548=ORIENTED_EDGE('',*,*,#8335,.T.);
#5549=CARTESIAN_POINT('',(-3.035,-0.4,-1.0));
#5550=DIRECTION('',(0.0,0.0,-1.0));
#5551=DIRECTION('',(0.0,-1.0,0.0));
#5552=ORIENTED_EDGE('',*,*,#7446,.F.);
#5553=ORIENTED_EDGE('',*,*,#8342,.F.);
#5554=ORIENTED_EDGE('',*,*,#8343,.F.);
#5555=ORIENTED_EDGE('',*,*,#7630,.F.);
#5556=CARTESIAN_POINT('',(-2.685,0.0,0.0));
#5557=DIRECTION('',(1.0,0.0,0.0));
#5558=DIRECTION('',(0.0,1.0,0.0));
#5559=ORIENTED_EDGE('',*,*,#8344,.F.);
#5560=ORIENTED_EDGE('',*,*,#8345,.F.);
#5561=ORIENTED_EDGE('',*,*,#7500,.F.);
#5562=ORIENTED_EDGE('',*,*,#7976,.T.);
#5563=CARTESIAN_POINT('',(-2.685,0.0,0.0));
#5564=DIRECTION('',(1.0,0.0,0.0));
#5565=DIRECTION('',(0.0,1.0,0.0));
#5566=ORIENTED_EDGE('',*,*,#8343,.T.);
#5567=ORIENTED_EDGE('',*,*,#8346,.T.);
#5568=ORIENTED_EDGE('',*,*,#8347,.F.);
#5569=ORIENTED_EDGE('',*,*,#7631,.F.);
#5570=CARTESIAN_POINT('',(-2.685,-0.34,0.63));
#5571=DIRECTION('',(-0.0,1.0,0.0));
#5572=DIRECTION('',(1.0,0.0,0.0));
#5573=ORIENTED_EDGE('',*,*,#8347,.T.);
#5574=ORIENTED_EDGE('',*,*,#8348,.T.);
#5575=ORIENTED_EDGE('',*,*,#7444,.T.);
#5576=ORIENTED_EDGE('',*,*,#7632,.T.);
#5577=CARTESIAN_POINT('',(-2.565,0.0,0.0));
#5578=DIRECTION('',(1.0,0.0,0.0));
#5579=DIRECTION('',(0.0,1.0,0.0));
#5580=ORIENTED_EDGE('',*,*,#7502,.T.);
#5581=ORIENTED_EDGE('',*,*,#8349,.T.);
#5582=ORIENTED_EDGE('',*,*,#8350,.T.);
#5583=ORIENTED_EDGE('',*,*,#7974,.F.);
#5584=CARTESIAN_POINT('',(-2.565,0.0,0.0));
#5585=DIRECTION('',(1.0,0.0,0.0));
#5586=DIRECTION('',(0.0,1.0,0.0));
#5587=ORIENTED_EDGE('',*,*,#7445,.T.);
#5588=ORIENTED_EDGE('',*,*,#8348,.F.);
#5589=ORIENTED_EDGE('',*,*,#8346,.F.);
#5590=ORIENTED_EDGE('',*,*,#8342,.T.);
#5591=CARTESIAN_POINT('',(-2.685,-0.34,1.0));
#5592=DIRECTION('',(0.0,0.0,1.0));
#5593=DIRECTION('',(1.0,0.0,0.0));
#5594=ORIENTED_EDGE('',*,*,#8350,.F.);
#5595=ORIENTED_EDGE('',*,*,#8351,.F.);
#5596=ORIENTED_EDGE('',*,*,#8344,.T.);
#5597=ORIENTED_EDGE('',*,*,#7975,.T.);
#5598=CARTESIAN_POINT('',(-2.685,-0.34,-1.0));
#5599=DIRECTION('',(-0.0,1.0,0.0));
#5600=DIRECTION('',(1.0,0.0,0.0));
#5601=ORIENTED_EDGE('',*,*,#8351,.T.);
#5602=ORIENTED_EDGE('',*,*,#8349,.F.);
#5603=ORIENTED_EDGE('',*,*,#7501,.F.);
#5604=ORIENTED_EDGE('',*,*,#8345,.T.);
#5605=CARTESIAN_POINT('',(-2.685,-0.4,-1.0));
#5606=DIRECTION('',(0.0,0.0,-1.0));
#5607=DIRECTION('',(0.0,-1.0,0.0));
#5608=ORIENTED_EDGE('',*,*,#7442,.F.);
#5609=ORIENTED_EDGE('',*,*,#8352,.F.);
#5610=ORIENTED_EDGE('',*,*,#8353,.F.);
#5611=ORIENTED_EDGE('',*,*,#7633,.F.);
#5612=CARTESIAN_POINT('',(-2.335,0.0,0.0));
#5613=DIRECTION('',(1.0,0.0,0.0));
#5614=DIRECTION('',(0.0,1.0,0.0));
#5615=ORIENTED_EDGE('',*,*,#8354,.F.);
#5616=ORIENTED_EDGE('',*,*,#8355,.F.);
#5617=ORIENTED_EDGE('',*,*,#7504,.F.);
#5618=ORIENTED_EDGE('',*,*,#7973,.T.);
#5619=CARTESIAN_POINT('',(-2.335,0.0,0.0));
#5620=DIRECTION('',(1.0,0.0,0.0));
#5621=DIRECTION('',(0.0,1.0,0.0));
#5622=ORIENTED_EDGE('',*,*,#8353,.T.);
#5623=ORIENTED_EDGE('',*,*,#8356,.T.);
#5624=ORIENTED_EDGE('',*,*,#8357,.F.);
#5625=ORIENTED_EDGE('',*,*,#7634,.F.);
#5626=CARTESIAN_POINT('',(-2.335,-0.34,0.63));
#5627=DIRECTION('',(-0.0,1.0,0.0));
#5628=DIRECTION('',(1.0,0.0,0.0));
#5629=ORIENTED_EDGE('',*,*,#8357,.T.);
#5630=ORIENTED_EDGE('',*,*,#8358,.T.);
#5631=ORIENTED_EDGE('',*,*,#7440,.T.);
#5632=ORIENTED_EDGE('',*,*,#7635,.T.);
#5633=CARTESIAN_POINT('',(-2.215,0.0,0.0));
#5634=DIRECTION('',(1.0,0.0,0.0));
#5635=DIRECTION('',(0.0,1.0,0.0));
#5636=ORIENTED_EDGE('',*,*,#7506,.T.);
#5637=ORIENTED_EDGE('',*,*,#8359,.T.);
#5638=ORIENTED_EDGE('',*,*,#8360,.T.);
#5639=ORIENTED_EDGE('',*,*,#7971,.F.);
#5640=CARTESIAN_POINT('',(-2.215,0.0,0.0));
#5641=DIRECTION('',(1.0,0.0,0.0));
#5642=DIRECTION('',(0.0,1.0,0.0));
#5643=ORIENTED_EDGE('',*,*,#7441,.T.);
#5644=ORIENTED_EDGE('',*,*,#8358,.F.);
#5645=ORIENTED_EDGE('',*,*,#8356,.F.);
#5646=ORIENTED_EDGE('',*,*,#8352,.T.);
#5647=CARTESIAN_POINT('',(-2.335,-0.34,1.0));
#5648=DIRECTION('',(0.0,0.0,1.0));
#5649=DIRECTION('',(1.0,0.0,0.0));
#5650=ORIENTED_EDGE('',*,*,#8360,.F.);
#5651=ORIENTED_EDGE('',*,*,#8361,.F.);
#5652=ORIENTED_EDGE('',*,*,#8354,.T.);
#5653=ORIENTED_EDGE('',*,*,#7972,.T.);
#5654=CARTESIAN_POINT('',(-2.335,-0.34,-1.0));
#5655=DIRECTION('',(-0.0,1.0,0.0));
#5656=DIRECTION('',(1.0,0.0,0.0));
#5657=ORIENTED_EDGE('',*,*,#8361,.T.);
#5658=ORIENTED_EDGE('',*,*,#8359,.F.);
#5659=ORIENTED_EDGE('',*,*,#7505,.F.);
#5660=ORIENTED_EDGE('',*,*,#8355,.T.);
#5661=CARTESIAN_POINT('',(-2.335,-0.4,-1.0));
#5662=DIRECTION('',(0.0,0.0,-1.0));
#5663=DIRECTION('',(0.0,-1.0,0.0));
#5664=ORIENTED_EDGE('',*,*,#7438,.F.);
#5665=ORIENTED_EDGE('',*,*,#8362,.F.);
#5666=ORIENTED_EDGE('',*,*,#8363,.F.);
#5667=ORIENTED_EDGE('',*,*,#7636,.F.);
#5668=CARTESIAN_POINT('',(-1.985,0.0,0.0));
#5669=DIRECTION('',(1.0,0.0,0.0));
#5670=DIRECTION('',(0.0,1.0,0.0));
#5671=ORIENTED_EDGE('',*,*,#8364,.F.);
#5672=ORIENTED_EDGE('',*,*,#8365,.F.);
#5673=ORIENTED_EDGE('',*,*,#7508,.F.);
#5674=ORIENTED_EDGE('',*,*,#7970,.T.);
#5675=CARTESIAN_POINT('',(-1.985,0.0,0.0));
#5676=DIRECTION('',(1.0,0.0,0.0));
#5677=DIRECTION('',(0.0,1.0,0.0));
#5678=ORIENTED_EDGE('',*,*,#8363,.T.);
#5679=ORIENTED_EDGE('',*,*,#8366,.T.);
#5680=ORIENTED_EDGE('',*,*,#8367,.F.);
#5681=ORIENTED_EDGE('',*,*,#7637,.F.);
#5682=CARTESIAN_POINT('',(-1.985,-0.34,0.63));
#5683=DIRECTION('',(-0.0,1.0,0.0));
#5684=DIRECTION('',(1.0,0.0,0.0));
#5685=ORIENTED_EDGE('',*,*,#8367,.T.);
#5686=ORIENTED_EDGE('',*,*,#8368,.T.);
#5687=ORIENTED_EDGE('',*,*,#7436,.T.);
#5688=ORIENTED_EDGE('',*,*,#7638,.T.);
#5689=CARTESIAN_POINT('',(-1.865,0.0,0.0));
#5690=DIRECTION('',(1.0,0.0,0.0));
#5691=DIRECTION('',(0.0,1.0,0.0));
#5692=ORIENTED_EDGE('',*,*,#7510,.T.);
#5693=ORIENTED_EDGE('',*,*,#8369,.T.);
#5694=ORIENTED_EDGE('',*,*,#8370,.T.);
#5695=ORIENTED_EDGE('',*,*,#7968,.F.);
#5696=CARTESIAN_POINT('',(-1.865,0.0,0.0));
#5697=DIRECTION('',(1.0,0.0,0.0));
#5698=DIRECTION('',(0.0,1.0,0.0));
#5699=ORIENTED_EDGE('',*,*,#7437,.T.);
#5700=ORIENTED_EDGE('',*,*,#8368,.F.);
#5701=ORIENTED_EDGE('',*,*,#8366,.F.);
#5702=ORIENTED_EDGE('',*,*,#8362,.T.);
#5703=CARTESIAN_POINT('',(-1.985,-0.34,1.0));
#5704=DIRECTION('',(0.0,0.0,1.0));
#5705=DIRECTION('',(1.0,0.0,0.0));
#5706=ORIENTED_EDGE('',*,*,#8370,.F.);
#5707=ORIENTED_EDGE('',*,*,#8371,.F.);
#5708=ORIENTED_EDGE('',*,*,#8364,.T.);
#5709=ORIENTED_EDGE('',*,*,#7969,.T.);
#5710=CARTESIAN_POINT('',(-1.985,-0.34,-1.0));
#5711=DIRECTION('',(-0.0,1.0,0.0));
#5712=DIRECTION('',(1.0,0.0,0.0));
#5713=ORIENTED_EDGE('',*,*,#8371,.T.);
#5714=ORIENTED_EDGE('',*,*,#8369,.F.);
#5715=ORIENTED_EDGE('',*,*,#7509,.F.);
#5716=ORIENTED_EDGE('',*,*,#8365,.T.);
#5717=CARTESIAN_POINT('',(-1.985,-0.4,-1.0));
#5718=DIRECTION('',(0.0,0.0,-1.0));
#5719=DIRECTION('',(0.0,-1.0,0.0));
#5720=ORIENTED_EDGE('',*,*,#7434,.F.);
#5721=ORIENTED_EDGE('',*,*,#8372,.F.);
#5722=ORIENTED_EDGE('',*,*,#8373,.F.);
#5723=ORIENTED_EDGE('',*,*,#7639,.F.);
#5724=CARTESIAN_POINT('',(-1.635,0.0,0.0));
#5725=DIRECTION('',(1.0,0.0,0.0));
#5726=DIRECTION('',(0.0,1.0,0.0));
#5727=ORIENTED_EDGE('',*,*,#8374,.F.);
#5728=ORIENTED_EDGE('',*,*,#8375,.F.);
#5729=ORIENTED_EDGE('',*,*,#7512,.F.);
#5730=ORIENTED_EDGE('',*,*,#7967,.T.);
#5731=CARTESIAN_POINT('',(-1.635,0.0,0.0));
#5732=DIRECTION('',(1.0,0.0,0.0));
#5733=DIRECTION('',(0.0,1.0,0.0));
#5734=ORIENTED_EDGE('',*,*,#8373,.T.);
#5735=ORIENTED_EDGE('',*,*,#8376,.T.);
#5736=ORIENTED_EDGE('',*,*,#8377,.F.);
#5737=ORIENTED_EDGE('',*,*,#7640,.F.);
#5738=CARTESIAN_POINT('',(-1.635,-0.34,0.63));
#5739=DIRECTION('',(-0.0,1.0,0.0));
#5740=DIRECTION('',(1.0,0.0,0.0));
#5741=ORIENTED_EDGE('',*,*,#8377,.T.);
#5742=ORIENTED_EDGE('',*,*,#8378,.T.);
#5743=ORIENTED_EDGE('',*,*,#7432,.T.);
#5744=ORIENTED_EDGE('',*,*,#7641,.T.);
#5745=CARTESIAN_POINT('',(-1.515,0.0,0.0));
#5746=DIRECTION('',(1.0,0.0,0.0));
#5747=DIRECTION('',(0.0,1.0,0.0));
#5748=ORIENTED_EDGE('',*,*,#7514,.T.);
#5749=ORIENTED_EDGE('',*,*,#8379,.T.);
#5750=ORIENTED_EDGE('',*,*,#8380,.T.);
#5751=ORIENTED_EDGE('',*,*,#7965,.F.);
#5752=CARTESIAN_POINT('',(-1.515,0.0,0.0));
#5753=DIRECTION('',(1.0,0.0,0.0));
#5754=DIRECTION('',(0.0,1.0,0.0));
#5755=ORIENTED_EDGE('',*,*,#7433,.T.);
#5756=ORIENTED_EDGE('',*,*,#8378,.F.);
#5757=ORIENTED_EDGE('',*,*,#8376,.F.);
#5758=ORIENTED_EDGE('',*,*,#8372,.T.);
#5759=CARTESIAN_POINT('',(-1.635,-0.34,1.0));
#5760=DIRECTION('',(0.0,0.0,1.0));
#5761=DIRECTION('',(1.0,0.0,0.0));
#5762=ORIENTED_EDGE('',*,*,#8380,.F.);
#5763=ORIENTED_EDGE('',*,*,#8381,.F.);
#5764=ORIENTED_EDGE('',*,*,#8374,.T.);
#5765=ORIENTED_EDGE('',*,*,#7966,.T.);
#5766=CARTESIAN_POINT('',(-1.635,-0.34,-1.0));
#5767=DIRECTION('',(-0.0,1.0,0.0));
#5768=DIRECTION('',(1.0,0.0,0.0));
#5769=ORIENTED_EDGE('',*,*,#8381,.T.);
#5770=ORIENTED_EDGE('',*,*,#8379,.F.);
#5771=ORIENTED_EDGE('',*,*,#7513,.F.);
#5772=ORIENTED_EDGE('',*,*,#8375,.T.);
#5773=CARTESIAN_POINT('',(-1.635,-0.4,-1.0));
#5774=DIRECTION('',(0.0,0.0,-1.0));
#5775=DIRECTION('',(0.0,-1.0,0.0));
#5776=ORIENTED_EDGE('',*,*,#7430,.F.);
#5777=ORIENTED_EDGE('',*,*,#8382,.F.);
#5778=ORIENTED_EDGE('',*,*,#8383,.F.);
#5779=ORIENTED_EDGE('',*,*,#7642,.F.);
#5780=CARTESIAN_POINT('',(-1.285,0.0,0.0));
#5781=DIRECTION('',(1.0,0.0,0.0));
#5782=DIRECTION('',(0.0,1.0,0.0));
#5783=ORIENTED_EDGE('',*,*,#8384,.F.);
#5784=ORIENTED_EDGE('',*,*,#8385,.F.);
#5785=ORIENTED_EDGE('',*,*,#7516,.F.);
#5786=ORIENTED_EDGE('',*,*,#7964,.T.);
#5787=CARTESIAN_POINT('',(-1.285,0.0,0.0));
#5788=DIRECTION('',(1.0,0.0,0.0));
#5789=DIRECTION('',(0.0,1.0,0.0));
#5790=ORIENTED_EDGE('',*,*,#8383,.T.);
#5791=ORIENTED_EDGE('',*,*,#8386,.T.);
#5792=ORIENTED_EDGE('',*,*,#8387,.F.);
#5793=ORIENTED_EDGE('',*,*,#7643,.F.);
#5794=CARTESIAN_POINT('',(-1.285,-0.34,0.63));
#5795=DIRECTION('',(-0.0,1.0,0.0));
#5796=DIRECTION('',(1.0,0.0,0.0));
#5797=ORIENTED_EDGE('',*,*,#8387,.T.);
#5798=ORIENTED_EDGE('',*,*,#8388,.T.);
#5799=ORIENTED_EDGE('',*,*,#7428,.T.);
#5800=ORIENTED_EDGE('',*,*,#7644,.T.);
#5801=CARTESIAN_POINT('',(-1.165,0.0,0.0));
#5802=DIRECTION('',(1.0,0.0,0.0));
#5803=DIRECTION('',(0.0,1.0,0.0));
#5804=ORIENTED_EDGE('',*,*,#7518,.T.);
#5805=ORIENTED_EDGE('',*,*,#8389,.T.);
#5806=ORIENTED_EDGE('',*,*,#8390,.T.);
#5807=ORIENTED_EDGE('',*,*,#7962,.F.);
#5808=CARTESIAN_POINT('',(-1.165,0.0,0.0));
#5809=DIRECTION('',(1.0,0.0,0.0));
#5810=DIRECTION('',(0.0,1.0,0.0));
#5811=ORIENTED_EDGE('',*,*,#7429,.T.);
#5812=ORIENTED_EDGE('',*,*,#8388,.F.);
#5813=ORIENTED_EDGE('',*,*,#8386,.F.);
#5814=ORIENTED_EDGE('',*,*,#8382,.T.);
#5815=CARTESIAN_POINT('',(-1.285,-0.34,1.0));
#5816=DIRECTION('',(0.0,0.0,1.0));
#5817=DIRECTION('',(1.0,0.0,0.0));
#5818=ORIENTED_EDGE('',*,*,#8390,.F.);
#5819=ORIENTED_EDGE('',*,*,#8391,.F.);
#5820=ORIENTED_EDGE('',*,*,#8384,.T.);
#5821=ORIENTED_EDGE('',*,*,#7963,.T.);
#5822=CARTESIAN_POINT('',(-1.285,-0.34,-1.0));
#5823=DIRECTION('',(-0.0,1.0,0.0));
#5824=DIRECTION('',(1.0,0.0,0.0));
#5825=ORIENTED_EDGE('',*,*,#8391,.T.);
#5826=ORIENTED_EDGE('',*,*,#8389,.F.);
#5827=ORIENTED_EDGE('',*,*,#7517,.F.);
#5828=ORIENTED_EDGE('',*,*,#8385,.T.);
#5829=CARTESIAN_POINT('',(-1.285,-0.4,-1.0));
#5830=DIRECTION('',(0.0,0.0,-1.0));
#5831=DIRECTION('',(0.0,-1.0,0.0));
#5832=ORIENTED_EDGE('',*,*,#7426,.F.);
#5833=ORIENTED_EDGE('',*,*,#8392,.F.);
#5834=ORIENTED_EDGE('',*,*,#8393,.F.);
#5835=ORIENTED_EDGE('',*,*,#7645,.F.);
#5836=CARTESIAN_POINT('',(-0.935,0.0,0.0));
#5837=DIRECTION('',(1.0,0.0,0.0));
#5838=DIRECTION('',(0.0,1.0,0.0));
#5839=ORIENTED_EDGE('',*,*,#8394,.F.);
#5840=ORIENTED_EDGE('',*,*,#8395,.F.);
#5841=ORIENTED_EDGE('',*,*,#7520,.F.);
#5842=ORIENTED_EDGE('',*,*,#7961,.T.);
#5843=CARTESIAN_POINT('',(-0.935,0.0,0.0));
#5844=DIRECTION('',(1.0,0.0,0.0));
#5845=DIRECTION('',(0.0,1.0,0.0));
#5846=ORIENTED_EDGE('',*,*,#8393,.T.);
#5847=ORIENTED_EDGE('',*,*,#8396,.T.);
#5848=ORIENTED_EDGE('',*,*,#8397,.F.);
#5849=ORIENTED_EDGE('',*,*,#7646,.F.);
#5850=CARTESIAN_POINT('',(-0.935,-0.34,0.63));
#5851=DIRECTION('',(-0.0,1.0,0.0));
#5852=DIRECTION('',(1.0,0.0,0.0));
#5853=ORIENTED_EDGE('',*,*,#8397,.T.);
#5854=ORIENTED_EDGE('',*,*,#8398,.T.);
#5855=ORIENTED_EDGE('',*,*,#7424,.T.);
#5856=ORIENTED_EDGE('',*,*,#7647,.T.);
#5857=CARTESIAN_POINT('',(-0.815,0.0,0.0));
#5858=DIRECTION('',(1.0,0.0,0.0));
#5859=DIRECTION('',(0.0,1.0,0.0));
#5860=ORIENTED_EDGE('',*,*,#7522,.T.);
#5861=ORIENTED_EDGE('',*,*,#8399,.T.);
#5862=ORIENTED_EDGE('',*,*,#8400,.T.);
#5863=ORIENTED_EDGE('',*,*,#7959,.F.);
#5864=CARTESIAN_POINT('',(-0.815,0.0,0.0));
#5865=DIRECTION('',(1.0,0.0,0.0));
#5866=DIRECTION('',(0.0,1.0,0.0));
#5867=ORIENTED_EDGE('',*,*,#7425,.T.);
#5868=ORIENTED_EDGE('',*,*,#8398,.F.);
#5869=ORIENTED_EDGE('',*,*,#8396,.F.);
#5870=ORIENTED_EDGE('',*,*,#8392,.T.);
#5871=CARTESIAN_POINT('',(-0.935,-0.34,1.0));
#5872=DIRECTION('',(0.0,0.0,1.0));
#5873=DIRECTION('',(1.0,0.0,0.0));
#5874=ORIENTED_EDGE('',*,*,#8400,.F.);
#5875=ORIENTED_EDGE('',*,*,#8401,.F.);
#5876=ORIENTED_EDGE('',*,*,#8394,.T.);
#5877=ORIENTED_EDGE('',*,*,#7960,.T.);
#5878=CARTESIAN_POINT('',(-0.935,-0.34,-1.0));
#5879=DIRECTION('',(-0.0,1.0,0.0));
#5880=DIRECTION('',(1.0,0.0,0.0));
#5881=ORIENTED_EDGE('',*,*,#8401,.T.);
#5882=ORIENTED_EDGE('',*,*,#8399,.F.);
#5883=ORIENTED_EDGE('',*,*,#7521,.F.);
#5884=ORIENTED_EDGE('',*,*,#8395,.T.);
#5885=CARTESIAN_POINT('',(-0.935,-0.4,-1.0));
#5886=DIRECTION('',(0.0,0.0,-1.0));
#5887=DIRECTION('',(0.0,-1.0,0.0));
#5888=ORIENTED_EDGE('',*,*,#7422,.F.);
#5889=ORIENTED_EDGE('',*,*,#8402,.F.);
#5890=ORIENTED_EDGE('',*,*,#8403,.F.);
#5891=ORIENTED_EDGE('',*,*,#7648,.F.);
#5892=CARTESIAN_POINT('',(-0.585,0.0,0.0));
#5893=DIRECTION('',(1.0,0.0,0.0));
#5894=DIRECTION('',(0.0,1.0,0.0));
#5895=ORIENTED_EDGE('',*,*,#8404,.F.);
#5896=ORIENTED_EDGE('',*,*,#8405,.F.);
#5897=ORIENTED_EDGE('',*,*,#7524,.F.);
#5898=ORIENTED_EDGE('',*,*,#7958,.T.);
#5899=CARTESIAN_POINT('',(-0.585,0.0,0.0));
#5900=DIRECTION('',(1.0,0.0,0.0));
#5901=DIRECTION('',(0.0,1.0,0.0));
#5902=ORIENTED_EDGE('',*,*,#8403,.T.);
#5903=ORIENTED_EDGE('',*,*,#8406,.T.);
#5904=ORIENTED_EDGE('',*,*,#8407,.F.);
#5905=ORIENTED_EDGE('',*,*,#7649,.F.);
#5906=CARTESIAN_POINT('',(-0.585,-0.34,0.63));
#5907=DIRECTION('',(-0.0,1.0,0.0));
#5908=DIRECTION('',(1.0,0.0,0.0));
#5909=ORIENTED_EDGE('',*,*,#8407,.T.);
#5910=ORIENTED_EDGE('',*,*,#8408,.T.);
#5911=ORIENTED_EDGE('',*,*,#7420,.T.);
#5912=ORIENTED_EDGE('',*,*,#7650,.T.);
#5913=CARTESIAN_POINT('',(-0.465,0.0,0.0));
#5914=DIRECTION('',(1.0,0.0,0.0));
#5915=DIRECTION('',(0.0,1.0,0.0));
#5916=ORIENTED_EDGE('',*,*,#7526,.T.);
#5917=ORIENTED_EDGE('',*,*,#8409,.T.);
#5918=ORIENTED_EDGE('',*,*,#8410,.T.);
#5919=ORIENTED_EDGE('',*,*,#7956,.F.);
#5920=CARTESIAN_POINT('',(-0.465,0.0,0.0));
#5921=DIRECTION('',(1.0,0.0,0.0));
#5922=DIRECTION('',(0.0,1.0,0.0));
#5923=ORIENTED_EDGE('',*,*,#7421,.T.);
#5924=ORIENTED_EDGE('',*,*,#8408,.F.);
#5925=ORIENTED_EDGE('',*,*,#8406,.F.);
#5926=ORIENTED_EDGE('',*,*,#8402,.T.);
#5927=CARTESIAN_POINT('',(-0.585,-0.34,1.0));
#5928=DIRECTION('',(0.0,0.0,1.0));
#5929=DIRECTION('',(1.0,0.0,0.0));
#5930=ORIENTED_EDGE('',*,*,#8410,.F.);
#5931=ORIENTED_EDGE('',*,*,#8411,.F.);
#5932=ORIENTED_EDGE('',*,*,#8404,.T.);
#5933=ORIENTED_EDGE('',*,*,#7957,.T.);
#5934=CARTESIAN_POINT('',(-0.585,-0.34,-1.0));
#5935=DIRECTION('',(-0.0,1.0,0.0));
#5936=DIRECTION('',(1.0,0.0,0.0));
#5937=ORIENTED_EDGE('',*,*,#8411,.T.);
#5938=ORIENTED_EDGE('',*,*,#8409,.F.);
#5939=ORIENTED_EDGE('',*,*,#7525,.F.);
#5940=ORIENTED_EDGE('',*,*,#8405,.T.);
#5941=CARTESIAN_POINT('',(-0.585,-0.4,-1.0));
#5942=DIRECTION('',(0.0,0.0,-1.0));
#5943=DIRECTION('',(0.0,-1.0,0.0));
#5944=ORIENTED_EDGE('',*,*,#7418,.F.);
#5945=ORIENTED_EDGE('',*,*,#8412,.F.);
#5946=ORIENTED_EDGE('',*,*,#8413,.F.);
#5947=ORIENTED_EDGE('',*,*,#7651,.F.);
#5948=CARTESIAN_POINT('',(-0.235,0.0,0.0));
#5949=DIRECTION('',(1.0,0.0,0.0));
#5950=DIRECTION('',(0.0,1.0,0.0));
#5951=ORIENTED_EDGE('',*,*,#8414,.F.);
#5952=ORIENTED_EDGE('',*,*,#8415,.F.);
#5953=ORIENTED_EDGE('',*,*,#7528,.F.);
#5954=ORIENTED_EDGE('',*,*,#7955,.T.);
#5955=CARTESIAN_POINT('',(-0.235,0.0,0.0));
#5956=DIRECTION('',(1.0,0.0,0.0));
#5957=DIRECTION('',(0.0,1.0,0.0));
#5958=ORIENTED_EDGE('',*,*,#8413,.T.);
#5959=ORIENTED_EDGE('',*,*,#8416,.T.);
#5960=ORIENTED_EDGE('',*,*,#8417,.F.);
#5961=ORIENTED_EDGE('',*,*,#7652,.F.);
#5962=CARTESIAN_POINT('',(-0.235,-0.34,0.63));
#5963=DIRECTION('',(-0.0,1.0,0.0));
#5964=DIRECTION('',(1.0,0.0,0.0));
#5965=ORIENTED_EDGE('',*,*,#8417,.T.);
#5966=ORIENTED_EDGE('',*,*,#8418,.T.);
#5967=ORIENTED_EDGE('',*,*,#7416,.T.);
#5968=ORIENTED_EDGE('',*,*,#7653,.T.);
#5969=CARTESIAN_POINT('',(-0.115,0.0,0.0));
#5970=DIRECTION('',(1.0,0.0,0.0));
#5971=DIRECTION('',(0.0,1.0,0.0));
#5972=ORIENTED_EDGE('',*,*,#7530,.T.);
#5973=ORIENTED_EDGE('',*,*,#8419,.T.);
#5974=ORIENTED_EDGE('',*,*,#8420,.T.);
#5975=ORIENTED_EDGE('',*,*,#7953,.F.);
#5976=CARTESIAN_POINT('',(-0.115,0.0,0.0));
#5977=DIRECTION('',(1.0,0.0,0.0));
#5978=DIRECTION('',(0.0,1.0,0.0));
#5979=ORIENTED_EDGE('',*,*,#7417,.T.);
#5980=ORIENTED_EDGE('',*,*,#8418,.F.);
#5981=ORIENTED_EDGE('',*,*,#8416,.F.);
#5982=ORIENTED_EDGE('',*,*,#8412,.T.);
#5983=CARTESIAN_POINT('',(-0.235,-0.34,1.0));
#5984=DIRECTION('',(0.0,0.0,1.0));
#5985=DIRECTION('',(1.0,0.0,0.0));
#5986=ORIENTED_EDGE('',*,*,#8420,.F.);
#5987=ORIENTED_EDGE('',*,*,#8421,.F.);
#5988=ORIENTED_EDGE('',*,*,#8414,.T.);
#5989=ORIENTED_EDGE('',*,*,#7954,.T.);
#5990=CARTESIAN_POINT('',(-0.235,-0.34,-1.0));
#5991=DIRECTION('',(-0.0,1.0,0.0));
#5992=DIRECTION('',(1.0,0.0,0.0));
#5993=ORIENTED_EDGE('',*,*,#8421,.T.);
#5994=ORIENTED_EDGE('',*,*,#8419,.F.);
#5995=ORIENTED_EDGE('',*,*,#7529,.F.);
#5996=ORIENTED_EDGE('',*,*,#8415,.T.);
#5997=CARTESIAN_POINT('',(-0.235,-0.4,-1.0));
#5998=DIRECTION('',(0.0,0.0,-1.0));
#5999=DIRECTION('',(0.0,-1.0,0.0));
#6000=ORIENTED_EDGE('',*,*,#7414,.F.);
#6001=ORIENTED_EDGE('',*,*,#8422,.F.);
#6002=ORIENTED_EDGE('',*,*,#8423,.F.);
#6003=ORIENTED_EDGE('',*,*,#7654,.F.);
#6004=CARTESIAN_POINT('',(0.115,0.0,0.0));
#6005=DIRECTION('',(1.0,0.0,0.0));
#6006=DIRECTION('',(0.0,1.0,0.0));
#6007=ORIENTED_EDGE('',*,*,#8424,.F.);
#6008=ORIENTED_EDGE('',*,*,#8425,.F.);
#6009=ORIENTED_EDGE('',*,*,#7532,.F.);
#6010=ORIENTED_EDGE('',*,*,#7952,.T.);
#6011=CARTESIAN_POINT('',(0.115,0.0,0.0));
#6012=DIRECTION('',(1.0,0.0,0.0));
#6013=DIRECTION('',(0.0,1.0,0.0));
#6014=ORIENTED_EDGE('',*,*,#8423,.T.);
#6015=ORIENTED_EDGE('',*,*,#8426,.T.);
#6016=ORIENTED_EDGE('',*,*,#8427,.F.);
#6017=ORIENTED_EDGE('',*,*,#7655,.F.);
#6018=CARTESIAN_POINT('',(0.115,-0.34,0.63));
#6019=DIRECTION('',(-0.0,1.0,0.0));
#6020=DIRECTION('',(1.0,0.0,0.0));
#6021=ORIENTED_EDGE('',*,*,#8427,.T.);
#6022=ORIENTED_EDGE('',*,*,#8428,.T.);
#6023=ORIENTED_EDGE('',*,*,#7412,.T.);
#6024=ORIENTED_EDGE('',*,*,#7656,.T.);
#6025=CARTESIAN_POINT('',(0.235,0.0,0.0));
#6026=DIRECTION('',(1.0,0.0,0.0));
#6027=DIRECTION('',(0.0,1.0,0.0));
#6028=ORIENTED_EDGE('',*,*,#7534,.T.);
#6029=ORIENTED_EDGE('',*,*,#8429,.T.);
#6030=ORIENTED_EDGE('',*,*,#8430,.T.);
#6031=ORIENTED_EDGE('',*,*,#7950,.F.);
#6032=CARTESIAN_POINT('',(0.235,0.0,0.0));
#6033=DIRECTION('',(1.0,0.0,0.0));
#6034=DIRECTION('',(0.0,1.0,0.0));
#6035=ORIENTED_EDGE('',*,*,#7413,.T.);
#6036=ORIENTED_EDGE('',*,*,#8428,.F.);
#6037=ORIENTED_EDGE('',*,*,#8426,.F.);
#6038=ORIENTED_EDGE('',*,*,#8422,.T.);
#6039=CARTESIAN_POINT('',(0.115,-0.34,1.0));
#6040=DIRECTION('',(0.0,0.0,1.0));
#6041=DIRECTION('',(1.0,0.0,0.0));
#6042=ORIENTED_EDGE('',*,*,#8430,.F.);
#6043=ORIENTED_EDGE('',*,*,#8431,.F.);
#6044=ORIENTED_EDGE('',*,*,#8424,.T.);
#6045=ORIENTED_EDGE('',*,*,#7951,.T.);
#6046=CARTESIAN_POINT('',(0.115,-0.34,-1.0));
#6047=DIRECTION('',(-0.0,1.0,0.0));
#6048=DIRECTION('',(1.0,0.0,0.0));
#6049=ORIENTED_EDGE('',*,*,#8431,.T.);
#6050=ORIENTED_EDGE('',*,*,#8429,.F.);
#6051=ORIENTED_EDGE('',*,*,#7533,.F.);
#6052=ORIENTED_EDGE('',*,*,#8425,.T.);
#6053=CARTESIAN_POINT('',(0.115,-0.4,-1.0));
#6054=DIRECTION('',(0.0,0.0,-1.0));
#6055=DIRECTION('',(0.0,-1.0,0.0));
#6056=ORIENTED_EDGE('',*,*,#7410,.F.);
#6057=ORIENTED_EDGE('',*,*,#8432,.F.);
#6058=ORIENTED_EDGE('',*,*,#8433,.F.);
#6059=ORIENTED_EDGE('',*,*,#7657,.F.);
#6060=CARTESIAN_POINT('',(0.465,0.0,0.0));
#6061=DIRECTION('',(1.0,0.0,0.0));
#6062=DIRECTION('',(0.0,1.0,0.0));
#6063=ORIENTED_EDGE('',*,*,#8434,.F.);
#6064=ORIENTED_EDGE('',*,*,#8435,.F.);
#6065=ORIENTED_EDGE('',*,*,#7536,.F.);
#6066=ORIENTED_EDGE('',*,*,#7949,.T.);
#6067=CARTESIAN_POINT('',(0.465,0.0,0.0));
#6068=DIRECTION('',(1.0,0.0,0.0));
#6069=DIRECTION('',(0.0,1.0,0.0));
#6070=ORIENTED_EDGE('',*,*,#8433,.T.);
#6071=ORIENTED_EDGE('',*,*,#8436,.T.);
#6072=ORIENTED_EDGE('',*,*,#8437,.F.);
#6073=ORIENTED_EDGE('',*,*,#7658,.F.);
#6074=CARTESIAN_POINT('',(0.465,-0.34,0.63));
#6075=DIRECTION('',(-0.0,1.0,0.0));
#6076=DIRECTION('',(1.0,0.0,0.0));
#6077=ORIENTED_EDGE('',*,*,#8437,.T.);
#6078=ORIENTED_EDGE('',*,*,#8438,.T.);
#6079=ORIENTED_EDGE('',*,*,#7408,.T.);
#6080=ORIENTED_EDGE('',*,*,#7659,.T.);
#6081=CARTESIAN_POINT('',(0.585,0.0,0.0));
#6082=DIRECTION('',(1.0,0.0,0.0));
#6083=DIRECTION('',(0.0,1.0,0.0));
#6084=ORIENTED_EDGE('',*,*,#7538,.T.);
#6085=ORIENTED_EDGE('',*,*,#8439,.T.);
#6086=ORIENTED_EDGE('',*,*,#8440,.T.);
#6087=ORIENTED_EDGE('',*,*,#7947,.F.);
#6088=CARTESIAN_POINT('',(0.585,0.0,0.0));
#6089=DIRECTION('',(1.0,0.0,0.0));
#6090=DIRECTION('',(0.0,1.0,0.0));
#6091=ORIENTED_EDGE('',*,*,#7409,.T.);
#6092=ORIENTED_EDGE('',*,*,#8438,.F.);
#6093=ORIENTED_EDGE('',*,*,#8436,.F.);
#6094=ORIENTED_EDGE('',*,*,#8432,.T.);
#6095=CARTESIAN_POINT('',(0.465,-0.34,1.0));
#6096=DIRECTION('',(0.0,0.0,1.0));
#6097=DIRECTION('',(1.0,0.0,0.0));
#6098=ORIENTED_EDGE('',*,*,#8440,.F.);
#6099=ORIENTED_EDGE('',*,*,#8441,.F.);
#6100=ORIENTED_EDGE('',*,*,#8434,.T.);
#6101=ORIENTED_EDGE('',*,*,#7948,.T.);
#6102=CARTESIAN_POINT('',(0.465,-0.34,-1.0));
#6103=DIRECTION('',(-0.0,1.0,0.0));
#6104=DIRECTION('',(1.0,0.0,0.0));
#6105=ORIENTED_EDGE('',*,*,#8441,.T.);
#6106=ORIENTED_EDGE('',*,*,#8439,.F.);
#6107=ORIENTED_EDGE('',*,*,#7537,.F.);
#6108=ORIENTED_EDGE('',*,*,#8435,.T.);
#6109=CARTESIAN_POINT('',(0.465,-0.4,-1.0));
#6110=DIRECTION('',(0.0,0.0,-1.0));
#6111=DIRECTION('',(0.0,-1.0,0.0));
#6112=ORIENTED_EDGE('',*,*,#7406,.F.);
#6113=ORIENTED_EDGE('',*,*,#8442,.F.);
#6114=ORIENTED_EDGE('',*,*,#8443,.F.);
#6115=ORIENTED_EDGE('',*,*,#7660,.F.);
#6116=CARTESIAN_POINT('',(0.815,0.0,0.0));
#6117=DIRECTION('',(1.0,0.0,0.0));
#6118=DIRECTION('',(0.0,1.0,0.0));
#6119=ORIENTED_EDGE('',*,*,#8444,.F.);
#6120=ORIENTED_EDGE('',*,*,#8445,.F.);
#6121=ORIENTED_EDGE('',*,*,#7540,.F.);
#6122=ORIENTED_EDGE('',*,*,#7946,.T.);
#6123=CARTESIAN_POINT('',(0.815,0.0,0.0));
#6124=DIRECTION('',(1.0,0.0,0.0));
#6125=DIRECTION('',(0.0,1.0,0.0));
#6126=ORIENTED_EDGE('',*,*,#8443,.T.);
#6127=ORIENTED_EDGE('',*,*,#8446,.T.);
#6128=ORIENTED_EDGE('',*,*,#8447,.F.);
#6129=ORIENTED_EDGE('',*,*,#7661,.F.);
#6130=CARTESIAN_POINT('',(0.815,-0.34,0.63));
#6131=DIRECTION('',(-0.0,1.0,0.0));
#6132=DIRECTION('',(1.0,0.0,0.0));
#6133=ORIENTED_EDGE('',*,*,#8447,.T.);
#6134=ORIENTED_EDGE('',*,*,#8448,.T.);
#6135=ORIENTED_EDGE('',*,*,#7404,.T.);
#6136=ORIENTED_EDGE('',*,*,#7662,.T.);
#6137=CARTESIAN_POINT('',(0.935,0.0,0.0));
#6138=DIRECTION('',(1.0,0.0,0.0));
#6139=DIRECTION('',(0.0,1.0,0.0));
#6140=ORIENTED_EDGE('',*,*,#7542,.T.);
#6141=ORIENTED_EDGE('',*,*,#8449,.T.);
#6142=ORIENTED_EDGE('',*,*,#8450,.T.);
#6143=ORIENTED_EDGE('',*,*,#7944,.F.);
#6144=CARTESIAN_POINT('',(0.935,0.0,0.0));
#6145=DIRECTION('',(1.0,0.0,0.0));
#6146=DIRECTION('',(0.0,1.0,0.0));
#6147=ORIENTED_EDGE('',*,*,#7405,.T.);
#6148=ORIENTED_EDGE('',*,*,#8448,.F.);
#6149=ORIENTED_EDGE('',*,*,#8446,.F.);
#6150=ORIENTED_EDGE('',*,*,#8442,.T.);
#6151=CARTESIAN_POINT('',(0.815,-0.34,1.0));
#6152=DIRECTION('',(0.0,0.0,1.0));
#6153=DIRECTION('',(1.0,0.0,0.0));
#6154=ORIENTED_EDGE('',*,*,#8450,.F.);
#6155=ORIENTED_EDGE('',*,*,#8451,.F.);
#6156=ORIENTED_EDGE('',*,*,#8444,.T.);
#6157=ORIENTED_EDGE('',*,*,#7945,.T.);
#6158=CARTESIAN_POINT('',(0.815,-0.34,-1.0));
#6159=DIRECTION('',(-0.0,1.0,0.0));
#6160=DIRECTION('',(1.0,0.0,0.0));
#6161=ORIENTED_EDGE('',*,*,#8451,.T.);
#6162=ORIENTED_EDGE('',*,*,#8449,.F.);
#6163=ORIENTED_EDGE('',*,*,#7541,.F.);
#6164=ORIENTED_EDGE('',*,*,#8445,.T.);
#6165=CARTESIAN_POINT('',(0.815,-0.4,-1.0));
#6166=DIRECTION('',(0.0,0.0,-1.0));
#6167=DIRECTION('',(0.0,-1.0,0.0));
#6168=ORIENTED_EDGE('',*,*,#7402,.F.);
#6169=ORIENTED_EDGE('',*,*,#8452,.F.);
#6170=ORIENTED_EDGE('',*,*,#8453,.F.);
#6171=ORIENTED_EDGE('',*,*,#7663,.F.);
#6172=CARTESIAN_POINT('',(1.165,0.0,0.0));
#6173=DIRECTION('',(1.0,0.0,0.0));
#6174=DIRECTION('',(0.0,1.0,0.0));
#6175=ORIENTED_EDGE('',*,*,#8454,.F.);
#6176=ORIENTED_EDGE('',*,*,#8455,.F.);
#6177=ORIENTED_EDGE('',*,*,#7544,.F.);
#6178=ORIENTED_EDGE('',*,*,#7943,.T.);
#6179=CARTESIAN_POINT('',(1.165,0.0,0.0));
#6180=DIRECTION('',(1.0,0.0,0.0));
#6181=DIRECTION('',(0.0,1.0,0.0));
#6182=ORIENTED_EDGE('',*,*,#8453,.T.);
#6183=ORIENTED_EDGE('',*,*,#8456,.T.);
#6184=ORIENTED_EDGE('',*,*,#8457,.F.);
#6185=ORIENTED_EDGE('',*,*,#7664,.F.);
#6186=CARTESIAN_POINT('',(1.165,-0.34,0.63));
#6187=DIRECTION('',(-0.0,1.0,0.0));
#6188=DIRECTION('',(1.0,0.0,0.0));
#6189=ORIENTED_EDGE('',*,*,#8457,.T.);
#6190=ORIENTED_EDGE('',*,*,#8458,.T.);
#6191=ORIENTED_EDGE('',*,*,#7400,.T.);
#6192=ORIENTED_EDGE('',*,*,#7665,.T.);
#6193=CARTESIAN_POINT('',(1.285,0.0,0.0));
#6194=DIRECTION('',(1.0,0.0,0.0));
#6195=DIRECTION('',(0.0,1.0,0.0));
#6196=ORIENTED_EDGE('',*,*,#7546,.T.);
#6197=ORIENTED_EDGE('',*,*,#8459,.T.);
#6198=ORIENTED_EDGE('',*,*,#8460,.T.);
#6199=ORIENTED_EDGE('',*,*,#7941,.F.);
#6200=CARTESIAN_POINT('',(1.285,0.0,0.0));
#6201=DIRECTION('',(1.0,0.0,0.0));
#6202=DIRECTION('',(0.0,1.0,0.0));
#6203=ORIENTED_EDGE('',*,*,#7401,.T.);
#6204=ORIENTED_EDGE('',*,*,#8458,.F.);
#6205=ORIENTED_EDGE('',*,*,#8456,.F.);
#6206=ORIENTED_EDGE('',*,*,#8452,.T.);
#6207=CARTESIAN_POINT('',(1.165,-0.34,1.0));
#6208=DIRECTION('',(0.0,0.0,1.0));
#6209=DIRECTION('',(1.0,0.0,0.0));
#6210=ORIENTED_EDGE('',*,*,#8460,.F.);
#6211=ORIENTED_EDGE('',*,*,#8461,.F.);
#6212=ORIENTED_EDGE('',*,*,#8454,.T.);
#6213=ORIENTED_EDGE('',*,*,#7942,.T.);
#6214=CARTESIAN_POINT('',(1.165,-0.34,-1.0));
#6215=DIRECTION('',(-0.0,1.0,0.0));
#6216=DIRECTION('',(1.0,0.0,0.0));
#6217=ORIENTED_EDGE('',*,*,#8461,.T.);
#6218=ORIENTED_EDGE('',*,*,#8459,.F.);
#6219=ORIENTED_EDGE('',*,*,#7545,.F.);
#6220=ORIENTED_EDGE('',*,*,#8455,.T.);
#6221=CARTESIAN_POINT('',(1.165,-0.4,-1.0));
#6222=DIRECTION('',(0.0,0.0,-1.0));
#6223=DIRECTION('',(0.0,-1.0,0.0));
#6224=ORIENTED_EDGE('',*,*,#7398,.F.);
#6225=ORIENTED_EDGE('',*,*,#8462,.F.);
#6226=ORIENTED_EDGE('',*,*,#8463,.F.);
#6227=ORIENTED_EDGE('',*,*,#7666,.F.);
#6228=CARTESIAN_POINT('',(1.515,0.0,0.0));
#6229=DIRECTION('',(1.0,0.0,0.0));
#6230=DIRECTION('',(0.0,1.0,0.0));
#6231=ORIENTED_EDGE('',*,*,#8464,.F.);
#6232=ORIENTED_EDGE('',*,*,#8465,.F.);
#6233=ORIENTED_EDGE('',*,*,#7548,.F.);
#6234=ORIENTED_EDGE('',*,*,#7940,.T.);
#6235=CARTESIAN_POINT('',(1.515,0.0,0.0));
#6236=DIRECTION('',(1.0,0.0,0.0));
#6237=DIRECTION('',(0.0,1.0,0.0));
#6238=ORIENTED_EDGE('',*,*,#8463,.T.);
#6239=ORIENTED_EDGE('',*,*,#8466,.T.);
#6240=ORIENTED_EDGE('',*,*,#8467,.F.);
#6241=ORIENTED_EDGE('',*,*,#7667,.F.);
#6242=CARTESIAN_POINT('',(1.515,-0.34,0.63));
#6243=DIRECTION('',(-0.0,1.0,0.0));
#6244=DIRECTION('',(1.0,0.0,0.0));
#6245=ORIENTED_EDGE('',*,*,#8467,.T.);
#6246=ORIENTED_EDGE('',*,*,#8468,.T.);
#6247=ORIENTED_EDGE('',*,*,#7396,.T.);
#6248=ORIENTED_EDGE('',*,*,#7668,.T.);
#6249=CARTESIAN_POINT('',(1.635,0.0,0.0));
#6250=DIRECTION('',(1.0,0.0,0.0));
#6251=DIRECTION('',(0.0,1.0,0.0));
#6252=ORIENTED_EDGE('',*,*,#7550,.T.);
#6253=ORIENTED_EDGE('',*,*,#8469,.T.);
#6254=ORIENTED_EDGE('',*,*,#8470,.T.);
#6255=ORIENTED_EDGE('',*,*,#7938,.F.);
#6256=CARTESIAN_POINT('',(1.635,0.0,0.0));
#6257=DIRECTION('',(1.0,0.0,0.0));
#6258=DIRECTION('',(0.0,1.0,0.0));
#6259=ORIENTED_EDGE('',*,*,#7397,.T.);
#6260=ORIENTED_EDGE('',*,*,#8468,.F.);
#6261=ORIENTED_EDGE('',*,*,#8466,.F.);
#6262=ORIENTED_EDGE('',*,*,#8462,.T.);
#6263=CARTESIAN_POINT('',(1.515,-0.34,1.0));
#6264=DIRECTION('',(0.0,0.0,1.0));
#6265=DIRECTION('',(1.0,0.0,0.0));
#6266=ORIENTED_EDGE('',*,*,#8470,.F.);
#6267=ORIENTED_EDGE('',*,*,#8471,.F.);
#6268=ORIENTED_EDGE('',*,*,#8464,.T.);
#6269=ORIENTED_EDGE('',*,*,#7939,.T.);
#6270=CARTESIAN_POINT('',(1.515,-0.34,-1.0));
#6271=DIRECTION('',(-0.0,1.0,0.0));
#6272=DIRECTION('',(1.0,0.0,0.0));
#6273=ORIENTED_EDGE('',*,*,#8471,.T.);
#6274=ORIENTED_EDGE('',*,*,#8469,.F.);
#6275=ORIENTED_EDGE('',*,*,#7549,.F.);
#6276=ORIENTED_EDGE('',*,*,#8465,.T.);
#6277=CARTESIAN_POINT('',(1.515,-0.4,-1.0));
#6278=DIRECTION('',(0.0,0.0,-1.0));
#6279=DIRECTION('',(0.0,-1.0,0.0));
#6280=ORIENTED_EDGE('',*,*,#7394,.F.);
#6281=ORIENTED_EDGE('',*,*,#8472,.F.);
#6282=ORIENTED_EDGE('',*,*,#8473,.F.);
#6283=ORIENTED_EDGE('',*,*,#7669,.F.);
#6284=CARTESIAN_POINT('',(1.865,0.0,0.0));
#6285=DIRECTION('',(1.0,0.0,0.0));
#6286=DIRECTION('',(0.0,1.0,0.0));
#6287=ORIENTED_EDGE('',*,*,#8474,.F.);
#6288=ORIENTED_EDGE('',*,*,#8475,.F.);
#6289=ORIENTED_EDGE('',*,*,#7552,.F.);
#6290=ORIENTED_EDGE('',*,*,#7937,.T.);
#6291=CARTESIAN_POINT('',(1.865,0.0,0.0));
#6292=DIRECTION('',(1.0,0.0,0.0));
#6293=DIRECTION('',(0.0,1.0,0.0));
#6294=ORIENTED_EDGE('',*,*,#8473,.T.);
#6295=ORIENTED_EDGE('',*,*,#8476,.T.);
#6296=ORIENTED_EDGE('',*,*,#8477,.F.);
#6297=ORIENTED_EDGE('',*,*,#7670,.F.);
#6298=CARTESIAN_POINT('',(1.865,-0.34,0.63));
#6299=DIRECTION('',(-0.0,1.0,0.0));
#6300=DIRECTION('',(1.0,0.0,0.0));
#6301=ORIENTED_EDGE('',*,*,#8477,.T.);
#6302=ORIENTED_EDGE('',*,*,#8478,.T.);
#6303=ORIENTED_EDGE('',*,*,#7392,.T.);
#6304=ORIENTED_EDGE('',*,*,#7671,.T.);
#6305=CARTESIAN_POINT('',(1.985,0.0,0.0));
#6306=DIRECTION('',(1.0,0.0,0.0));
#6307=DIRECTION('',(0.0,1.0,0.0));
#6308=ORIENTED_EDGE('',*,*,#7554,.T.);
#6309=ORIENTED_EDGE('',*,*,#8479,.T.);
#6310=ORIENTED_EDGE('',*,*,#8480,.T.);
#6311=ORIENTED_EDGE('',*,*,#7935,.F.);
#6312=CARTESIAN_POINT('',(1.985,0.0,0.0));
#6313=DIRECTION('',(1.0,0.0,0.0));
#6314=DIRECTION('',(0.0,1.0,0.0));
#6315=ORIENTED_EDGE('',*,*,#7393,.T.);
#6316=ORIENTED_EDGE('',*,*,#8478,.F.);
#6317=ORIENTED_EDGE('',*,*,#8476,.F.);
#6318=ORIENTED_EDGE('',*,*,#8472,.T.);
#6319=CARTESIAN_POINT('',(1.865,-0.34,1.0));
#6320=DIRECTION('',(0.0,0.0,1.0));
#6321=DIRECTION('',(1.0,0.0,0.0));
#6322=ORIENTED_EDGE('',*,*,#8480,.F.);
#6323=ORIENTED_EDGE('',*,*,#8481,.F.);
#6324=ORIENTED_EDGE('',*,*,#8474,.T.);
#6325=ORIENTED_EDGE('',*,*,#7936,.T.);
#6326=CARTESIAN_POINT('',(1.865,-0.34,-1.0));
#6327=DIRECTION('',(-0.0,1.0,0.0));
#6328=DIRECTION('',(1.0,0.0,0.0));
#6329=ORIENTED_EDGE('',*,*,#8481,.T.);
#6330=ORIENTED_EDGE('',*,*,#8479,.F.);
#6331=ORIENTED_EDGE('',*,*,#7553,.F.);
#6332=ORIENTED_EDGE('',*,*,#8475,.T.);
#6333=CARTESIAN_POINT('',(1.865,-0.4,-1.0));
#6334=DIRECTION('',(0.0,0.0,-1.0));
#6335=DIRECTION('',(0.0,-1.0,0.0));
#6336=ORIENTED_EDGE('',*,*,#7390,.F.);
#6337=ORIENTED_EDGE('',*,*,#8482,.F.);
#6338=ORIENTED_EDGE('',*,*,#8483,.F.);
#6339=ORIENTED_EDGE('',*,*,#7672,.F.);
#6340=CARTESIAN_POINT('',(2.215,0.0,0.0));
#6341=DIRECTION('',(1.0,0.0,0.0));
#6342=DIRECTION('',(0.0,1.0,0.0));
#6343=ORIENTED_EDGE('',*,*,#8484,.F.);
#6344=ORIENTED_EDGE('',*,*,#8485,.F.);
#6345=ORIENTED_EDGE('',*,*,#7556,.F.);
#6346=ORIENTED_EDGE('',*,*,#7934,.T.);
#6347=CARTESIAN_POINT('',(2.215,0.0,0.0));
#6348=DIRECTION('',(1.0,0.0,0.0));
#6349=DIRECTION('',(0.0,1.0,0.0));
#6350=ORIENTED_EDGE('',*,*,#8483,.T.);
#6351=ORIENTED_EDGE('',*,*,#8486,.T.);
#6352=ORIENTED_EDGE('',*,*,#8487,.F.);
#6353=ORIENTED_EDGE('',*,*,#7673,.F.);
#6354=CARTESIAN_POINT('',(2.215,-0.34,0.63));
#6355=DIRECTION('',(-0.0,1.0,0.0));
#6356=DIRECTION('',(1.0,0.0,0.0));
#6357=ORIENTED_EDGE('',*,*,#8487,.T.);
#6358=ORIENTED_EDGE('',*,*,#8488,.T.);
#6359=ORIENTED_EDGE('',*,*,#7388,.T.);
#6360=ORIENTED_EDGE('',*,*,#7674,.T.);
#6361=CARTESIAN_POINT('',(2.335,0.0,0.0));
#6362=DIRECTION('',(1.0,0.0,0.0));
#6363=DIRECTION('',(0.0,1.0,0.0));
#6364=ORIENTED_EDGE('',*,*,#7558,.T.);
#6365=ORIENTED_EDGE('',*,*,#8489,.T.);
#6366=ORIENTED_EDGE('',*,*,#8490,.T.);
#6367=ORIENTED_EDGE('',*,*,#7932,.F.);
#6368=CARTESIAN_POINT('',(2.335,0.0,0.0));
#6369=DIRECTION('',(1.0,0.0,0.0));
#6370=DIRECTION('',(0.0,1.0,0.0));
#6371=ORIENTED_EDGE('',*,*,#7389,.T.);
#6372=ORIENTED_EDGE('',*,*,#8488,.F.);
#6373=ORIENTED_EDGE('',*,*,#8486,.F.);
#6374=ORIENTED_EDGE('',*,*,#8482,.T.);
#6375=CARTESIAN_POINT('',(2.215,-0.34,1.0));
#6376=DIRECTION('',(0.0,0.0,1.0));
#6377=DIRECTION('',(1.0,0.0,0.0));
#6378=ORIENTED_EDGE('',*,*,#8490,.F.);
#6379=ORIENTED_EDGE('',*,*,#8491,.F.);
#6380=ORIENTED_EDGE('',*,*,#8484,.T.);
#6381=ORIENTED_EDGE('',*,*,#7933,.T.);
#6382=CARTESIAN_POINT('',(2.215,-0.34,-1.0));
#6383=DIRECTION('',(-0.0,1.0,0.0));
#6384=DIRECTION('',(1.0,0.0,0.0));
#6385=ORIENTED_EDGE('',*,*,#8491,.T.);
#6386=ORIENTED_EDGE('',*,*,#8489,.F.);
#6387=ORIENTED_EDGE('',*,*,#7557,.F.);
#6388=ORIENTED_EDGE('',*,*,#8485,.T.);
#6389=CARTESIAN_POINT('',(2.215,-0.4,-1.0));
#6390=DIRECTION('',(0.0,0.0,-1.0));
#6391=DIRECTION('',(0.0,-1.0,0.0));
#6392=ORIENTED_EDGE('',*,*,#7386,.F.);
#6393=ORIENTED_EDGE('',*,*,#8492,.F.);
#6394=ORIENTED_EDGE('',*,*,#8493,.F.);
#6395=ORIENTED_EDGE('',*,*,#7675,.F.);
#6396=CARTESIAN_POINT('',(2.565,0.0,0.0));
#6397=DIRECTION('',(1.0,0.0,0.0));
#6398=DIRECTION('',(0.0,1.0,0.0));
#6399=ORIENTED_EDGE('',*,*,#8494,.F.);
#6400=ORIENTED_EDGE('',*,*,#8495,.F.);
#6401=ORIENTED_EDGE('',*,*,#7560,.F.);
#6402=ORIENTED_EDGE('',*,*,#7931,.T.);
#6403=CARTESIAN_POINT('',(2.565,0.0,0.0));
#6404=DIRECTION('',(1.0,0.0,0.0));
#6405=DIRECTION('',(0.0,1.0,0.0));
#6406=ORIENTED_EDGE('',*,*,#8493,.T.);
#6407=ORIENTED_EDGE('',*,*,#8496,.T.);
#6408=ORIENTED_EDGE('',*,*,#8497,.F.);
#6409=ORIENTED_EDGE('',*,*,#7676,.F.);
#6410=CARTESIAN_POINT('',(2.565,-0.34,0.63));
#6411=DIRECTION('',(-0.0,1.0,0.0));
#6412=DIRECTION('',(1.0,0.0,0.0));
#6413=ORIENTED_EDGE('',*,*,#8497,.T.);
#6414=ORIENTED_EDGE('',*,*,#8498,.T.);
#6415=ORIENTED_EDGE('',*,*,#7384,.T.);
#6416=ORIENTED_EDGE('',*,*,#7677,.T.);
#6417=CARTESIAN_POINT('',(2.685,0.0,0.0));
#6418=DIRECTION('',(1.0,0.0,0.0));
#6419=DIRECTION('',(0.0,1.0,0.0));
#6420=ORIENTED_EDGE('',*,*,#7562,.T.);
#6421=ORIENTED_EDGE('',*,*,#8499,.T.);
#6422=ORIENTED_EDGE('',*,*,#8500,.T.);
#6423=ORIENTED_EDGE('',*,*,#7929,.F.);
#6424=CARTESIAN_POINT('',(2.685,0.0,0.0));
#6425=DIRECTION('',(1.0,0.0,0.0));
#6426=DIRECTION('',(0.0,1.0,0.0));
#6427=ORIENTED_EDGE('',*,*,#7385,.T.);
#6428=ORIENTED_EDGE('',*,*,#8498,.F.);
#6429=ORIENTED_EDGE('',*,*,#8496,.F.);
#6430=ORIENTED_EDGE('',*,*,#8492,.T.);
#6431=CARTESIAN_POINT('',(2.565,-0.34,1.0));
#6432=DIRECTION('',(0.0,0.0,1.0));
#6433=DIRECTION('',(1.0,0.0,0.0));
#6434=ORIENTED_EDGE('',*,*,#8500,.F.);
#6435=ORIENTED_EDGE('',*,*,#8501,.F.);
#6436=ORIENTED_EDGE('',*,*,#8494,.T.);
#6437=ORIENTED_EDGE('',*,*,#7930,.T.);
#6438=CARTESIAN_POINT('',(2.565,-0.34,-1.0));
#6439=DIRECTION('',(-0.0,1.0,0.0));
#6440=DIRECTION('',(1.0,0.0,0.0));
#6441=ORIENTED_EDGE('',*,*,#8501,.T.);
#6442=ORIENTED_EDGE('',*,*,#8499,.F.);
#6443=ORIENTED_EDGE('',*,*,#7561,.F.);
#6444=ORIENTED_EDGE('',*,*,#8495,.T.);
#6445=CARTESIAN_POINT('',(2.565,-0.4,-1.0));
#6446=DIRECTION('',(0.0,0.0,-1.0));
#6447=DIRECTION('',(0.0,-1.0,0.0));
#6448=ORIENTED_EDGE('',*,*,#7382,.F.);
#6449=ORIENTED_EDGE('',*,*,#8502,.F.);
#6450=ORIENTED_EDGE('',*,*,#8503,.F.);
#6451=ORIENTED_EDGE('',*,*,#7678,.F.);
#6452=CARTESIAN_POINT('',(2.915,0.0,0.0));
#6453=DIRECTION('',(1.0,0.0,0.0));
#6454=DIRECTION('',(0.0,1.0,0.0));
#6455=ORIENTED_EDGE('',*,*,#8504,.F.);
#6456=ORIENTED_EDGE('',*,*,#8505,.F.);
#6457=ORIENTED_EDGE('',*,*,#7564,.F.);
#6458=ORIENTED_EDGE('',*,*,#7928,.T.);
#6459=CARTESIAN_POINT('',(2.915,0.0,0.0));
#6460=DIRECTION('',(1.0,0.0,0.0));
#6461=DIRECTION('',(0.0,1.0,0.0));
#6462=ORIENTED_EDGE('',*,*,#8503,.T.);
#6463=ORIENTED_EDGE('',*,*,#8506,.T.);
#6464=ORIENTED_EDGE('',*,*,#8507,.F.);
#6465=ORIENTED_EDGE('',*,*,#7679,.F.);
#6466=CARTESIAN_POINT('',(2.915,-0.34,0.63));
#6467=DIRECTION('',(-0.0,1.0,0.0));
#6468=DIRECTION('',(1.0,0.0,0.0));
#6469=ORIENTED_EDGE('',*,*,#8507,.T.);
#6470=ORIENTED_EDGE('',*,*,#8508,.T.);
#6471=ORIENTED_EDGE('',*,*,#7380,.T.);
#6472=ORIENTED_EDGE('',*,*,#7680,.T.);
#6473=CARTESIAN_POINT('',(3.035,0.0,0.0));
#6474=DIRECTION('',(1.0,0.0,0.0));
#6475=DIRECTION('',(0.0,1.0,0.0));
#6476=ORIENTED_EDGE('',*,*,#7566,.T.);
#6477=ORIENTED_EDGE('',*,*,#8509,.T.);
#6478=ORIENTED_EDGE('',*,*,#8510,.T.);
#6479=ORIENTED_EDGE('',*,*,#7926,.F.);
#6480=CARTESIAN_POINT('',(3.035,0.0,0.0));
#6481=DIRECTION('',(1.0,0.0,0.0));
#6482=DIRECTION('',(0.0,1.0,0.0));
#6483=ORIENTED_EDGE('',*,*,#7381,.T.);
#6484=ORIENTED_EDGE('',*,*,#8508,.F.);
#6485=ORIENTED_EDGE('',*,*,#8506,.F.);
#6486=ORIENTED_EDGE('',*,*,#8502,.T.);
#6487=CARTESIAN_POINT('',(2.915,-0.34,1.0));
#6488=DIRECTION('',(0.0,0.0,1.0));
#6489=DIRECTION('',(1.0,0.0,0.0));
#6490=ORIENTED_EDGE('',*,*,#8510,.F.);
#6491=ORIENTED_EDGE('',*,*,#8511,.F.);
#6492=ORIENTED_EDGE('',*,*,#8504,.T.);
#6493=ORIENTED_EDGE('',*,*,#7927,.T.);
#6494=CARTESIAN_POINT('',(2.915,-0.34,-1.0));
#6495=DIRECTION('',(-0.0,1.0,0.0));
#6496=DIRECTION('',(1.0,0.0,0.0));
#6497=ORIENTED_EDGE('',*,*,#8511,.T.);
#6498=ORIENTED_EDGE('',*,*,#8509,.F.);
#6499=ORIENTED_EDGE('',*,*,#7565,.F.);
#6500=ORIENTED_EDGE('',*,*,#8505,.T.);
#6501=CARTESIAN_POINT('',(2.915,-0.4,-1.0));
#6502=DIRECTION('',(0.0,0.0,-1.0));
#6503=DIRECTION('',(0.0,-1.0,0.0));
#6504=ORIENTED_EDGE('',*,*,#7378,.F.);
#6505=ORIENTED_EDGE('',*,*,#8512,.F.);
#6506=ORIENTED_EDGE('',*,*,#8513,.F.);
#6507=ORIENTED_EDGE('',*,*,#7681,.F.);
#6508=CARTESIAN_POINT('',(3.265,0.0,0.0));
#6509=DIRECTION('',(1.0,0.0,0.0));
#6510=DIRECTION('',(0.0,1.0,0.0));
#6511=ORIENTED_EDGE('',*,*,#8514,.F.);
#6512=ORIENTED_EDGE('',*,*,#8515,.F.);
#6513=ORIENTED_EDGE('',*,*,#7568,.F.);
#6514=ORIENTED_EDGE('',*,*,#7925,.T.);
#6515=CARTESIAN_POINT('',(3.265,0.0,0.0));
#6516=DIRECTION('',(1.0,0.0,0.0));
#6517=DIRECTION('',(0.0,1.0,0.0));
#6518=ORIENTED_EDGE('',*,*,#8513,.T.);
#6519=ORIENTED_EDGE('',*,*,#8516,.T.);
#6520=ORIENTED_EDGE('',*,*,#8517,.F.);
#6521=ORIENTED_EDGE('',*,*,#7682,.F.);
#6522=CARTESIAN_POINT('',(3.265,-0.34,0.63));
#6523=DIRECTION('',(-0.0,1.0,0.0));
#6524=DIRECTION('',(1.0,0.0,0.0));
#6525=ORIENTED_EDGE('',*,*,#8517,.T.);
#6526=ORIENTED_EDGE('',*,*,#8518,.T.);
#6527=ORIENTED_EDGE('',*,*,#7376,.T.);
#6528=ORIENTED_EDGE('',*,*,#7683,.T.);
#6529=CARTESIAN_POINT('',(3.385,0.0,0.0));
#6530=DIRECTION('',(1.0,0.0,0.0));
#6531=DIRECTION('',(0.0,1.0,0.0));
#6532=ORIENTED_EDGE('',*,*,#7570,.T.);
#6533=ORIENTED_EDGE('',*,*,#8519,.T.);
#6534=ORIENTED_EDGE('',*,*,#8520,.T.);
#6535=ORIENTED_EDGE('',*,*,#7923,.F.);
#6536=CARTESIAN_POINT('',(3.385,0.0,0.0));
#6537=DIRECTION('',(1.0,0.0,0.0));
#6538=DIRECTION('',(0.0,1.0,0.0));
#6539=ORIENTED_EDGE('',*,*,#7377,.T.);
#6540=ORIENTED_EDGE('',*,*,#8518,.F.);
#6541=ORIENTED_EDGE('',*,*,#8516,.F.);
#6542=ORIENTED_EDGE('',*,*,#8512,.T.);
#6543=CARTESIAN_POINT('',(3.265,-0.34,1.0));
#6544=DIRECTION('',(0.0,0.0,1.0));
#6545=DIRECTION('',(1.0,0.0,0.0));
#6546=ORIENTED_EDGE('',*,*,#8520,.F.);
#6547=ORIENTED_EDGE('',*,*,#8521,.F.);
#6548=ORIENTED_EDGE('',*,*,#8514,.T.);
#6549=ORIENTED_EDGE('',*,*,#7924,.T.);
#6550=CARTESIAN_POINT('',(3.265,-0.34,-1.0));
#6551=DIRECTION('',(-0.0,1.0,0.0));
#6552=DIRECTION('',(1.0,0.0,0.0));
#6553=ORIENTED_EDGE('',*,*,#8521,.T.);
#6554=ORIENTED_EDGE('',*,*,#8519,.F.);
#6555=ORIENTED_EDGE('',*,*,#7569,.F.);
#6556=ORIENTED_EDGE('',*,*,#8515,.T.);
#6557=CARTESIAN_POINT('',(3.265,-0.4,-1.0));
#6558=DIRECTION('',(0.0,0.0,-1.0));
#6559=DIRECTION('',(0.0,-1.0,0.0));
#6560=ORIENTED_EDGE('',*,*,#7374,.F.);
#6561=ORIENTED_EDGE('',*,*,#8522,.F.);
#6562=ORIENTED_EDGE('',*,*,#8523,.F.);
#6563=ORIENTED_EDGE('',*,*,#7684,.F.);
#6564=CARTESIAN_POINT('',(3.615,0.0,0.0));
#6565=DIRECTION('',(1.0,0.0,0.0));
#6566=DIRECTION('',(0.0,1.0,0.0));
#6567=ORIENTED_EDGE('',*,*,#8524,.F.);
#6568=ORIENTED_EDGE('',*,*,#8525,.F.);
#6569=ORIENTED_EDGE('',*,*,#7572,.F.);
#6570=ORIENTED_EDGE('',*,*,#7922,.T.);
#6571=CARTESIAN_POINT('',(3.615,0.0,0.0));
#6572=DIRECTION('',(1.0,0.0,0.0));
#6573=DIRECTION('',(0.0,1.0,0.0));
#6574=ORIENTED_EDGE('',*,*,#8523,.T.);
#6575=ORIENTED_EDGE('',*,*,#8526,.T.);
#6576=ORIENTED_EDGE('',*,*,#8527,.F.);
#6577=ORIENTED_EDGE('',*,*,#7685,.F.);
#6578=CARTESIAN_POINT('',(3.615,-0.34,0.63));
#6579=DIRECTION('',(-0.0,1.0,0.0));
#6580=DIRECTION('',(1.0,0.0,0.0));
#6581=ORIENTED_EDGE('',*,*,#8527,.T.);
#6582=ORIENTED_EDGE('',*,*,#8528,.T.);
#6583=ORIENTED_EDGE('',*,*,#7372,.T.);
#6584=ORIENTED_EDGE('',*,*,#7686,.T.);
#6585=CARTESIAN_POINT('',(3.735,0.0,0.0));
#6586=DIRECTION('',(1.0,0.0,0.0));
#6587=DIRECTION('',(0.0,1.0,0.0));
#6588=ORIENTED_EDGE('',*,*,#7574,.T.);
#6589=ORIENTED_EDGE('',*,*,#8529,.T.);
#6590=ORIENTED_EDGE('',*,*,#8530,.T.);
#6591=ORIENTED_EDGE('',*,*,#7920,.F.);
#6592=CARTESIAN_POINT('',(3.735,0.0,0.0));
#6593=DIRECTION('',(1.0,0.0,0.0));
#6594=DIRECTION('',(0.0,1.0,0.0));
#6595=ORIENTED_EDGE('',*,*,#7373,.T.);
#6596=ORIENTED_EDGE('',*,*,#8528,.F.);
#6597=ORIENTED_EDGE('',*,*,#8526,.F.);
#6598=ORIENTED_EDGE('',*,*,#8522,.T.);
#6599=CARTESIAN_POINT('',(3.615,-0.34,1.0));
#6600=DIRECTION('',(0.0,0.0,1.0));
#6601=DIRECTION('',(1.0,0.0,0.0));
#6602=ORIENTED_EDGE('',*,*,#8530,.F.);
#6603=ORIENTED_EDGE('',*,*,#8531,.F.);
#6604=ORIENTED_EDGE('',*,*,#8524,.T.);
#6605=ORIENTED_EDGE('',*,*,#7921,.T.);
#6606=CARTESIAN_POINT('',(3.615,-0.34,-1.0));
#6607=DIRECTION('',(-0.0,1.0,0.0));
#6608=DIRECTION('',(1.0,0.0,0.0));
#6609=ORIENTED_EDGE('',*,*,#8531,.T.);
#6610=ORIENTED_EDGE('',*,*,#8529,.F.);
#6611=ORIENTED_EDGE('',*,*,#7573,.F.);
#6612=ORIENTED_EDGE('',*,*,#8525,.T.);
#6613=CARTESIAN_POINT('',(3.615,-0.4,-1.0));
#6614=DIRECTION('',(0.0,0.0,-1.0));
#6615=DIRECTION('',(0.0,-1.0,0.0));
#6616=ORIENTED_EDGE('',*,*,#7370,.F.);
#6617=ORIENTED_EDGE('',*,*,#8532,.F.);
#6618=ORIENTED_EDGE('',*,*,#8533,.F.);
#6619=ORIENTED_EDGE('',*,*,#7687,.F.);
#6620=CARTESIAN_POINT('',(3.965,0.0,0.0));
#6621=DIRECTION('',(1.0,0.0,0.0));
#6622=DIRECTION('',(0.0,1.0,0.0));
#6623=ORIENTED_EDGE('',*,*,#8534,.F.);
#6624=ORIENTED_EDGE('',*,*,#8535,.F.);
#6625=ORIENTED_EDGE('',*,*,#7576,.F.);
#6626=ORIENTED_EDGE('',*,*,#7919,.T.);
#6627=CARTESIAN_POINT('',(3.965,0.0,0.0));
#6628=DIRECTION('',(1.0,0.0,0.0));
#6629=DIRECTION('',(0.0,1.0,0.0));
#6630=ORIENTED_EDGE('',*,*,#8533,.T.);
#6631=ORIENTED_EDGE('',*,*,#8536,.T.);
#6632=ORIENTED_EDGE('',*,*,#8537,.F.);
#6633=ORIENTED_EDGE('',*,*,#7688,.F.);
#6634=CARTESIAN_POINT('',(3.965,-0.34,0.63));
#6635=DIRECTION('',(-0.0,1.0,0.0));
#6636=DIRECTION('',(1.0,0.0,0.0));
#6637=ORIENTED_EDGE('',*,*,#8537,.T.);
#6638=ORIENTED_EDGE('',*,*,#8538,.T.);
#6639=ORIENTED_EDGE('',*,*,#7368,.T.);
#6640=ORIENTED_EDGE('',*,*,#7689,.T.);
#6641=CARTESIAN_POINT('',(4.085,0.0,0.0));
#6642=DIRECTION('',(1.0,0.0,0.0));
#6643=DIRECTION('',(0.0,1.0,0.0));
#6644=ORIENTED_EDGE('',*,*,#7578,.T.);
#6645=ORIENTED_EDGE('',*,*,#8539,.T.);
#6646=ORIENTED_EDGE('',*,*,#8540,.T.);
#6647=ORIENTED_EDGE('',*,*,#7917,.F.);
#6648=CARTESIAN_POINT('',(4.085,0.0,0.0));
#6649=DIRECTION('',(1.0,0.0,0.0));
#6650=DIRECTION('',(0.0,1.0,0.0));
#6651=ORIENTED_EDGE('',*,*,#7369,.T.);
#6652=ORIENTED_EDGE('',*,*,#8538,.F.);
#6653=ORIENTED_EDGE('',*,*,#8536,.F.);
#6654=ORIENTED_EDGE('',*,*,#8532,.T.);
#6655=CARTESIAN_POINT('',(3.965,-0.34,1.0));
#6656=DIRECTION('',(0.0,0.0,1.0));
#6657=DIRECTION('',(1.0,0.0,0.0));
#6658=ORIENTED_EDGE('',*,*,#8540,.F.);
#6659=ORIENTED_EDGE('',*,*,#8541,.F.);
#6660=ORIENTED_EDGE('',*,*,#8534,.T.);
#6661=ORIENTED_EDGE('',*,*,#7918,.T.);
#6662=CARTESIAN_POINT('',(3.965,-0.34,-1.0));
#6663=DIRECTION('',(-0.0,1.0,0.0));
#6664=DIRECTION('',(1.0,0.0,0.0));
#6665=ORIENTED_EDGE('',*,*,#8541,.T.);
#6666=ORIENTED_EDGE('',*,*,#8539,.F.);
#6667=ORIENTED_EDGE('',*,*,#7577,.F.);
#6668=ORIENTED_EDGE('',*,*,#8535,.T.);
#6669=CARTESIAN_POINT('',(3.965,-0.4,-1.0));
#6670=DIRECTION('',(0.0,0.0,-1.0));
#6671=DIRECTION('',(0.0,-1.0,0.0));
#6672=ORIENTED_EDGE('',*,*,#7366,.F.);
#6673=ORIENTED_EDGE('',*,*,#8542,.F.);
#6674=ORIENTED_EDGE('',*,*,#8543,.F.);
#6675=ORIENTED_EDGE('',*,*,#7690,.F.);
#6676=CARTESIAN_POINT('',(4.315,0.0,0.0));
#6677=DIRECTION('',(1.0,0.0,0.0));
#6678=DIRECTION('',(0.0,1.0,0.0));
#6679=ORIENTED_EDGE('',*,*,#8544,.F.);
#6680=ORIENTED_EDGE('',*,*,#8545,.F.);
#6681=ORIENTED_EDGE('',*,*,#7580,.F.);
#6682=ORIENTED_EDGE('',*,*,#7916,.T.);
#6683=CARTESIAN_POINT('',(4.315,0.0,0.0));
#6684=DIRECTION('',(1.0,0.0,0.0));
#6685=DIRECTION('',(0.0,1.0,0.0));
#6686=ORIENTED_EDGE('',*,*,#8543,.T.);
#6687=ORIENTED_EDGE('',*,*,#8546,.T.);
#6688=ORIENTED_EDGE('',*,*,#8547,.F.);
#6689=ORIENTED_EDGE('',*,*,#7691,.F.);
#6690=CARTESIAN_POINT('',(4.315,-0.34,0.63));
#6691=DIRECTION('',(-0.0,1.0,0.0));
#6692=DIRECTION('',(1.0,0.0,0.0));
#6693=ORIENTED_EDGE('',*,*,#8547,.T.);
#6694=ORIENTED_EDGE('',*,*,#8548,.T.);
#6695=ORIENTED_EDGE('',*,*,#7364,.T.);
#6696=ORIENTED_EDGE('',*,*,#7692,.T.);
#6697=CARTESIAN_POINT('',(4.435,0.0,0.0));
#6698=DIRECTION('',(1.0,0.0,0.0));
#6699=DIRECTION('',(0.0,1.0,0.0));
#6700=ORIENTED_EDGE('',*,*,#7582,.T.);
#6701=ORIENTED_EDGE('',*,*,#8549,.T.);
#6702=ORIENTED_EDGE('',*,*,#8550,.T.);
#6703=ORIENTED_EDGE('',*,*,#7914,.F.);
#6704=CARTESIAN_POINT('',(4.435,0.0,0.0));
#6705=DIRECTION('',(1.0,0.0,0.0));
#6706=DIRECTION('',(0.0,1.0,0.0));
#6707=ORIENTED_EDGE('',*,*,#7365,.T.);
#6708=ORIENTED_EDGE('',*,*,#8548,.F.);
#6709=ORIENTED_EDGE('',*,*,#8546,.F.);
#6710=ORIENTED_EDGE('',*,*,#8542,.T.);
#6711=CARTESIAN_POINT('',(4.315,-0.34,1.0));
#6712=DIRECTION('',(0.0,0.0,1.0));
#6713=DIRECTION('',(1.0,0.0,0.0));
#6714=ORIENTED_EDGE('',*,*,#8550,.F.);
#6715=ORIENTED_EDGE('',*,*,#8551,.F.);
#6716=ORIENTED_EDGE('',*,*,#8544,.T.);
#6717=ORIENTED_EDGE('',*,*,#7915,.T.);
#6718=CARTESIAN_POINT('',(4.315,-0.34,-1.0));
#6719=DIRECTION('',(-0.0,1.0,0.0));
#6720=DIRECTION('',(1.0,0.0,0.0));
#6721=ORIENTED_EDGE('',*,*,#8551,.T.);
#6722=ORIENTED_EDGE('',*,*,#8549,.F.);
#6723=ORIENTED_EDGE('',*,*,#7581,.F.);
#6724=ORIENTED_EDGE('',*,*,#8545,.T.);
#6725=CARTESIAN_POINT('',(4.315,-0.4,-1.0));
#6726=DIRECTION('',(0.0,0.0,-1.0));
#6727=DIRECTION('',(0.0,-1.0,0.0));
#6728=ORIENTED_EDGE('',*,*,#7362,.F.);
#6729=ORIENTED_EDGE('',*,*,#8552,.F.);
#6730=ORIENTED_EDGE('',*,*,#8553,.F.);
#6731=ORIENTED_EDGE('',*,*,#7693,.F.);
#6732=CARTESIAN_POINT('',(4.665,0.0,0.0));
#6733=DIRECTION('',(1.0,0.0,0.0));
#6734=DIRECTION('',(0.0,1.0,0.0));
#6735=ORIENTED_EDGE('',*,*,#8554,.F.);
#6736=ORIENTED_EDGE('',*,*,#8555,.F.);
#6737=ORIENTED_EDGE('',*,*,#7584,.F.);
#6738=ORIENTED_EDGE('',*,*,#7913,.T.);
#6739=CARTESIAN_POINT('',(4.665,0.0,0.0));
#6740=DIRECTION('',(1.0,0.0,0.0));
#6741=DIRECTION('',(0.0,1.0,0.0));
#6742=ORIENTED_EDGE('',*,*,#8553,.T.);
#6743=ORIENTED_EDGE('',*,*,#8556,.T.);
#6744=ORIENTED_EDGE('',*,*,#8557,.F.);
#6745=ORIENTED_EDGE('',*,*,#7694,.F.);
#6746=CARTESIAN_POINT('',(4.665,-0.34,0.63));
#6747=DIRECTION('',(-0.0,1.0,0.0));
#6748=DIRECTION('',(1.0,0.0,0.0));
#6749=ORIENTED_EDGE('',*,*,#8557,.T.);
#6750=ORIENTED_EDGE('',*,*,#8558,.T.);
#6751=ORIENTED_EDGE('',*,*,#7360,.T.);
#6752=ORIENTED_EDGE('',*,*,#7695,.T.);
#6753=CARTESIAN_POINT('',(4.785,0.0,0.0));
#6754=DIRECTION('',(1.0,0.0,0.0));
#6755=DIRECTION('',(0.0,1.0,0.0));
#6756=ORIENTED_EDGE('',*,*,#7586,.T.);
#6757=ORIENTED_EDGE('',*,*,#8559,.T.);
#6758=ORIENTED_EDGE('',*,*,#8560,.T.);
#6759=ORIENTED_EDGE('',*,*,#7911,.F.);
#6760=CARTESIAN_POINT('',(4.785,0.0,0.0));
#6761=DIRECTION('',(1.0,0.0,0.0));
#6762=DIRECTION('',(0.0,1.0,0.0));
#6763=ORIENTED_EDGE('',*,*,#7361,.T.);
#6764=ORIENTED_EDGE('',*,*,#8558,.F.);
#6765=ORIENTED_EDGE('',*,*,#8556,.F.);
#6766=ORIENTED_EDGE('',*,*,#8552,.T.);
#6767=CARTESIAN_POINT('',(4.665,-0.34,1.0));
#6768=DIRECTION('',(0.0,0.0,1.0));
#6769=DIRECTION('',(1.0,0.0,0.0));
#6770=ORIENTED_EDGE('',*,*,#8560,.F.);
#6771=ORIENTED_EDGE('',*,*,#8561,.F.);
#6772=ORIENTED_EDGE('',*,*,#8554,.T.);
#6773=ORIENTED_EDGE('',*,*,#7912,.T.);
#6774=CARTESIAN_POINT('',(4.665,-0.34,-1.0));
#6775=DIRECTION('',(-0.0,1.0,0.0));
#6776=DIRECTION('',(1.0,0.0,0.0));
#6777=ORIENTED_EDGE('',*,*,#8561,.T.);
#6778=ORIENTED_EDGE('',*,*,#8559,.F.);
#6779=ORIENTED_EDGE('',*,*,#7585,.F.);
#6780=ORIENTED_EDGE('',*,*,#8555,.T.);
#6781=CARTESIAN_POINT('',(4.665,-0.4,-1.0));
#6782=DIRECTION('',(0.0,0.0,-1.0));
#6783=DIRECTION('',(0.0,-1.0,0.0));
#6784=ORIENTED_EDGE('',*,*,#7358,.F.);
#6785=ORIENTED_EDGE('',*,*,#8562,.F.);
#6786=ORIENTED_EDGE('',*,*,#8563,.F.);
#6787=ORIENTED_EDGE('',*,*,#7696,.F.);
#6788=CARTESIAN_POINT('',(5.015,0.0,0.0));
#6789=DIRECTION('',(1.0,0.0,0.0));
#6790=DIRECTION('',(0.0,1.0,0.0));
#6791=ORIENTED_EDGE('',*,*,#8564,.F.);
#6792=ORIENTED_EDGE('',*,*,#8565,.F.);
#6793=ORIENTED_EDGE('',*,*,#7588,.F.);
#6794=ORIENTED_EDGE('',*,*,#7910,.T.);
#6795=CARTESIAN_POINT('',(5.015,0.0,0.0));
#6796=DIRECTION('',(1.0,0.0,0.0));
#6797=DIRECTION('',(0.0,1.0,0.0));
#6798=ORIENTED_EDGE('',*,*,#8563,.T.);
#6799=ORIENTED_EDGE('',*,*,#8566,.T.);
#6800=ORIENTED_EDGE('',*,*,#8567,.F.);
#6801=ORIENTED_EDGE('',*,*,#7697,.F.);
#6802=CARTESIAN_POINT('',(5.015,-0.34,0.63));
#6803=DIRECTION('',(-0.0,1.0,0.0));
#6804=DIRECTION('',(1.0,0.0,0.0));
#6805=ORIENTED_EDGE('',*,*,#8567,.T.);
#6806=ORIENTED_EDGE('',*,*,#8568,.T.);
#6807=ORIENTED_EDGE('',*,*,#7356,.T.);
#6808=ORIENTED_EDGE('',*,*,#7698,.T.);
#6809=CARTESIAN_POINT('',(5.135,0.0,0.0));
#6810=DIRECTION('',(1.0,0.0,0.0));
#6811=DIRECTION('',(0.0,1.0,0.0));
#6812=ORIENTED_EDGE('',*,*,#7590,.T.);
#6813=ORIENTED_EDGE('',*,*,#8569,.T.);
#6814=ORIENTED_EDGE('',*,*,#8570,.T.);
#6815=ORIENTED_EDGE('',*,*,#7908,.F.);
#6816=CARTESIAN_POINT('',(5.135,0.0,0.0));
#6817=DIRECTION('',(1.0,0.0,0.0));
#6818=DIRECTION('',(0.0,1.0,0.0));
#6819=ORIENTED_EDGE('',*,*,#7357,.T.);
#6820=ORIENTED_EDGE('',*,*,#8568,.F.);
#6821=ORIENTED_EDGE('',*,*,#8566,.F.);
#6822=ORIENTED_EDGE('',*,*,#8562,.T.);
#6823=CARTESIAN_POINT('',(5.015,-0.34,1.0));
#6824=DIRECTION('',(0.0,0.0,1.0));
#6825=DIRECTION('',(1.0,0.0,0.0));
#6826=ORIENTED_EDGE('',*,*,#8570,.F.);
#6827=ORIENTED_EDGE('',*,*,#8571,.F.);
#6828=ORIENTED_EDGE('',*,*,#8564,.T.);
#6829=ORIENTED_EDGE('',*,*,#7909,.T.);
#6830=CARTESIAN_POINT('',(5.015,-0.34,-1.0));
#6831=DIRECTION('',(-0.0,1.0,0.0));
#6832=DIRECTION('',(1.0,0.0,0.0));
#6833=ORIENTED_EDGE('',*,*,#8571,.T.);
#6834=ORIENTED_EDGE('',*,*,#8569,.F.);
#6835=ORIENTED_EDGE('',*,*,#7589,.F.);
#6836=ORIENTED_EDGE('',*,*,#8565,.T.);
#6837=CARTESIAN_POINT('',(5.015,-0.4,-1.0));
#6838=DIRECTION('',(0.0,0.0,-1.0));
#6839=DIRECTION('',(0.0,-1.0,0.0));
#6840=CARTESIAN_POINT('',(-5.555,-0.4,1.005));
#6841=VECTOR('',#8572,0.48);
#6842=CARTESIAN_POINT('',(-5.555,-0.4,0.525));
#6843=VECTOR('',#8573,0.21);
#6844=CARTESIAN_POINT('',(-5.345,-0.4,0.525));
#6845=VECTOR('',#8574,0.48);
#6846=CARTESIAN_POINT('',(-5.345,-0.4,1.005));
#6847=VECTOR('',#8575,0.21);
#6848=CARTESIAN_POINT('',(-5.555,-0.4,-0.525));
#6849=VECTOR('',#8576,0.48);
#6850=CARTESIAN_POINT('',(-5.555,-0.4,-1.005));
#6851=VECTOR('',#8577,0.21);
#6852=CARTESIAN_POINT('',(-5.345,-0.4,-1.005));
#6853=VECTOR('',#8578,0.48);
#6854=CARTESIAN_POINT('',(-5.345,-0.4,-0.525));
#6855=VECTOR('',#8579,0.21);
#6856=CARTESIAN_POINT('',(5.555,-0.4,1.005));
#6857=VECTOR('',#8580,0.21);
#6858=CARTESIAN_POINT('',(5.345,-0.4,1.005));
#6859=VECTOR('',#8581,0.48);
#6860=CARTESIAN_POINT('',(5.345,-0.4,0.525));
#6861=VECTOR('',#8582,0.21);
#6862=CARTESIAN_POINT('',(5.555,-0.4,0.525));
#6863=VECTOR('',#8583,0.48);
#6864=CARTESIAN_POINT('',(5.555,-0.4,-0.525));
#6865=VECTOR('',#8584,0.21);
#6866=CARTESIAN_POINT('',(5.345,-0.4,-0.525));
#6867=VECTOR('',#8585,0.48);
#6868=CARTESIAN_POINT('',(5.345,-0.4,-1.005));
#6869=VECTOR('',#8586,0.21);
#6870=CARTESIAN_POINT('',(5.555,-0.4,-1.005));
#6871=VECTOR('',#8587,0.48);
#6872=CARTESIAN_POINT('',(4.995,-0.4,1.13));
#6873=VECTOR('',#8588,0.44);
#6874=CARTESIAN_POINT('',(4.995,-0.4,0.69));
#6875=VECTOR('',#8589,0.16);
#6876=CARTESIAN_POINT('',(5.155,-0.4,0.69));
#6877=VECTOR('',#8590,0.44);
#6878=CARTESIAN_POINT('',(5.155,-0.4,1.13));
#6879=VECTOR('',#8591,0.16);
#6880=CARTESIAN_POINT('',(4.995,-0.4,-1.13));
#6881=VECTOR('',#8592,0.16);
#6882=CARTESIAN_POINT('',(5.155,-0.4,-1.13));
#6883=VECTOR('',#8593,0.44);
#6884=CARTESIAN_POINT('',(5.155,-0.4,-0.69));
#6885=VECTOR('',#8594,0.16);
#6886=CARTESIAN_POINT('',(4.995,-0.4,-0.69));
#6887=VECTOR('',#8595,0.44);
#6888=CARTESIAN_POINT('',(4.645,-0.4,1.13));
#6889=VECTOR('',#8596,0.44);
#6890=CARTESIAN_POINT('',(4.645,-0.4,0.69));
#6891=VECTOR('',#8597,0.16);
#6892=CARTESIAN_POINT('',(4.805,-0.4,0.69));
#6893=VECTOR('',#8598,0.44);
#6894=CARTESIAN_POINT('',(4.805,-0.4,1.13));
#6895=VECTOR('',#8599,0.16);
#6896=CARTESIAN_POINT('',(4.645,-0.4,-1.13));
#6897=VECTOR('',#8600,0.16);
#6898=CARTESIAN_POINT('',(4.805,-0.4,-1.13));
#6899=VECTOR('',#8601,0.44);
#6900=CARTESIAN_POINT('',(4.805,-0.4,-0.69));
#6901=VECTOR('',#8602,0.16);
#6902=CARTESIAN_POINT('',(4.645,-0.4,-0.69));
#6903=VECTOR('',#8603,0.44);
#6904=CARTESIAN_POINT('',(4.295,-0.4,1.13));
#6905=VECTOR('',#8604,0.44);
#6906=CARTESIAN_POINT('',(4.295,-0.4,0.69));
#6907=VECTOR('',#8605,0.16);
#6908=CARTESIAN_POINT('',(4.455,-0.4,0.69));
#6909=VECTOR('',#8606,0.44);
#6910=CARTESIAN_POINT('',(4.455,-0.4,1.13));
#6911=VECTOR('',#8607,0.16);
#6912=CARTESIAN_POINT('',(4.295,-0.4,-1.13));
#6913=VECTOR('',#8608,0.16);
#6914=CARTESIAN_POINT('',(4.455,-0.4,-1.13));
#6915=VECTOR('',#8609,0.44);
#6916=CARTESIAN_POINT('',(4.455,-0.4,-0.69));
#6917=VECTOR('',#8610,0.16);
#6918=CARTESIAN_POINT('',(4.295,-0.4,-0.69));
#6919=VECTOR('',#8611,0.44);
#6920=CARTESIAN_POINT('',(3.945,-0.4,1.13));
#6921=VECTOR('',#8612,0.44);
#6922=CARTESIAN_POINT('',(3.945,-0.4,0.69));
#6923=VECTOR('',#8613,0.16);
#6924=CARTESIAN_POINT('',(4.105,-0.4,0.69));
#6925=VECTOR('',#8614,0.44);
#6926=CARTESIAN_POINT('',(4.105,-0.4,1.13));
#6927=VECTOR('',#8615,0.16);
#6928=CARTESIAN_POINT('',(3.945,-0.4,-1.13));
#6929=VECTOR('',#8616,0.16);
#6930=CARTESIAN_POINT('',(4.105,-0.4,-1.13));
#6931=VECTOR('',#8617,0.44);
#6932=CARTESIAN_POINT('',(4.105,-0.4,-0.69));
#6933=VECTOR('',#8618,0.16);
#6934=CARTESIAN_POINT('',(3.945,-0.4,-0.69));
#6935=VECTOR('',#8619,0.44);
#6936=CARTESIAN_POINT('',(3.595,-0.4,1.13));
#6937=VECTOR('',#8620,0.44);
#6938=CARTESIAN_POINT('',(3.595,-0.4,0.69));
#6939=VECTOR('',#8621,0.16);
#6940=CARTESIAN_POINT('',(3.755,-0.4,0.69));
#6941=VECTOR('',#8622,0.44);
#6942=CARTESIAN_POINT('',(3.755,-0.4,1.13));
#6943=VECTOR('',#8623,0.16);
#6944=CARTESIAN_POINT('',(3.595,-0.4,-1.13));
#6945=VECTOR('',#8624,0.16);
#6946=CARTESIAN_POINT('',(3.755,-0.4,-1.13));
#6947=VECTOR('',#8625,0.44);
#6948=CARTESIAN_POINT('',(3.755,-0.4,-0.69));
#6949=VECTOR('',#8626,0.16);
#6950=CARTESIAN_POINT('',(3.595,-0.4,-0.69));
#6951=VECTOR('',#8627,0.44);
#6952=CARTESIAN_POINT('',(3.245,-0.4,1.13));
#6953=VECTOR('',#8628,0.44);
#6954=CARTESIAN_POINT('',(3.245,-0.4,0.69));
#6955=VECTOR('',#8629,0.16);
#6956=CARTESIAN_POINT('',(3.405,-0.4,0.69));
#6957=VECTOR('',#8630,0.44);
#6958=CARTESIAN_POINT('',(3.405,-0.4,1.13));
#6959=VECTOR('',#8631,0.16);
#6960=CARTESIAN_POINT('',(3.245,-0.4,-1.13));
#6961=VECTOR('',#8632,0.16);
#6962=CARTESIAN_POINT('',(3.405,-0.4,-1.13));
#6963=VECTOR('',#8633,0.44);
#6964=CARTESIAN_POINT('',(3.405,-0.4,-0.69));
#6965=VECTOR('',#8634,0.16);
#6966=CARTESIAN_POINT('',(3.245,-0.4,-0.69));
#6967=VECTOR('',#8635,0.44);
#6968=CARTESIAN_POINT('',(2.895,-0.4,1.13));
#6969=VECTOR('',#8636,0.44);
#6970=CARTESIAN_POINT('',(2.895,-0.4,0.69));
#6971=VECTOR('',#8637,0.16);
#6972=CARTESIAN_POINT('',(3.055,-0.4,0.69));
#6973=VECTOR('',#8638,0.44);
#6974=CARTESIAN_POINT('',(3.055,-0.4,1.13));
#6975=VECTOR('',#8639,0.16);
#6976=CARTESIAN_POINT('',(2.895,-0.4,-1.13));
#6977=VECTOR('',#8640,0.16);
#6978=CARTESIAN_POINT('',(3.055,-0.4,-1.13));
#6979=VECTOR('',#8641,0.44);
#6980=CARTESIAN_POINT('',(3.055,-0.4,-0.69));
#6981=VECTOR('',#8642,0.16);
#6982=CARTESIAN_POINT('',(2.895,-0.4,-0.69));
#6983=VECTOR('',#8643,0.44);
#6984=CARTESIAN_POINT('',(2.545,-0.4,1.13));
#6985=VECTOR('',#8644,0.44);
#6986=CARTESIAN_POINT('',(2.545,-0.4,0.69));
#6987=VECTOR('',#8645,0.16);
#6988=CARTESIAN_POINT('',(2.705,-0.4,0.69));
#6989=VECTOR('',#8646,0.44);
#6990=CARTESIAN_POINT('',(2.705,-0.4,1.13));
#6991=VECTOR('',#8647,0.16);
#6992=CARTESIAN_POINT('',(2.545,-0.4,-1.13));
#6993=VECTOR('',#8648,0.16);
#6994=CARTESIAN_POINT('',(2.705,-0.4,-1.13));
#6995=VECTOR('',#8649,0.44);
#6996=CARTESIAN_POINT('',(2.705,-0.4,-0.69));
#6997=VECTOR('',#8650,0.16);
#6998=CARTESIAN_POINT('',(2.545,-0.4,-0.69));
#6999=VECTOR('',#8651,0.44);
#7000=CARTESIAN_POINT('',(2.195,-0.4,1.13));
#7001=VECTOR('',#8652,0.44);
#7002=CARTESIAN_POINT('',(2.195,-0.4,0.69));
#7003=VECTOR('',#8653,0.16);
#7004=CARTESIAN_POINT('',(2.355,-0.4,0.69));
#7005=VECTOR('',#8654,0.44);
#7006=CARTESIAN_POINT('',(2.355,-0.4,1.13));
#7007=VECTOR('',#8655,0.16);
#7008=CARTESIAN_POINT('',(2.195,-0.4,-1.13));
#7009=VECTOR('',#8656,0.16);
#7010=CARTESIAN_POINT('',(2.355,-0.4,-1.13));
#7011=VECTOR('',#8657,0.44);
#7012=CARTESIAN_POINT('',(2.355,-0.4,-0.69));
#7013=VECTOR('',#8658,0.16);
#7014=CARTESIAN_POINT('',(2.195,-0.4,-0.69));
#7015=VECTOR('',#8659,0.44);
#7016=CARTESIAN_POINT('',(1.845,-0.4,1.13));
#7017=VECTOR('',#8660,0.44);
#7018=CARTESIAN_POINT('',(1.845,-0.4,0.69));
#7019=VECTOR('',#8661,0.16);
#7020=CARTESIAN_POINT('',(2.005,-0.4,0.69));
#7021=VECTOR('',#8662,0.44);
#7022=CARTESIAN_POINT('',(2.005,-0.4,1.13));
#7023=VECTOR('',#8663,0.16);
#7024=CARTESIAN_POINT('',(1.845,-0.4,-1.13));
#7025=VECTOR('',#8664,0.16);
#7026=CARTESIAN_POINT('',(2.005,-0.4,-1.13));
#7027=VECTOR('',#8665,0.44);
#7028=CARTESIAN_POINT('',(2.005,-0.4,-0.69));
#7029=VECTOR('',#8666,0.16);
#7030=CARTESIAN_POINT('',(1.845,-0.4,-0.69));
#7031=VECTOR('',#8667,0.44);
#7032=CARTESIAN_POINT('',(1.495,-0.4,1.13));
#7033=VECTOR('',#8668,0.44);
#7034=CARTESIAN_POINT('',(1.495,-0.4,0.69));
#7035=VECTOR('',#8669,0.16);
#7036=CARTESIAN_POINT('',(1.655,-0.4,0.69));
#7037=VECTOR('',#8670,0.44);
#7038=CARTESIAN_POINT('',(1.655,-0.4,1.13));
#7039=VECTOR('',#8671,0.16);
#7040=CARTESIAN_POINT('',(1.495,-0.4,-1.13));
#7041=VECTOR('',#8672,0.16);
#7042=CARTESIAN_POINT('',(1.655,-0.4,-1.13));
#7043=VECTOR('',#8673,0.44);
#7044=CARTESIAN_POINT('',(1.655,-0.4,-0.69));
#7045=VECTOR('',#8674,0.16);
#7046=CARTESIAN_POINT('',(1.495,-0.4,-0.69));
#7047=VECTOR('',#8675,0.44);
#7048=CARTESIAN_POINT('',(1.145,-0.4,1.13));
#7049=VECTOR('',#8676,0.44);
#7050=CARTESIAN_POINT('',(1.145,-0.4,0.69));
#7051=VECTOR('',#8677,0.16);
#7052=CARTESIAN_POINT('',(1.305,-0.4,0.69));
#7053=VECTOR('',#8678,0.44);
#7054=CARTESIAN_POINT('',(1.305,-0.4,1.13));
#7055=VECTOR('',#8679,0.16);
#7056=CARTESIAN_POINT('',(1.145,-0.4,-1.13));
#7057=VECTOR('',#8680,0.16);
#7058=CARTESIAN_POINT('',(1.305,-0.4,-1.13));
#7059=VECTOR('',#8681,0.44);
#7060=CARTESIAN_POINT('',(1.305,-0.4,-0.69));
#7061=VECTOR('',#8682,0.16);
#7062=CARTESIAN_POINT('',(1.145,-0.4,-0.69));
#7063=VECTOR('',#8683,0.44);
#7064=CARTESIAN_POINT('',(0.795,-0.4,1.13));
#7065=VECTOR('',#8684,0.44);
#7066=CARTESIAN_POINT('',(0.795,-0.4,0.69));
#7067=VECTOR('',#8685,0.16);
#7068=CARTESIAN_POINT('',(0.955,-0.4,0.69));
#7069=VECTOR('',#8686,0.44);
#7070=CARTESIAN_POINT('',(0.955,-0.4,1.13));
#7071=VECTOR('',#8687,0.16);
#7072=CARTESIAN_POINT('',(0.795,-0.4,-1.13));
#7073=VECTOR('',#8688,0.16);
#7074=CARTESIAN_POINT('',(0.955,-0.4,-1.13));
#7075=VECTOR('',#8689,0.44);
#7076=CARTESIAN_POINT('',(0.955,-0.4,-0.69));
#7077=VECTOR('',#8690,0.16);
#7078=CARTESIAN_POINT('',(0.795,-0.4,-0.69));
#7079=VECTOR('',#8691,0.44);
#7080=CARTESIAN_POINT('',(0.445,-0.4,1.13));
#7081=VECTOR('',#8692,0.44);
#7082=CARTESIAN_POINT('',(0.445,-0.4,0.69));
#7083=VECTOR('',#8693,0.16);
#7084=CARTESIAN_POINT('',(0.605,-0.4,0.69));
#7085=VECTOR('',#8694,0.44);
#7086=CARTESIAN_POINT('',(0.605,-0.4,1.13));
#7087=VECTOR('',#8695,0.16);
#7088=CARTESIAN_POINT('',(0.445,-0.4,-1.13));
#7089=VECTOR('',#8696,0.16);
#7090=CARTESIAN_POINT('',(0.605,-0.4,-1.13));
#7091=VECTOR('',#8697,0.44);
#7092=CARTESIAN_POINT('',(0.605,-0.4,-0.69));
#7093=VECTOR('',#8698,0.16);
#7094=CARTESIAN_POINT('',(0.445,-0.4,-0.69));
#7095=VECTOR('',#8699,0.44);
#7096=CARTESIAN_POINT('',(0.095,-0.4,1.13));
#7097=VECTOR('',#8700,0.44);
#7098=CARTESIAN_POINT('',(0.095,-0.4,0.69));
#7099=VECTOR('',#8701,0.16);
#7100=CARTESIAN_POINT('',(0.255,-0.4,0.69));
#7101=VECTOR('',#8702,0.44);
#7102=CARTESIAN_POINT('',(0.255,-0.4,1.13));
#7103=VECTOR('',#8703,0.16);
#7104=CARTESIAN_POINT('',(0.095,-0.4,-1.13));
#7105=VECTOR('',#8704,0.16);
#7106=CARTESIAN_POINT('',(0.255,-0.4,-1.13));
#7107=VECTOR('',#8705,0.44);
#7108=CARTESIAN_POINT('',(0.255,-0.4,-0.69));
#7109=VECTOR('',#8706,0.16);
#7110=CARTESIAN_POINT('',(0.095,-0.4,-0.69));
#7111=VECTOR('',#8707,0.44);
#7112=CARTESIAN_POINT('',(-0.255,-0.4,1.13));
#7113=VECTOR('',#8708,0.44);
#7114=CARTESIAN_POINT('',(-0.255,-0.4,0.69));
#7115=VECTOR('',#8709,0.16);
#7116=CARTESIAN_POINT('',(-0.095,-0.4,0.69));
#7117=VECTOR('',#8710,0.44);
#7118=CARTESIAN_POINT('',(-0.095,-0.4,1.13));
#7119=VECTOR('',#8711,0.16);
#7120=CARTESIAN_POINT('',(-0.255,-0.4,-1.13));
#7121=VECTOR('',#8712,0.16);
#7122=CARTESIAN_POINT('',(-0.095,-0.4,-1.13));
#7123=VECTOR('',#8713,0.44);
#7124=CARTESIAN_POINT('',(-0.095,-0.4,-0.69));
#7125=VECTOR('',#8714,0.16);
#7126=CARTESIAN_POINT('',(-0.255,-0.4,-0.69));
#7127=VECTOR('',#8715,0.44);
#7128=CARTESIAN_POINT('',(-0.605,-0.4,1.13));
#7129=VECTOR('',#8716,0.44);
#7130=CARTESIAN_POINT('',(-0.605,-0.4,0.69));
#7131=VECTOR('',#8717,0.16);
#7132=CARTESIAN_POINT('',(-0.445,-0.4,0.69));
#7133=VECTOR('',#8718,0.44);
#7134=CARTESIAN_POINT('',(-0.445,-0.4,1.13));
#7135=VECTOR('',#8719,0.16);
#7136=CARTESIAN_POINT('',(-0.605,-0.4,-1.13));
#7137=VECTOR('',#8720,0.16);
#7138=CARTESIAN_POINT('',(-0.445,-0.4,-1.13));
#7139=VECTOR('',#8721,0.44);
#7140=CARTESIAN_POINT('',(-0.445,-0.4,-0.69));
#7141=VECTOR('',#8722,0.16);
#7142=CARTESIAN_POINT('',(-0.605,-0.4,-0.69));
#7143=VECTOR('',#8723,0.44);
#7144=CARTESIAN_POINT('',(-0.955,-0.4,1.13));
#7145=VECTOR('',#8724,0.44);
#7146=CARTESIAN_POINT('',(-0.955,-0.4,0.69));
#7147=VECTOR('',#8725,0.16);
#7148=CARTESIAN_POINT('',(-0.795,-0.4,0.69));
#7149=VECTOR('',#8726,0.44);
#7150=CARTESIAN_POINT('',(-0.795,-0.4,1.13));
#7151=VECTOR('',#8727,0.16);
#7152=CARTESIAN_POINT('',(-0.955,-0.4,-1.13));
#7153=VECTOR('',#8728,0.16);
#7154=CARTESIAN_POINT('',(-0.795,-0.4,-1.13));
#7155=VECTOR('',#8729,0.44);
#7156=CARTESIAN_POINT('',(-0.795,-0.4,-0.69));
#7157=VECTOR('',#8730,0.16);
#7158=CARTESIAN_POINT('',(-0.955,-0.4,-0.69));
#7159=VECTOR('',#8731,0.44);
#7160=CARTESIAN_POINT('',(-1.305,-0.4,1.13));
#7161=VECTOR('',#8732,0.44);
#7162=CARTESIAN_POINT('',(-1.305,-0.4,0.69));
#7163=VECTOR('',#8733,0.16);
#7164=CARTESIAN_POINT('',(-1.145,-0.4,0.69));
#7165=VECTOR('',#8734,0.44);
#7166=CARTESIAN_POINT('',(-1.145,-0.4,1.13));
#7167=VECTOR('',#8735,0.16);
#7168=CARTESIAN_POINT('',(-1.305,-0.4,-1.13));
#7169=VECTOR('',#8736,0.16);
#7170=CARTESIAN_POINT('',(-1.145,-0.4,-1.13));
#7171=VECTOR('',#8737,0.44);
#7172=CARTESIAN_POINT('',(-1.145,-0.4,-0.69));
#7173=VECTOR('',#8738,0.16);
#7174=CARTESIAN_POINT('',(-1.305,-0.4,-0.69));
#7175=VECTOR('',#8739,0.44);
#7176=CARTESIAN_POINT('',(-1.655,-0.4,1.13));
#7177=VECTOR('',#8740,0.44);
#7178=CARTESIAN_POINT('',(-1.655,-0.4,0.69));
#7179=VECTOR('',#8741,0.16);
#7180=CARTESIAN_POINT('',(-1.495,-0.4,0.69));
#7181=VECTOR('',#8742,0.44);
#7182=CARTESIAN_POINT('',(-1.495,-0.4,1.13));
#7183=VECTOR('',#8743,0.16);
#7184=CARTESIAN_POINT('',(-1.655,-0.4,-1.13));
#7185=VECTOR('',#8744,0.16);
#7186=CARTESIAN_POINT('',(-1.495,-0.4,-1.13));
#7187=VECTOR('',#8745,0.44);
#7188=CARTESIAN_POINT('',(-1.495,-0.4,-0.69));
#7189=VECTOR('',#8746,0.16);
#7190=CARTESIAN_POINT('',(-1.655,-0.4,-0.69));
#7191=VECTOR('',#8747,0.44);
#7192=CARTESIAN_POINT('',(-2.005,-0.4,1.13));
#7193=VECTOR('',#8748,0.44);
#7194=CARTESIAN_POINT('',(-2.005,-0.4,0.69));
#7195=VECTOR('',#8749,0.16);
#7196=CARTESIAN_POINT('',(-1.845,-0.4,0.69));
#7197=VECTOR('',#8750,0.44);
#7198=CARTESIAN_POINT('',(-1.845,-0.4,1.13));
#7199=VECTOR('',#8751,0.16);
#7200=CARTESIAN_POINT('',(-2.005,-0.4,-1.13));
#7201=VECTOR('',#8752,0.16);
#7202=CARTESIAN_POINT('',(-1.845,-0.4,-1.13));
#7203=VECTOR('',#8753,0.44);
#7204=CARTESIAN_POINT('',(-1.845,-0.4,-0.69));
#7205=VECTOR('',#8754,0.16);
#7206=CARTESIAN_POINT('',(-2.005,-0.4,-0.69));
#7207=VECTOR('',#8755,0.44);
#7208=CARTESIAN_POINT('',(-2.355,-0.4,1.13));
#7209=VECTOR('',#8756,0.44);
#7210=CARTESIAN_POINT('',(-2.355,-0.4,0.69));
#7211=VECTOR('',#8757,0.16);
#7212=CARTESIAN_POINT('',(-2.195,-0.4,0.69));
#7213=VECTOR('',#8758,0.44);
#7214=CARTESIAN_POINT('',(-2.195,-0.4,1.13));
#7215=VECTOR('',#8759,0.16);
#7216=CARTESIAN_POINT('',(-2.355,-0.4,-1.13));
#7217=VECTOR('',#8760,0.16);
#7218=CARTESIAN_POINT('',(-2.195,-0.4,-1.13));
#7219=VECTOR('',#8761,0.44);
#7220=CARTESIAN_POINT('',(-2.195,-0.4,-0.69));
#7221=VECTOR('',#8762,0.16);
#7222=CARTESIAN_POINT('',(-2.355,-0.4,-0.69));
#7223=VECTOR('',#8763,0.44);
#7224=CARTESIAN_POINT('',(-2.705,-0.4,1.13));
#7225=VECTOR('',#8764,0.44);
#7226=CARTESIAN_POINT('',(-2.705,-0.4,0.69));
#7227=VECTOR('',#8765,0.16);
#7228=CARTESIAN_POINT('',(-2.545,-0.4,0.69));
#7229=VECTOR('',#8766,0.44);
#7230=CARTESIAN_POINT('',(-2.545,-0.4,1.13));
#7231=VECTOR('',#8767,0.16);
#7232=CARTESIAN_POINT('',(-2.705,-0.4,-1.13));
#7233=VECTOR('',#8768,0.16);
#7234=CARTESIAN_POINT('',(-2.545,-0.4,-1.13));
#7235=VECTOR('',#8769,0.44);
#7236=CARTESIAN_POINT('',(-2.545,-0.4,-0.69));
#7237=VECTOR('',#8770,0.16);
#7238=CARTESIAN_POINT('',(-2.705,-0.4,-0.69));
#7239=VECTOR('',#8771,0.44);
#7240=CARTESIAN_POINT('',(-3.055,-0.4,1.13));
#7241=VECTOR('',#8772,0.44);
#7242=CARTESIAN_POINT('',(-3.055,-0.4,0.69));
#7243=VECTOR('',#8773,0.16);
#7244=CARTESIAN_POINT('',(-2.895,-0.4,0.69));
#7245=VECTOR('',#8774,0.44);
#7246=CARTESIAN_POINT('',(-2.895,-0.4,1.13));
#7247=VECTOR('',#8775,0.16);
#7248=CARTESIAN_POINT('',(-3.055,-0.4,-1.13));
#7249=VECTOR('',#8776,0.16);
#7250=CARTESIAN_POINT('',(-2.895,-0.4,-1.13));
#7251=VECTOR('',#8777,0.44);
#7252=CARTESIAN_POINT('',(-2.895,-0.4,-0.69));
#7253=VECTOR('',#8778,0.16);
#7254=CARTESIAN_POINT('',(-3.055,-0.4,-0.69));
#7255=VECTOR('',#8779,0.44);
#7256=CARTESIAN_POINT('',(-3.405,-0.4,1.13));
#7257=VECTOR('',#8780,0.44);
#7258=CARTESIAN_POINT('',(-3.405,-0.4,0.69));
#7259=VECTOR('',#8781,0.16);
#7260=CARTESIAN_POINT('',(-3.245,-0.4,0.69));
#7261=VECTOR('',#8782,0.44);
#7262=CARTESIAN_POINT('',(-3.245,-0.4,1.13));
#7263=VECTOR('',#8783,0.16);
#7264=CARTESIAN_POINT('',(-3.405,-0.4,-1.13));
#7265=VECTOR('',#8784,0.16);
#7266=CARTESIAN_POINT('',(-3.245,-0.4,-1.13));
#7267=VECTOR('',#8785,0.44);
#7268=CARTESIAN_POINT('',(-3.245,-0.4,-0.69));
#7269=VECTOR('',#8786,0.16);
#7270=CARTESIAN_POINT('',(-3.405,-0.4,-0.69));
#7271=VECTOR('',#8787,0.44);
#7272=CARTESIAN_POINT('',(-3.755,-0.4,1.13));
#7273=VECTOR('',#8788,0.44);
#7274=CARTESIAN_POINT('',(-3.755,-0.4,0.69));
#7275=VECTOR('',#8789,0.16);
#7276=CARTESIAN_POINT('',(-3.595,-0.4,0.69));
#7277=VECTOR('',#8790,0.44);
#7278=CARTESIAN_POINT('',(-3.595,-0.4,1.13));
#7279=VECTOR('',#8791,0.16);
#7280=CARTESIAN_POINT('',(-3.755,-0.4,-1.13));
#7281=VECTOR('',#8792,0.16);
#7282=CARTESIAN_POINT('',(-3.595,-0.4,-1.13));
#7283=VECTOR('',#8793,0.44);
#7284=CARTESIAN_POINT('',(-3.595,-0.4,-0.69));
#7285=VECTOR('',#8794,0.16);
#7286=CARTESIAN_POINT('',(-3.755,-0.4,-0.69));
#7287=VECTOR('',#8795,0.44);
#7288=CARTESIAN_POINT('',(-4.105,-0.4,1.13));
#7289=VECTOR('',#8796,0.44);
#7290=CARTESIAN_POINT('',(-4.105,-0.4,0.69));
#7291=VECTOR('',#8797,0.16);
#7292=CARTESIAN_POINT('',(-3.945,-0.4,0.69));
#7293=VECTOR('',#8798,0.44);
#7294=CARTESIAN_POINT('',(-3.945,-0.4,1.13));
#7295=VECTOR('',#8799,0.16);
#7296=CARTESIAN_POINT('',(-4.105,-0.4,-1.13));
#7297=VECTOR('',#8800,0.16);
#7298=CARTESIAN_POINT('',(-3.945,-0.4,-1.13));
#7299=VECTOR('',#8801,0.44);
#7300=CARTESIAN_POINT('',(-3.945,-0.4,-0.69));
#7301=VECTOR('',#8802,0.16);
#7302=CARTESIAN_POINT('',(-4.105,-0.4,-0.69));
#7303=VECTOR('',#8803,0.44);
#7304=CARTESIAN_POINT('',(-4.455,-0.4,1.13));
#7305=VECTOR('',#8804,0.44);
#7306=CARTESIAN_POINT('',(-4.455,-0.4,0.69));
#7307=VECTOR('',#8805,0.16);
#7308=CARTESIAN_POINT('',(-4.295,-0.4,0.69));
#7309=VECTOR('',#8806,0.44);
#7310=CARTESIAN_POINT('',(-4.295,-0.4,1.13));
#7311=VECTOR('',#8807,0.16);
#7312=CARTESIAN_POINT('',(-4.455,-0.4,-1.13));
#7313=VECTOR('',#8808,0.16);
#7314=CARTESIAN_POINT('',(-4.295,-0.4,-1.13));
#7315=VECTOR('',#8809,0.44);
#7316=CARTESIAN_POINT('',(-4.295,-0.4,-0.69));
#7317=VECTOR('',#8810,0.16);
#7318=CARTESIAN_POINT('',(-4.455,-0.4,-0.69));
#7319=VECTOR('',#8811,0.44);
#7320=CARTESIAN_POINT('',(-4.805,-0.4,1.13));
#7321=VECTOR('',#8812,0.44);
#7322=CARTESIAN_POINT('',(-4.805,-0.4,0.69));
#7323=VECTOR('',#8813,0.16);
#7324=CARTESIAN_POINT('',(-4.645,-0.4,0.69));
#7325=VECTOR('',#8814,0.44);
#7326=CARTESIAN_POINT('',(-4.645,-0.4,1.13));
#7327=VECTOR('',#8815,0.16);
#7328=CARTESIAN_POINT('',(-4.805,-0.4,-1.13));
#7329=VECTOR('',#8816,0.16);
#7330=CARTESIAN_POINT('',(-4.645,-0.4,-1.13));
#7331=VECTOR('',#8817,0.44);
#7332=CARTESIAN_POINT('',(-4.645,-0.4,-0.69));
#7333=VECTOR('',#8818,0.16);
#7334=CARTESIAN_POINT('',(-4.805,-0.4,-0.69));
#7335=VECTOR('',#8819,0.44);
#7336=CARTESIAN_POINT('',(-5.155,-0.4,1.13));
#7337=VECTOR('',#8820,0.44);
#7338=CARTESIAN_POINT('',(-5.155,-0.4,0.69));
#7339=VECTOR('',#8821,0.16);
#7340=CARTESIAN_POINT('',(-4.995,-0.4,0.69));
#7341=VECTOR('',#8822,0.44);
#7342=CARTESIAN_POINT('',(-4.995,-0.4,1.13));
#7343=VECTOR('',#8823,0.16);
#7344=CARTESIAN_POINT('',(-5.155,-0.4,-1.13));
#7345=VECTOR('',#8824,0.16);
#7346=CARTESIAN_POINT('',(-4.995,-0.4,-1.13));
#7347=VECTOR('',#8825,0.44);
#7348=CARTESIAN_POINT('',(-4.995,-0.4,-0.69));
#7349=VECTOR('',#8826,0.16);
#7350=CARTESIAN_POINT('',(-5.155,-0.4,-0.69));
#7351=VECTOR('',#8827,0.44);
#7352=EDGE_CURVE('',#8828,#8829,#8830,.T.);
#7353=EDGE_CURVE('',#8829,#8831,#8832,.T.);
#7354=EDGE_CURVE('',#8831,#8833,#8834,.T.);
#7355=EDGE_CURVE('',#8835,#8833,#8836,.T.);
#7356=EDGE_CURVE('',#8837,#8835,#8838,.T.);
#7357=EDGE_CURVE('',#8839,#8837,#8840,.T.);
#7358=EDGE_CURVE('',#8839,#8841,#8842,.T.);
#7359=EDGE_CURVE('',#8843,#8841,#8844,.T.);
#7360=EDGE_CURVE('',#8845,#8843,#8846,.T.);
#7361=EDGE_CURVE('',#8847,#8845,#8848,.T.);
#7362=EDGE_CURVE('',#8847,#8849,#8850,.T.);
#7363=EDGE_CURVE('',#8851,#8849,#8852,.T.);
#7364=EDGE_CURVE('',#8853,#8851,#8854,.T.);
#7365=EDGE_CURVE('',#8855,#8853,#8856,.T.);
#7366=EDGE_CURVE('',#8855,#8857,#8858,.T.);
#7367=EDGE_CURVE('',#8859,#8857,#8860,.T.);
#7368=EDGE_CURVE('',#8861,#8859,#8862,.T.);
#7369=EDGE_CURVE('',#8863,#8861,#8864,.T.);
#7370=EDGE_CURVE('',#8863,#8865,#8866,.T.);
#7371=EDGE_CURVE('',#8867,#8865,#8868,.T.);
#7372=EDGE_CURVE('',#8869,#8867,#8870,.T.);
#7373=EDGE_CURVE('',#8871,#8869,#8872,.T.);
#7374=EDGE_CURVE('',#8871,#8873,#8874,.T.);
#7375=EDGE_CURVE('',#8875,#8873,#8876,.T.);
#7376=EDGE_CURVE('',#8877,#8875,#8878,.T.);
#7377=EDGE_CURVE('',#8879,#8877,#8880,.T.);
#7378=EDGE_CURVE('',#8879,#8881,#8882,.T.);
#7379=EDGE_CURVE('',#8883,#8881,#8884,.T.);
#7380=EDGE_CURVE('',#8885,#8883,#8886,.T.);
#7381=EDGE_CURVE('',#8887,#8885,#8888,.T.);
#7382=EDGE_CURVE('',#8887,#8889,#8890,.T.);
#7383=EDGE_CURVE('',#8891,#8889,#8892,.T.);
#7384=EDGE_CURVE('',#8893,#8891,#8894,.T.);
#7385=EDGE_CURVE('',#8895,#8893,#8896,.T.);
#7386=EDGE_CURVE('',#8895,#8897,#8898,.T.);
#7387=EDGE_CURVE('',#8899,#8897,#8900,.T.);
#7388=EDGE_CURVE('',#8901,#8899,#8902,.T.);
#7389=EDGE_CURVE('',#8903,#8901,#8904,.T.);
#7390=EDGE_CURVE('',#8903,#8905,#8906,.T.);
#7391=EDGE_CURVE('',#8907,#8905,#8908,.T.);
#7392=EDGE_CURVE('',#8909,#8907,#8910,.T.);
#7393=EDGE_CURVE('',#8911,#8909,#8912,.T.);
#7394=EDGE_CURVE('',#8911,#8913,#8914,.T.);
#7395=EDGE_CURVE('',#8915,#8913,#8916,.T.);
#7396=EDGE_CURVE('',#8917,#8915,#8918,.T.);
#7397=EDGE_CURVE('',#8919,#8917,#8920,.T.);
#7398=EDGE_CURVE('',#8919,#8921,#8922,.T.);
#7399=EDGE_CURVE('',#8923,#8921,#8924,.T.);
#7400=EDGE_CURVE('',#8925,#8923,#8926,.T.);
#7401=EDGE_CURVE('',#8927,#8925,#8928,.T.);
#7402=EDGE_CURVE('',#8927,#8929,#8930,.T.);
#7403=EDGE_CURVE('',#8931,#8929,#8932,.T.);
#7404=EDGE_CURVE('',#8933,#8931,#8934,.T.);
#7405=EDGE_CURVE('',#8935,#8933,#8936,.T.);
#7406=EDGE_CURVE('',#8935,#8937,#8938,.T.);
#7407=EDGE_CURVE('',#8939,#8937,#8940,.T.);
#7408=EDGE_CURVE('',#8941,#8939,#8942,.T.);
#7409=EDGE_CURVE('',#8943,#8941,#8944,.T.);
#7410=EDGE_CURVE('',#8943,#8945,#8946,.T.);
#7411=EDGE_CURVE('',#8947,#8945,#8948,.T.);
#7412=EDGE_CURVE('',#8949,#8947,#8950,.T.);
#7413=EDGE_CURVE('',#8951,#8949,#8952,.T.);
#7414=EDGE_CURVE('',#8951,#8953,#8954,.T.);
#7415=EDGE_CURVE('',#8955,#8953,#8956,.T.);
#7416=EDGE_CURVE('',#8957,#8955,#8958,.T.);
#7417=EDGE_CURVE('',#8959,#8957,#8960,.T.);
#7418=EDGE_CURVE('',#8959,#8961,#8962,.T.);
#7419=EDGE_CURVE('',#8963,#8961,#8964,.T.);
#7420=EDGE_CURVE('',#8965,#8963,#8966,.T.);
#7421=EDGE_CURVE('',#8967,#8965,#8968,.T.);
#7422=EDGE_CURVE('',#8967,#8969,#8970,.T.);
#7423=EDGE_CURVE('',#8971,#8969,#8972,.T.);
#7424=EDGE_CURVE('',#8973,#8971,#8974,.T.);
#7425=EDGE_CURVE('',#8975,#8973,#8976,.T.);
#7426=EDGE_CURVE('',#8975,#8977,#8978,.T.);
#7427=EDGE_CURVE('',#8979,#8977,#8980,.T.);
#7428=EDGE_CURVE('',#8981,#8979,#8982,.T.);
#7429=EDGE_CURVE('',#8983,#8981,#8984,.T.);
#7430=EDGE_CURVE('',#8983,#8985,#8986,.T.);
#7431=EDGE_CURVE('',#8987,#8985,#8988,.T.);
#7432=EDGE_CURVE('',#8989,#8987,#8990,.T.);
#7433=EDGE_CURVE('',#8991,#8989,#8992,.T.);
#7434=EDGE_CURVE('',#8991,#8993,#8994,.T.);
#7435=EDGE_CURVE('',#8995,#8993,#8996,.T.);
#7436=EDGE_CURVE('',#8997,#8995,#8998,.T.);
#7437=EDGE_CURVE('',#8999,#8997,#9000,.T.);
#7438=EDGE_CURVE('',#8999,#9001,#9002,.T.);
#7439=EDGE_CURVE('',#9003,#9001,#9004,.T.);
#7440=EDGE_CURVE('',#9005,#9003,#9006,.T.);
#7441=EDGE_CURVE('',#9007,#9005,#9008,.T.);
#7442=EDGE_CURVE('',#9007,#9009,#9010,.T.);
#7443=EDGE_CURVE('',#9011,#9009,#9012,.T.);
#7444=EDGE_CURVE('',#9013,#9011,#9014,.T.);
#7445=EDGE_CURVE('',#9015,#9013,#9016,.T.);
#7446=EDGE_CURVE('',#9015,#9017,#9018,.T.);
#7447=EDGE_CURVE('',#9019,#9017,#9020,.T.);
#7448=EDGE_CURVE('',#9021,#9019,#9022,.T.);
#7449=EDGE_CURVE('',#9023,#9021,#9024,.T.);
#7450=EDGE_CURVE('',#9023,#9025,#9026,.T.);
#7451=EDGE_CURVE('',#9027,#9025,#9028,.T.);
#7452=EDGE_CURVE('',#9029,#9027,#9030,.T.);
#7453=EDGE_CURVE('',#9031,#9029,#9032,.T.);
#7454=EDGE_CURVE('',#9031,#9033,#9034,.T.);
#7455=EDGE_CURVE('',#9035,#9033,#9036,.T.);
#7456=EDGE_CURVE('',#9037,#9035,#9038,.T.);
#7457=EDGE_CURVE('',#9039,#9037,#9040,.T.);
#7458=EDGE_CURVE('',#9039,#9041,#9042,.T.);
#7459=EDGE_CURVE('',#9043,#9041,#9044,.T.);
#7460=EDGE_CURVE('',#9045,#9043,#9046,.T.);
#7461=EDGE_CURVE('',#9047,#9045,#9048,.T.);
#7462=EDGE_CURVE('',#9047,#9049,#9050,.T.);
#7463=EDGE_CURVE('',#9051,#9049,#9052,.T.);
#7464=EDGE_CURVE('',#9053,#9051,#9054,.T.);
#7465=EDGE_CURVE('',#9055,#9053,#9056,.T.);
#7466=EDGE_CURVE('',#9055,#9057,#9058,.T.);
#7467=EDGE_CURVE('',#9059,#9057,#9060,.T.);
#7468=EDGE_CURVE('',#9061,#9059,#9062,.T.);
#7469=EDGE_CURVE('',#9063,#9061,#9064,.T.);
#7470=EDGE_CURVE('',#9063,#9065,#9066,.T.);
#7471=EDGE_CURVE('',#9067,#9065,#9068,.T.);
#7472=EDGE_CURVE('',#9069,#9067,#9070,.T.);
#7473=EDGE_CURVE('',#9071,#9069,#9072,.T.);
#7474=EDGE_CURVE('',#9071,#9073,#9074,.T.);
#7475=EDGE_CURVE('',#8828,#9073,#9075,.T.);
#7476=EDGE_CURVE('',#9076,#9077,#9078,.T.);
#7477=EDGE_CURVE('',#9077,#9079,#9080,.T.);
#7478=EDGE_CURVE('',#9081,#9079,#9082,.T.);
#7479=EDGE_CURVE('',#9083,#9081,#9084,.T.);
#7480=EDGE_CURVE('',#9083,#9085,#9086,.T.);
#7481=EDGE_CURVE('',#9085,#9087,#9088,.T.);
#7482=EDGE_CURVE('',#9089,#9087,#9090,.T.);
#7483=EDGE_CURVE('',#9091,#9089,#9092,.T.);
#7484=EDGE_CURVE('',#9091,#9093,#9094,.T.);
#7485=EDGE_CURVE('',#9093,#9095,#9096,.T.);
#7486=EDGE_CURVE('',#9097,#9095,#9098,.T.);
#7487=EDGE_CURVE('',#9099,#9097,#9100,.T.);
#7488=EDGE_CURVE('',#9099,#9101,#9102,.T.);
#7489=EDGE_CURVE('',#9101,#9103,#9104,.T.);
#7490=EDGE_CURVE('',#9105,#9103,#9106,.T.);
#7491=EDGE_CURVE('',#9107,#9105,#9108,.T.);
#7492=EDGE_CURVE('',#9107,#9109,#9110,.T.);
#7493=EDGE_CURVE('',#9109,#9111,#9112,.T.);
#7494=EDGE_CURVE('',#9113,#9111,#9114,.T.);
#7495=EDGE_CURVE('',#9115,#9113,#9116,.T.);
#7496=EDGE_CURVE('',#9115,#9117,#9118,.T.);
#7497=EDGE_CURVE('',#9117,#9119,#9120,.T.);
#7498=EDGE_CURVE('',#9121,#9119,#9122,.T.);
#7499=EDGE_CURVE('',#9123,#9121,#9124,.T.);
#7500=EDGE_CURVE('',#9123,#9125,#9126,.T.);
#7501=EDGE_CURVE('',#9125,#9127,#9128,.T.);
#7502=EDGE_CURVE('',#9129,#9127,#9130,.T.);
#7503=EDGE_CURVE('',#9131,#9129,#9132,.T.);
#7504=EDGE_CURVE('',#9131,#9133,#9134,.T.);
#7505=EDGE_CURVE('',#9133,#9135,#9136,.T.);
#7506=EDGE_CURVE('',#9137,#9135,#9138,.T.);
#7507=EDGE_CURVE('',#9139,#9137,#9140,.T.);
#7508=EDGE_CURVE('',#9139,#9141,#9142,.T.);
#7509=EDGE_CURVE('',#9141,#9143,#9144,.T.);
#7510=EDGE_CURVE('',#9145,#9143,#9146,.T.);
#7511=EDGE_CURVE('',#9147,#9145,#9148,.T.);
#7512=EDGE_CURVE('',#9147,#9149,#9150,.T.);
#7513=EDGE_CURVE('',#9149,#9151,#9152,.T.);
#7514=EDGE_CURVE('',#9153,#9151,#9154,.T.);
#7515=EDGE_CURVE('',#9155,#9153,#9156,.T.);
#7516=EDGE_CURVE('',#9155,#9157,#9158,.T.);
#7517=EDGE_CURVE('',#9157,#9159,#9160,.T.);
#7518=EDGE_CURVE('',#9161,#9159,#9162,.T.);
#7519=EDGE_CURVE('',#9163,#9161,#9164,.T.);
#7520=EDGE_CURVE('',#9163,#9165,#9166,.T.);
#7521=EDGE_CURVE('',#9165,#9167,#9168,.T.);
#7522=EDGE_CURVE('',#9169,#9167,#9170,.T.);
#7523=EDGE_CURVE('',#9171,#9169,#9172,.T.);
#7524=EDGE_CURVE('',#9171,#9173,#9174,.T.);
#7525=EDGE_CURVE('',#9173,#9175,#9176,.T.);
#7526=EDGE_CURVE('',#9177,#9175,#9178,.T.);
#7527=EDGE_CURVE('',#9179,#9177,#9180,.T.);
#7528=EDGE_CURVE('',#9179,#9181,#9182,.T.);
#7529=EDGE_CURVE('',#9181,#9183,#9184,.T.);
#7530=EDGE_CURVE('',#9185,#9183,#9186,.T.);
#7531=EDGE_CURVE('',#9187,#9185,#9188,.T.);
#7532=EDGE_CURVE('',#9187,#9189,#9190,.T.);
#7533=EDGE_CURVE('',#9189,#9191,#9192,.T.);
#7534=EDGE_CURVE('',#9193,#9191,#9194,.T.);
#7535=EDGE_CURVE('',#9195,#9193,#9196,.T.);
#7536=EDGE_CURVE('',#9195,#9197,#9198,.T.);
#7537=EDGE_CURVE('',#9197,#9199,#9200,.T.);
#7538=EDGE_CURVE('',#9201,#9199,#9202,.T.);
#7539=EDGE_CURVE('',#9203,#9201,#9204,.T.);
#7540=EDGE_CURVE('',#9203,#9205,#9206,.T.);
#7541=EDGE_CURVE('',#9205,#9207,#9208,.T.);
#7542=EDGE_CURVE('',#9209,#9207,#9210,.T.);
#7543=EDGE_CURVE('',#9211,#9209,#9212,.T.);
#7544=EDGE_CURVE('',#9211,#9213,#9214,.T.);
#7545=EDGE_CURVE('',#9213,#9215,#9216,.T.);
#7546=EDGE_CURVE('',#9217,#9215,#9218,.T.);
#7547=EDGE_CURVE('',#9219,#9217,#9220,.T.);
#7548=EDGE_CURVE('',#9219,#9221,#9222,.T.);
#7549=EDGE_CURVE('',#9221,#9223,#9224,.T.);
#7550=EDGE_CURVE('',#9225,#9223,#9226,.T.);
#7551=EDGE_CURVE('',#9227,#9225,#9228,.T.);
#7552=EDGE_CURVE('',#9227,#9229,#9230,.T.);
#7553=EDGE_CURVE('',#9229,#9231,#9232,.T.);
#7554=EDGE_CURVE('',#9233,#9231,#9234,.T.);
#7555=EDGE_CURVE('',#9235,#9233,#9236,.T.);
#7556=EDGE_CURVE('',#9235,#9237,#9238,.T.);
#7557=EDGE_CURVE('',#9237,#9239,#9240,.T.);
#7558=EDGE_CURVE('',#9241,#9239,#9242,.T.);
#7559=EDGE_CURVE('',#9243,#9241,#9244,.T.);
#7560=EDGE_CURVE('',#9243,#9245,#9246,.T.);
#7561=EDGE_CURVE('',#9245,#9247,#9248,.T.);
#7562=EDGE_CURVE('',#9249,#9247,#9250,.T.);
#7563=EDGE_CURVE('',#9251,#9249,#9252,.T.);
#7564=EDGE_CURVE('',#9251,#9253,#9254,.T.);
#7565=EDGE_CURVE('',#9253,#9255,#9256,.T.);
#7566=EDGE_CURVE('',#9257,#9255,#9258,.T.);
#7567=EDGE_CURVE('',#9259,#9257,#9260,.T.);
#7568=EDGE_CURVE('',#9259,#9261,#9262,.T.);
#7569=EDGE_CURVE('',#9261,#9263,#9264,.T.);
#7570=EDGE_CURVE('',#9265,#9263,#9266,.T.);
#7571=EDGE_CURVE('',#9267,#9265,#9268,.T.);
#7572=EDGE_CURVE('',#9267,#9269,#9270,.T.);
#7573=EDGE_CURVE('',#9269,#9271,#9272,.T.);
#7574=EDGE_CURVE('',#9273,#9271,#9274,.T.);
#7575=EDGE_CURVE('',#9275,#9273,#9276,.T.);
#7576=EDGE_CURVE('',#9275,#9277,#9278,.T.);
#7577=EDGE_CURVE('',#9277,#9279,#9280,.T.);
#7578=EDGE_CURVE('',#9281,#9279,#9282,.T.);
#7579=EDGE_CURVE('',#9283,#9281,#9284,.T.);
#7580=EDGE_CURVE('',#9283,#9285,#9286,.T.);
#7581=EDGE_CURVE('',#9285,#9287,#9288,.T.);
#7582=EDGE_CURVE('',#9289,#9287,#9290,.T.);
#7583=EDGE_CURVE('',#9291,#9289,#9292,.T.);
#7584=EDGE_CURVE('',#9291,#9293,#9294,.T.);
#7585=EDGE_CURVE('',#9293,#9295,#9296,.T.);
#7586=EDGE_CURVE('',#9297,#9295,#9298,.T.);
#7587=EDGE_CURVE('',#9299,#9297,#9300,.T.);
#7588=EDGE_CURVE('',#9299,#9301,#9302,.T.);
#7589=EDGE_CURVE('',#9301,#9303,#9304,.T.);
#7590=EDGE_CURVE('',#9305,#9303,#9306,.T.);
#7591=EDGE_CURVE('',#9307,#9305,#9308,.T.);
#7592=EDGE_CURVE('',#9307,#9309,#9310,.T.);
#7593=EDGE_CURVE('',#9311,#9309,#9312,.T.);
#7594=EDGE_CURVE('',#9311,#9313,#9314,.T.);
#7595=EDGE_CURVE('',#9315,#9313,#9316,.T.);
#7596=EDGE_CURVE('',#9315,#9317,#9318,.T.);
#7597=EDGE_CURVE('',#9317,#9319,#9320,.T.);
#7598=EDGE_CURVE('',#9321,#9319,#9322,.T.);
#7599=EDGE_CURVE('',#9076,#9321,#9323,.T.);
#7600=EDGE_CURVE('',#9324,#9325,#9326,.T.);
#7601=EDGE_CURVE('',#9324,#9327,#9328,.T.);
#7602=EDGE_CURVE('',#9327,#9329,#9330,.T.);
#7603=EDGE_CURVE('',#9325,#9329,#9331,.T.);
#7604=EDGE_CURVE('',#9332,#9333,#9334,.T.);
#7605=EDGE_CURVE('',#9335,#9332,#9336,.T.);
#7606=EDGE_CURVE('',#9335,#9337,#9338,.T.);
#7607=EDGE_CURVE('',#9333,#9337,#9339,.T.);
#7608=EDGE_CURVE('',#8828,#9340,#9341,.T.);
#7609=EDGE_CURVE('',#9073,#9342,#9343,.T.);
#7610=EDGE_CURVE('',#9342,#9344,#9345,.T.);
#7611=EDGE_CURVE('',#9067,#9344,#9346,.T.);
#7612=EDGE_CURVE('',#9065,#9347,#9348,.T.);
#7613=EDGE_CURVE('',#9347,#9349,#9350,.T.);
#7614=EDGE_CURVE('',#9059,#9349,#9351,.T.);
#7615=EDGE_CURVE('',#9057,#9352,#9353,.T.);
#7616=EDGE_CURVE('',#9352,#9354,#9355,.T.);
#7617=EDGE_CURVE('',#9051,#9354,#9356,.T.);
#7618=EDGE_CURVE('',#9049,#9357,#9358,.T.);
#7619=EDGE_CURVE('',#9357,#9359,#9360,.T.);
#7620=EDGE_CURVE('',#9043,#9359,#9361,.T.);
#7621=EDGE_CURVE('',#9041,#9362,#9363,.T.);
#7622=EDGE_CURVE('',#9362,#9364,#9365,.T.);
#7623=EDGE_CURVE('',#9035,#9364,#9366,.T.);
#7624=EDGE_CURVE('',#9033,#9367,#9368,.T.);
#7625=EDGE_CURVE('',#9367,#9369,#9370,.T.);
#7626=EDGE_CURVE('',#9027,#9369,#9371,.T.);
#7627=EDGE_CURVE('',#9025,#9372,#9373,.T.);
#7628=EDGE_CURVE('',#9372,#9374,#9375,.T.);
#7629=EDGE_CURVE('',#9019,#9374,#9376,.T.);
#7630=EDGE_CURVE('',#9017,#9377,#9378,.T.);
#7631=EDGE_CURVE('',#9377,#9379,#9380,.T.);
#7632=EDGE_CURVE('',#9011,#9379,#9381,.T.);
#7633=EDGE_CURVE('',#9009,#9382,#9383,.T.);
#7634=EDGE_CURVE('',#9382,#9384,#9385,.T.);
#7635=EDGE_CURVE('',#9003,#9384,#9386,.T.);
#7636=EDGE_CURVE('',#9001,#9387,#9388,.T.);
#7637=EDGE_CURVE('',#9387,#9389,#9390,.T.);
#7638=EDGE_CURVE('',#8995,#9389,#9391,.T.);
#7639=EDGE_CURVE('',#8993,#9392,#9393,.T.);
#7640=EDGE_CURVE('',#9392,#9394,#9395,.T.);
#7641=EDGE_CURVE('',#8987,#9394,#9396,.T.);
#7642=EDGE_CURVE('',#8985,#9397,#9398,.T.);
#7643=EDGE_CURVE('',#9397,#9399,#9400,.T.);
#7644=EDGE_CURVE('',#8979,#9399,#9401,.T.);
#7645=EDGE_CURVE('',#8977,#9402,#9403,.T.);
#7646=EDGE_CURVE('',#9402,#9404,#9405,.T.);
#7647=EDGE_CURVE('',#8971,#9404,#9406,.T.);
#7648=EDGE_CURVE('',#8969,#9407,#9408,.T.);
#7649=EDGE_CURVE('',#9407,#9409,#9410,.T.);
#7650=EDGE_CURVE('',#8963,#9409,#9411,.T.);
#7651=EDGE_CURVE('',#8961,#9412,#9413,.T.);
#7652=EDGE_CURVE('',#9412,#9414,#9415,.T.);
#7653=EDGE_CURVE('',#8955,#9414,#9416,.T.);
#7654=EDGE_CURVE('',#8953,#9417,#9418,.T.);
#7655=EDGE_CURVE('',#9417,#9419,#9420,.T.);
#7656=EDGE_CURVE('',#8947,#9419,#9421,.T.);
#7657=EDGE_CURVE('',#8945,#9422,#9423,.T.);
#7658=EDGE_CURVE('',#9422,#9424,#9425,.T.);
#7659=EDGE_CURVE('',#8939,#9424,#9426,.T.);
#7660=EDGE_CURVE('',#8937,#9427,#9428,.T.);
#7661=EDGE_CURVE('',#9427,#9429,#9430,.T.);
#7662=EDGE_CURVE('',#8931,#9429,#9431,.T.);
#7663=EDGE_CURVE('',#8929,#9432,#9433,.T.);
#7664=EDGE_CURVE('',#9432,#9434,#9435,.T.);
#7665=EDGE_CURVE('',#8923,#9434,#9436,.T.);
#7666=EDGE_CURVE('',#8921,#9437,#9438,.T.);
#7667=EDGE_CURVE('',#9437,#9439,#9440,.T.);
#7668=EDGE_CURVE('',#8915,#9439,#9441,.T.);
#7669=EDGE_CURVE('',#8913,#9442,#9443,.T.);
#7670=EDGE_CURVE('',#9442,#9444,#9445,.T.);
#7671=EDGE_CURVE('',#8907,#9444,#9446,.T.);
#7672=EDGE_CURVE('',#8905,#9447,#9448,.T.);
#7673=EDGE_CURVE('',#9447,#9449,#9450,.T.);
#7674=EDGE_CURVE('',#8899,#9449,#9451,.T.);
#7675=EDGE_CURVE('',#8897,#9452,#9453,.T.);
#7676=EDGE_CURVE('',#9452,#9454,#9455,.T.);
#7677=EDGE_CURVE('',#8891,#9454,#9456,.T.);
#7678=EDGE_CURVE('',#8889,#9457,#9458,.T.);
#7679=EDGE_CURVE('',#9457,#9459,#9460,.T.);
#7680=EDGE_CURVE('',#8883,#9459,#9461,.T.);
#7681=EDGE_CURVE('',#8881,#9462,#9463,.T.);
#7682=EDGE_CURVE('',#9462,#9464,#9465,.T.);
#7683=EDGE_CURVE('',#8875,#9464,#9466,.T.);
#7684=EDGE_CURVE('',#8873,#9467,#9468,.T.);
#7685=EDGE_CURVE('',#9467,#9469,#9470,.T.);
#7686=EDGE_CURVE('',#8867,#9469,#9471,.T.);
#7687=EDGE_CURVE('',#8865,#9472,#9473,.T.);
#7688=EDGE_CURVE('',#9472,#9474,#9475,.T.);
#7689=EDGE_CURVE('',#8859,#9474,#9476,.T.);
#7690=EDGE_CURVE('',#8857,#9477,#9478,.T.);
#7691=EDGE_CURVE('',#9477,#9479,#9480,.T.);
#7692=EDGE_CURVE('',#8851,#9479,#9481,.T.);
#7693=EDGE_CURVE('',#8849,#9482,#9483,.T.);
#7694=EDGE_CURVE('',#9482,#9484,#9485,.T.);
#7695=EDGE_CURVE('',#8843,#9484,#9486,.T.);
#7696=EDGE_CURVE('',#8841,#9487,#9488,.T.);
#7697=EDGE_CURVE('',#9487,#9489,#9490,.T.);
#7698=EDGE_CURVE('',#8835,#9489,#9491,.T.);
#7699=EDGE_CURVE('',#8833,#9492,#9493,.T.);
#7700=EDGE_CURVE('',#9340,#9492,#9494,.T.);
#7701=EDGE_CURVE('',#9495,#9496,#9497,.T.);
#7702=EDGE_CURVE('',#9496,#9498,#9499,.T.);
#7703=EDGE_CURVE('',#9498,#9500,#9501,.T.);
#7704=EDGE_CURVE('',#9502,#9500,#9503,.T.);
#7705=EDGE_CURVE('',#9502,#9504,#9505,.T.);
#7706=EDGE_CURVE('',#9504,#9506,#9507,.T.);
#7707=EDGE_CURVE('',#9506,#9508,#9509,.T.);
#7708=EDGE_CURVE('',#9495,#9508,#9510,.T.);
#7709=EDGE_CURVE('',#9511,#9512,#9513,.T.);
#7710=EDGE_CURVE('',#9512,#9325,#9514,.T.);
#7711=EDGE_CURVE('',#9515,#9329,#9516,.T.);
#7712=EDGE_CURVE('',#9515,#9517,#9518,.T.);
#7713=EDGE_CURVE('',#9517,#9519,#9520,.T.);
#7714=EDGE_CURVE('',#9519,#9521,#9522,.T.);
#7715=EDGE_CURVE('',#9511,#9521,#9523,.T.);
#7716=EDGE_CURVE('',#9524,#9525,#9526,.T.);
#7717=EDGE_CURVE('',#9525,#9527,#9528,.T.);
#7718=EDGE_CURVE('',#9527,#9529,#9530,.T.);
#7719=EDGE_CURVE('',#9531,#9529,#9532,.T.);
#7720=EDGE_CURVE('',#9531,#9533,#9534,.T.);
#7721=EDGE_CURVE('',#9533,#9535,#9536,.T.);
#7722=EDGE_CURVE('',#9535,#9537,#9538,.T.);
#7723=EDGE_CURVE('',#9524,#9537,#9539,.T.);
#7724=EDGE_CURVE('',#9540,#9541,#9542,.T.);
#7725=EDGE_CURVE('',#9541,#9543,#9544,.T.);
#7726=EDGE_CURVE('',#9543,#9545,#9546,.T.);
#7727=EDGE_CURVE('',#9333,#9545,#9547,.T.);
#7728=EDGE_CURVE('',#9337,#9548,#9549,.T.);
#7729=EDGE_CURVE('',#9548,#9550,#9551,.T.);
#7730=EDGE_CURVE('',#9540,#9550,#9552,.T.);
#7731=EDGE_CURVE('',#9553,#9554,#9555,.T.);
#7732=EDGE_CURVE('',#9495,#9553,#9556,.T.);
#7733=EDGE_CURVE('',#9554,#9508,#9557,.T.);
#7734=EDGE_CURVE('',#9558,#9559,#9560,.T.);
#7735=EDGE_CURVE('',#9559,#9554,#9561,.T.);
#7736=EDGE_CURVE('',#9562,#9506,#9563,.T.);
#7737=EDGE_CURVE('',#9562,#9564,#9565,.T.);
#7738=EDGE_CURVE('',#9564,#9558,#9566,.T.);
#7739=EDGE_CURVE('',#9567,#9568,#9569,.T.);
#7740=EDGE_CURVE('',#9568,#9512,#9570,.T.);
#7741=EDGE_CURVE('',#9511,#9571,#9572,.T.);
#7742=EDGE_CURVE('',#9573,#9571,#9574,.T.);
#7743=EDGE_CURVE('',#9573,#9575,#9576,.T.);
#7744=EDGE_CURVE('',#9575,#9567,#9577,.T.);
#7745=EDGE_CURVE('',#9578,#9564,#9579,.T.);
#7746=EDGE_CURVE('',#9578,#9580,#9581,.T.);
#7747=EDGE_CURVE('',#9580,#9558,#9582,.T.);
#7748=EDGE_CURVE('',#9583,#9580,#9584,.T.);
#7749=EDGE_CURVE('',#9585,#9583,#9586,.T.);
#7750=EDGE_CURVE('',#9587,#9585,#9588,.T.);
#7751=EDGE_CURVE('',#9575,#9587,#9589,.T.);
#7752=EDGE_CURVE('',#9573,#9590,#9591,.T.);
#7753=EDGE_CURVE('',#9590,#9592,#9593,.T.);
#7754=EDGE_CURVE('',#9592,#9559,#9594,.T.);
#7755=EDGE_CURVE('',#9595,#9596,#9597,.T.);
#7756=EDGE_CURVE('',#9598,#9595,#9599,.T.);
#7757=EDGE_CURVE('',#9600,#9598,#9601,.T.);
#7758=EDGE_CURVE('',#9602,#9600,#9603,.T.);
#7759=EDGE_CURVE('',#9602,#9604,#9605,.T.);
#7760=EDGE_CURVE('',#9604,#9606,#9607,.T.);
#7761=EDGE_CURVE('',#9606,#9608,#9609,.T.);
#7762=EDGE_CURVE('',#9608,#9610,#9611,.T.);
#7763=EDGE_CURVE('',#9610,#9612,#9613,.T.);
#7764=EDGE_CURVE('',#9596,#9612,#9614,.T.);
#7765=EDGE_CURVE('',#9615,#9553,#9616,.T.);
#7766=EDGE_CURVE('',#9617,#9592,#9618,.T.);
#7767=EDGE_CURVE('',#9617,#9615,#9619,.T.);
#7768=EDGE_CURVE('',#9620,#9621,#9622,.T.);
#7769=EDGE_CURVE('',#9621,#9623,#9624,.T.);
#7770=EDGE_CURVE('',#9625,#9623,#9626,.T.);
#7771=EDGE_CURVE('',#9615,#9625,#9627,.T.);
#7772=EDGE_CURVE('',#9617,#9620,#9628,.T.);
#7773=EDGE_CURVE('',#9629,#9590,#9630,.T.);
#7774=EDGE_CURVE('',#9629,#9631,#9632,.T.);
#7775=EDGE_CURVE('',#9633,#9631,#9634,.T.);
#7776=EDGE_CURVE('',#9635,#9633,#9636,.T.);
#7777=EDGE_CURVE('',#9620,#9635,#9637,.T.);
#7778=EDGE_CURVE('',#9635,#9638,#9639,.T.);
#7779=EDGE_CURVE('',#9638,#9621,#9640,.T.);
#7780=EDGE_CURVE('',#9641,#9642,#9643,.T.);
#7781=EDGE_CURVE('',#9623,#9641,#9644,.T.);
#7782=EDGE_CURVE('',#9645,#9638,#9646,.T.);
#7783=EDGE_CURVE('',#9647,#9645,#9648,.T.);
#7784=EDGE_CURVE('',#9649,#9647,#9650,.T.);
#7785=EDGE_CURVE('',#9651,#9649,#9652,.T.);
#7786=EDGE_CURVE('',#9653,#9651,#9654,.T.);
#7787=EDGE_CURVE('',#9653,#9642,#9655,.T.);
#7788=EDGE_CURVE('',#9656,#9653,#9657,.T.);
#7789=EDGE_CURVE('',#9658,#9656,#9659,.T.);
#7790=EDGE_CURVE('',#9658,#9660,#9661,.T.);
#7791=EDGE_CURVE('',#9662,#9660,#9663,.T.);
#7792=EDGE_CURVE('',#9642,#9662,#9664,.T.);
#7793=EDGE_CURVE('',#9665,#9662,#9666,.T.);
#7794=EDGE_CURVE('',#9665,#9641,#9667,.T.);
#7795=EDGE_CURVE('',#9665,#9625,#9668,.T.);
#7796=EDGE_CURVE('',#9662,#9669,#9670,.T.);
#7797=EDGE_CURVE('',#9669,#9496,#9671,.T.);
#7798=EDGE_CURVE('',#9672,#9498,#9673,.T.);
#7799=EDGE_CURVE('',#9672,#9669,#9674,.T.);
#7800=EDGE_CURVE('',#9675,#9676,#9677,.T.);
#7801=EDGE_CURVE('',#9676,#9672,#9678,.T.);
#7802=EDGE_CURVE('',#9679,#9656,#9680,.T.);
#7803=EDGE_CURVE('',#9679,#9681,#9682,.T.);
#7804=EDGE_CURVE('',#9681,#9683,#9684,.T.);
#7805=EDGE_CURVE('',#9685,#9683,#9686,.T.);
#7806=EDGE_CURVE('',#9687,#9685,#9688,.T.);
#7807=EDGE_CURVE('',#9689,#9687,#9690,.T.);
#7808=EDGE_CURVE('',#9689,#9691,#9692,.T.);
#7809=EDGE_CURVE('',#9691,#9693,#9694,.T.);
#7810=EDGE_CURVE('',#9695,#9693,#9696,.T.);
#7811=EDGE_CURVE('',#9695,#9697,#9698,.T.);
#7812=EDGE_CURVE('',#9697,#9699,#9700,.T.);
#7813=EDGE_CURVE('',#9699,#9701,#9702,.T.);
#7814=EDGE_CURVE('',#9703,#9701,#9704,.T.);
#7815=EDGE_CURVE('',#9703,#9705,#9706,.T.);
#7816=EDGE_CURVE('',#9707,#9705,#9708,.T.);
#7817=EDGE_CURVE('',#9707,#9709,#9710,.T.);
#7818=EDGE_CURVE('',#9711,#9709,#9712,.T.);
#7819=EDGE_CURVE('',#9711,#9713,#9714,.T.);
#7820=EDGE_CURVE('',#9713,#9715,#9716,.T.);
#7821=EDGE_CURVE('',#9717,#9715,#9718,.T.);
#7822=EDGE_CURVE('',#9719,#9717,#9720,.T.);
#7823=EDGE_CURVE('',#9721,#9719,#9722,.T.);
#7824=EDGE_CURVE('',#9721,#9723,#9724,.T.);
#7825=EDGE_CURVE('',#9723,#9725,#9726,.T.);
#7826=EDGE_CURVE('',#9675,#9725,#9727,.T.);
#7827=EDGE_CURVE('',#9728,#9729,#9730,.T.);
#7828=EDGE_CURVE('',#9729,#9731,#9732,.T.);
#7829=EDGE_CURVE('',#9731,#9733,#9734,.T.);
#7830=EDGE_CURVE('',#9733,#9728,#9735,.T.);
#7831=EDGE_CURVE('',#9736,#9733,#9737,.T.);
#7832=EDGE_CURVE('',#9736,#9738,#9739,.T.);
#7833=EDGE_CURVE('',#9738,#9728,#9740,.T.);
#7834=EDGE_CURVE('',#9738,#9741,#9742,.T.);
#7835=EDGE_CURVE('',#9741,#9729,#9743,.T.);
#7836=EDGE_CURVE('',#9744,#9731,#9745,.T.);
#7837=EDGE_CURVE('',#9741,#9744,#9746,.T.);
#7838=EDGE_CURVE('',#9741,#9747,#9748,.T.);
#7839=EDGE_CURVE('',#9749,#9747,#9750,.T.);
#7840=EDGE_CURVE('',#9744,#9749,#9751,.T.);
#7841=EDGE_CURVE('',#9752,#9749,#9753,.T.);
#7842=EDGE_CURVE('',#9736,#9752,#9754,.T.);
#7843=EDGE_CURVE('',#9744,#9736,#9755,.T.);
#7844=EDGE_CURVE('',#9756,#9752,#9757,.T.);
#7845=EDGE_CURVE('',#9738,#9756,#9758,.T.);
#7846=EDGE_CURVE('',#9747,#9756,#9759,.T.);
#7847=EDGE_CURVE('',#9760,#9725,#9761,.T.);
#7848=EDGE_CURVE('',#9762,#9760,#9763,.T.);
#7849=EDGE_CURVE('',#9764,#9762,#9765,.T.);
#7850=EDGE_CURVE('',#9675,#9764,#9766,.T.);
#7851=EDGE_CURVE('',#9676,#9764,#9767,.T.);
#7852=EDGE_CURVE('',#9768,#9769,#9770,.T.);
#7853=EDGE_CURVE('',#9771,#9769,#9772,.T.);
#7854=EDGE_CURVE('',#9773,#9771,#9774,.T.);
#7855=EDGE_CURVE('',#9775,#9773,#9776,.T.);
#7856=EDGE_CURVE('',#9775,#9768,#9777,.T.);
#7857=EDGE_CURVE('',#9778,#9779,#9780,.T.);
#7858=EDGE_CURVE('',#9779,#9781,#9782,.T.);
#7859=EDGE_CURVE('',#9781,#9783,#9784,.T.);
#7860=EDGE_CURVE('',#9785,#9783,#9786,.T.);
#7861=EDGE_CURVE('',#9785,#9778,#9787,.T.);
#7862=EDGE_CURVE('',#9764,#9788,#9789,.T.);
#7863=EDGE_CURVE('',#9788,#9790,#9791,.T.);
#7864=EDGE_CURVE('',#9790,#9792,#9793,.T.);
#7865=EDGE_CURVE('',#9792,#9794,#9795,.T.);
#7866=EDGE_CURVE('',#9500,#9794,#9796,.T.);
#7867=EDGE_CURVE('',#9768,#9797,#9798,.T.);
#7868=EDGE_CURVE('',#9775,#9799,#9800,.T.);
#7869=EDGE_CURVE('',#9799,#9797,#9801,.T.);
#7870=EDGE_CURVE('',#9802,#9760,#9803,.T.);
#7871=EDGE_CURVE('',#9804,#9802,#9805,.T.);
#7872=EDGE_CURVE('',#9806,#9804,#9807,.T.);
#7873=EDGE_CURVE('',#9808,#9806,#9809,.T.);
#7874=EDGE_CURVE('',#9810,#9808,#9811,.T.);
#7875=EDGE_CURVE('',#9812,#9810,#9813,.T.);
#7876=EDGE_CURVE('',#9797,#9812,#9814,.T.);
#7877=EDGE_CURVE('',#9799,#9815,#9816,.T.);
#7878=EDGE_CURVE('',#9817,#9815,#9818,.T.);
#7879=EDGE_CURVE('',#9819,#9817,#9820,.T.);
#7880=EDGE_CURVE('',#9821,#9819,#9822,.T.);
#7881=EDGE_CURVE('',#9762,#9821,#9823,.T.);
#7882=EDGE_CURVE('',#9824,#9825,#9826,.T.);
#7883=EDGE_CURVE('',#9827,#9824,#9828,.T.);
#7884=EDGE_CURVE('',#9829,#9827,#9830,.T.);
#7885=EDGE_CURVE('',#9831,#9829,#9832,.T.);
#7886=EDGE_CURVE('',#9833,#9831,#9834,.T.);
#7887=EDGE_CURVE('',#9835,#9833,#9836,.T.);
#7888=EDGE_CURVE('',#9837,#9835,#9838,.T.);
#7889=EDGE_CURVE('',#9839,#9837,#9840,.T.);
#7890=EDGE_CURVE('',#9841,#9839,#9842,.T.);
#7891=EDGE_CURVE('',#9843,#9841,#9844,.T.);
#7892=EDGE_CURVE('',#9845,#9843,#9846,.T.);
#7893=EDGE_CURVE('',#9847,#9845,#9848,.T.);
#7894=EDGE_CURVE('',#9847,#9849,#9850,.T.);
#7895=EDGE_CURVE('',#9849,#9825,#9851,.T.);
#7896=EDGE_CURVE('',#9788,#9821,#9852,.T.);
#7897=EDGE_CURVE('',#9790,#9819,#9853,.T.);
#7898=EDGE_CURVE('',#9792,#9817,#9854,.T.);
#7899=EDGE_CURVE('',#9794,#9815,#9855,.T.);
#7900=EDGE_CURVE('',#9856,#9773,#9857,.T.);
#7901=EDGE_CURVE('',#9856,#9502,#9858,.T.);
#7902=EDGE_CURVE('',#9859,#9527,#9860,.T.);
#7903=EDGE_CURVE('',#9859,#9861,#9862,.T.);
#7904=EDGE_CURVE('',#9861,#9529,#9863,.T.);
#7905=EDGE_CURVE('',#9864,#9856,#9865,.T.);
#7906=EDGE_CURVE('',#9864,#9504,#9866,.T.);
#7907=EDGE_CURVE('',#9307,#9867,#9868,.T.);
#7908=EDGE_CURVE('',#9305,#9869,#9870,.T.);
#7909=EDGE_CURVE('',#9871,#9869,#9872,.T.);
#7910=EDGE_CURVE('',#9299,#9871,#9873,.T.);
#7911=EDGE_CURVE('',#9297,#9874,#9875,.T.);
#7912=EDGE_CURVE('',#9876,#9874,#9877,.T.);
#7913=EDGE_CURVE('',#9291,#9876,#9878,.T.);
#7914=EDGE_CURVE('',#9289,#9879,#9880,.T.);
#7915=EDGE_CURVE('',#9881,#9879,#9882,.T.);
#7916=EDGE_CURVE('',#9283,#9881,#9883,.T.);
#7917=EDGE_CURVE('',#9281,#9884,#9885,.T.);
#7918=EDGE_CURVE('',#9886,#9884,#9887,.T.);
#7919=EDGE_CURVE('',#9275,#9886,#9888,.T.);
#7920=EDGE_CURVE('',#9273,#9889,#9890,.T.);
#7921=EDGE_CURVE('',#9891,#9889,#9892,.T.);
#7922=EDGE_CURVE('',#9267,#9891,#9893,.T.);
#7923=EDGE_CURVE('',#9265,#9894,#9895,.T.);
#7924=EDGE_CURVE('',#9896,#9894,#9897,.T.);
#7925=EDGE_CURVE('',#9259,#9896,#9898,.T.);
#7926=EDGE_CURVE('',#9257,#9899,#9900,.T.);
#7927=EDGE_CURVE('',#9901,#9899,#9902,.T.);
#7928=EDGE_CURVE('',#9251,#9901,#9903,.T.);
#7929=EDGE_CURVE('',#9249,#9904,#9905,.T.);
#7930=EDGE_CURVE('',#9906,#9904,#9907,.T.);
#7931=EDGE_CURVE('',#9243,#9906,#9908,.T.);
#7932=EDGE_CURVE('',#9241,#9909,#9910,.T.);
#7933=EDGE_CURVE('',#9911,#9909,#9912,.T.);
#7934=EDGE_CURVE('',#9235,#9911,#9913,.T.);
#7935=EDGE_CURVE('',#9233,#9914,#9915,.T.);
#7936=EDGE_CURVE('',#9916,#9914,#9917,.T.);
#7937=EDGE_CURVE('',#9227,#9916,#9918,.T.);
#7938=EDGE_CURVE('',#9225,#9919,#9920,.T.);
#7939=EDGE_CURVE('',#9921,#9919,#9922,.T.);
#7940=EDGE_CURVE('',#9219,#9921,#9923,.T.);
#7941=EDGE_CURVE('',#9217,#9924,#9925,.T.);
#7942=EDGE_CURVE('',#9926,#9924,#9927,.T.);
#7943=EDGE_CURVE('',#9211,#9926,#9928,.T.);
#7944=EDGE_CURVE('',#9209,#9929,#9930,.T.);
#7945=EDGE_CURVE('',#9931,#9929,#9932,.T.);
#7946=EDGE_CURVE('',#9203,#9931,#9933,.T.);
#7947=EDGE_CURVE('',#9201,#9934,#9935,.T.);
#7948=EDGE_CURVE('',#9936,#9934,#9937,.T.);
#7949=EDGE_CURVE('',#9195,#9936,#9938,.T.);
#7950=EDGE_CURVE('',#9193,#9939,#9940,.T.);
#7951=EDGE_CURVE('',#9941,#9939,#9942,.T.);
#7952=EDGE_CURVE('',#9187,#9941,#9943,.T.);
#7953=EDGE_CURVE('',#9185,#9944,#9945,.T.);
#7954=EDGE_CURVE('',#9946,#9944,#9947,.T.);
#7955=EDGE_CURVE('',#9179,#9946,#9948,.T.);
#7956=EDGE_CURVE('',#9177,#9949,#9950,.T.);
#7957=EDGE_CURVE('',#9951,#9949,#9952,.T.);
#7958=EDGE_CURVE('',#9171,#9951,#9953,.T.);
#7959=EDGE_CURVE('',#9169,#9954,#9955,.T.);
#7960=EDGE_CURVE('',#9956,#9954,#9957,.T.);
#7961=EDGE_CURVE('',#9163,#9956,#9958,.T.);
#7962=EDGE_CURVE('',#9161,#9959,#9960,.T.);
#7963=EDGE_CURVE('',#9961,#9959,#9962,.T.);
#7964=EDGE_CURVE('',#9155,#9961,#9963,.T.);
#7965=EDGE_CURVE('',#9153,#9964,#9965,.T.);
#7966=EDGE_CURVE('',#9966,#9964,#9967,.T.);
#7967=EDGE_CURVE('',#9147,#9966,#9968,.T.);
#7968=EDGE_CURVE('',#9145,#9969,#9970,.T.);
#7969=EDGE_CURVE('',#9971,#9969,#9972,.T.);
#7970=EDGE_CURVE('',#9139,#9971,#9973,.T.);
#7971=EDGE_CURVE('',#9137,#9974,#9975,.T.);
#7972=EDGE_CURVE('',#9976,#9974,#9977,.T.);
#7973=EDGE_CURVE('',#9131,#9976,#9978,.T.);
#7974=EDGE_CURVE('',#9129,#9979,#9980,.T.);
#7975=EDGE_CURVE('',#9981,#9979,#9982,.T.);
#7976=EDGE_CURVE('',#9123,#9981,#9983,.T.);
#7977=EDGE_CURVE('',#9121,#9984,#9985,.T.);
#7978=EDGE_CURVE('',#9986,#9984,#9987,.T.);
#7979=EDGE_CURVE('',#9115,#9986,#9988,.T.);
#7980=EDGE_CURVE('',#9113,#9989,#9990,.T.);
#7981=EDGE_CURVE('',#9991,#9989,#9992,.T.);
#7982=EDGE_CURVE('',#9107,#9991,#9993,.T.);
#7983=EDGE_CURVE('',#9105,#9994,#9995,.T.);
#7984=EDGE_CURVE('',#9996,#9994,#9997,.T.);
#7985=EDGE_CURVE('',#9099,#9996,#9998,.T.);
#7986=EDGE_CURVE('',#9097,#9999,#10000,.T.);
#7987=EDGE_CURVE('',#10001,#9999,#10002,.T.);
#7988=EDGE_CURVE('',#9091,#10001,#10003,.T.);
#7989=EDGE_CURVE('',#9089,#10004,#10005,.T.);
#7990=EDGE_CURVE('',#10006,#10004,#10007,.T.);
#7991=EDGE_CURVE('',#9083,#10006,#10008,.T.);
#7992=EDGE_CURVE('',#9081,#10009,#10010,.T.);
#7993=EDGE_CURVE('',#10011,#10009,#10012,.T.);
#7994=EDGE_CURVE('',#9076,#10011,#10013,.T.);
#7995=EDGE_CURVE('',#9321,#10014,#10015,.T.);
#7996=EDGE_CURVE('',#10016,#10014,#10017,.T.);
#7997=EDGE_CURVE('',#9315,#10016,#10018,.T.);
#7998=EDGE_CURVE('',#9313,#10019,#10020,.T.);
#7999=EDGE_CURVE('',#9867,#10019,#10021,.T.);
#8000=EDGE_CURVE('',#10022,#9831,#10023,.T.);
#8001=EDGE_CURVE('',#9531,#10022,#10024,.T.);
#8002=EDGE_CURVE('',#10025,#9861,#10026,.T.);
#8003=EDGE_CURVE('',#10027,#10025,#10028,.T.);
#8004=EDGE_CURVE('',#10027,#9833,#10029,.T.);
#8005=EDGE_CURVE('',#10030,#10027,#10031,.T.);
#8006=EDGE_CURVE('',#10030,#9835,#10032,.T.);
#8007=EDGE_CURVE('',#10033,#10030,#10034,.T.);
#8008=EDGE_CURVE('',#10033,#9837,#10035,.T.);
#8009=EDGE_CURVE('',#10036,#10033,#10037,.T.);
#8010=EDGE_CURVE('',#10038,#10036,#10039,.T.);
#8011=EDGE_CURVE('',#10040,#10038,#10041,.T.);
#8012=EDGE_CURVE('',#10040,#10042,#10043,.T.);
#8013=EDGE_CURVE('',#9839,#10042,#10044,.T.);
#8014=EDGE_CURVE('',#10042,#10045,#10046,.T.);
#8015=EDGE_CURVE('',#10045,#9841,#10047,.T.);
#8016=EDGE_CURVE('',#9808,#10048,#10049,.T.);
#8017=EDGE_CURVE('',#10048,#10050,#10051,.T.);
#8018=EDGE_CURVE('',#10050,#9810,#10052,.T.);
#8019=EDGE_CURVE('',#10053,#10054,#10055,.T.);
#8020=EDGE_CURVE('',#10053,#10056,#10057,.T.);
#8021=EDGE_CURVE('',#10056,#9843,#10058,.T.);
#8022=EDGE_CURVE('',#10059,#10045,#10060,.T.);
#8023=EDGE_CURVE('',#10054,#10059,#10061,.T.);
#8024=EDGE_CURVE('',#10062,#10063,#10064,.T.);
#8025=EDGE_CURVE('',#10062,#10065,#10066,.T.);
#8026=EDGE_CURVE('',#10067,#10065,#10068,.T.);
#8027=EDGE_CURVE('',#10067,#10063,#10069,.T.);
#8028=EDGE_CURVE('',#10054,#10038,#10070,.T.);
#8029=EDGE_CURVE('',#10040,#10059,#10071,.T.);
#8030=EDGE_CURVE('',#9771,#10067,#10072,.T.);
#8031=EDGE_CURVE('',#9769,#9812,#10073,.T.);
#8032=EDGE_CURVE('',#10063,#10050,#10074,.T.);
#8033=EDGE_CURVE('',#10062,#10048,#10075,.T.);
#8034=EDGE_CURVE('',#9778,#9806,#10076,.T.);
#8035=EDGE_CURVE('',#10065,#9785,#10077,.T.);
#8036=EDGE_CURVE('',#10053,#10036,#10078,.T.);
#8037=EDGE_CURVE('',#9771,#9785,#10079,.T.);
#8038=EDGE_CURVE('',#9864,#9562,#10080,.T.);
#8039=EDGE_CURVE('',#9783,#10081,#10082,.T.);
#8040=EDGE_CURVE('',#10081,#10083,#10084,.T.);
#8041=EDGE_CURVE('',#10085,#10083,#10086,.T.);
#8042=EDGE_CURVE('',#10085,#10053,#10087,.T.);
#8043=EDGE_CURVE('',#10036,#10025,#10088,.T.);
#8044=EDGE_CURVE('',#10089,#9859,#10090,.T.);
#8045=EDGE_CURVE('',#10091,#10089,#10092,.T.);
#8046=EDGE_CURVE('',#10091,#10093,#10094,.T.);
#8047=EDGE_CURVE('',#10093,#10095,#10096,.T.);
#8048=EDGE_CURVE('',#10095,#10097,#10098,.T.);
#8049=EDGE_CURVE('',#10097,#10099,#10100,.T.);
#8050=EDGE_CURVE('',#10099,#10101,#10102,.T.);
#8051=EDGE_CURVE('',#10103,#10101,#10104,.T.);
#8052=EDGE_CURVE('',#9335,#10103,#10105,.T.);
#8053=EDGE_CURVE('',#9332,#10106,#10107,.T.);
#8054=EDGE_CURVE('',#10106,#10108,#10109,.T.);
#8055=EDGE_CURVE('',#10110,#10108,#10111,.T.);
#8056=EDGE_CURVE('',#10110,#10112,#10113,.T.);
#8057=EDGE_CURVE('',#10114,#10112,#10115,.T.);
#8058=EDGE_CURVE('',#10116,#10114,#10117,.T.);
#8059=EDGE_CURVE('',#10116,#10118,#10119,.T.);
#8060=EDGE_CURVE('',#10118,#10120,#10121,.T.);
#8061=EDGE_CURVE('',#10122,#10120,#10123,.T.);
#8062=EDGE_CURVE('',#10122,#10124,#10125,.T.);
#8063=EDGE_CURVE('',#10124,#9327,#10126,.T.);
#8064=EDGE_CURVE('',#9568,#9324,#10127,.T.);
#8065=EDGE_CURVE('',#9567,#10128,#10129,.T.);
#8066=EDGE_CURVE('',#10128,#10130,#10131,.T.);
#8067=EDGE_CURVE('',#10130,#10132,#10133,.T.);
#8068=EDGE_CURVE('',#10132,#9578,#10134,.T.);
#8069=EDGE_CURVE('',#10132,#9583,#10135,.T.);
#8070=EDGE_CURVE('',#10130,#9585,#10136,.T.);
#8071=EDGE_CURVE('',#10128,#9587,#10137,.T.);
#8072=EDGE_CURVE('',#10138,#10139,#10140,.T.);
#8073=EDGE_CURVE('',#9515,#10138,#10141,.T.);
#8074=EDGE_CURVE('',#10142,#10124,#10143,.T.);
#8075=EDGE_CURVE('',#10142,#10144,#10145,.T.);
#8076=EDGE_CURVE('',#10144,#10139,#10146,.T.);
#8077=EDGE_CURVE('',#10147,#10148,#10149,.T.);
#8078=EDGE_CURVE('',#10148,#10150,#10151,.T.);
#8079=EDGE_CURVE('',#10150,#10152,#10153,.T.);
#8080=EDGE_CURVE('',#10152,#10139,#10154,.T.);
#8081=EDGE_CURVE('',#10144,#10155,#10156,.T.);
#8082=EDGE_CURVE('',#10155,#10157,#10158,.T.);
#8083=EDGE_CURVE('',#10157,#10159,#10160,.T.);
#8084=EDGE_CURVE('',#10159,#10161,#10162,.T.);
#8085=EDGE_CURVE('',#10161,#10163,#10164,.T.);
#8086=EDGE_CURVE('',#10163,#10165,#10166,.T.);
#8087=EDGE_CURVE('',#10165,#10167,#10168,.T.);
#8088=EDGE_CURVE('',#10167,#10169,#10170,.T.);
#8089=EDGE_CURVE('',#10169,#10147,#10171,.T.);
#8090=EDGE_CURVE('',#10172,#10173,#10174,.T.);
#8091=EDGE_CURVE('',#10172,#10175,#10176,.T.);
#8092=EDGE_CURVE('',#10175,#10177,#10178,.T.);
#8093=EDGE_CURVE('',#10177,#10179,#10180,.T.);
#8094=EDGE_CURVE('',#10179,#10181,#10182,.T.);
#8095=EDGE_CURVE('',#10181,#10183,#10184,.T.);
#8096=EDGE_CURVE('',#10183,#10185,#10186,.T.);
#8097=EDGE_CURVE('',#10185,#10187,#10188,.T.);
#8098=EDGE_CURVE('',#10187,#10189,#10190,.T.);
#8099=EDGE_CURVE('',#10189,#10191,#10192,.T.);
#8100=EDGE_CURVE('',#10191,#10193,#10194,.T.);
#8101=EDGE_CURVE('',#10193,#10195,#10196,.T.);
#8102=EDGE_CURVE('',#10195,#10197,#10198,.T.);
#8103=EDGE_CURVE('',#10197,#10173,#10199,.T.);
#8104=EDGE_CURVE('',#9687,#10169,#10200,.T.);
#8105=EDGE_CURVE('',#10201,#9685,#10202,.T.);
#8106=EDGE_CURVE('',#10147,#10201,#10203,.T.);
#8107=EDGE_CURVE('',#10201,#10204,#10205,.T.);
#8108=EDGE_CURVE('',#10204,#10148,#10206,.T.);
#8109=EDGE_CURVE('',#10207,#10150,#10208,.T.);
#8110=EDGE_CURVE('',#10204,#10207,#10209,.T.);
#8111=EDGE_CURVE('',#10122,#10210,#10211,.T.);
#8112=EDGE_CURVE('',#10212,#10210,#10213,.T.);
#8113=EDGE_CURVE('',#10142,#10212,#10214,.T.);
#8114=EDGE_CURVE('',#10215,#10118,#10216,.T.);
#8115=EDGE_CURVE('',#10217,#10215,#10218,.T.);
#8116=EDGE_CURVE('',#10219,#10217,#10220,.T.);
#8117=EDGE_CURVE('',#10120,#10219,#10221,.T.);
#8118=EDGE_CURVE('',#9681,#9517,#10222,.T.);
#8119=EDGE_CURVE('',#10223,#10138,#10224,.T.);
#8120=EDGE_CURVE('',#10207,#10223,#10225,.T.);
#8121=EDGE_CURVE('',#9683,#10201,#10226,.T.);
#8122=EDGE_CURVE('',#10212,#10155,#10227,.T.);
#8123=EDGE_CURVE('',#10210,#10157,#10228,.T.);
#8124=EDGE_CURVE('',#10122,#10229,#10230,.T.);
#8125=EDGE_CURVE('',#10231,#10229,#10232,.T.);
#8126=EDGE_CURVE('',#10231,#10233,#10234,.T.);
#8127=EDGE_CURVE('',#10233,#10159,#10235,.T.);
#8128=EDGE_CURVE('',#10236,#10233,#10237,.T.);
#8129=EDGE_CURVE('',#10161,#10236,#10238,.T.);
#8130=EDGE_CURVE('',#10239,#10179,#10240,.T.);
#8131=EDGE_CURVE('',#10241,#10239,#10242,.T.);
#8132=EDGE_CURVE('',#10181,#10241,#10243,.T.);
#8133=EDGE_CURVE('',#10244,#10120,#10245,.T.);
#8134=EDGE_CURVE('',#10219,#10163,#10246,.T.);
#8135=EDGE_CURVE('',#10247,#10236,#10248,.T.);
#8136=EDGE_CURVE('',#10244,#10247,#10249,.T.);
#8137=EDGE_CURVE('',#10247,#10231,#10250,.T.);
#8138=EDGE_CURVE('',#10229,#10244,#10251,.T.);
#8139=EDGE_CURVE('',#10252,#10253,#10254,.T.);
#8140=EDGE_CURVE('',#10253,#10255,#10256,.T.);
#8141=EDGE_CURVE('',#10255,#10257,#10258,.T.);
#8142=EDGE_CURVE('',#10257,#10252,#10259,.T.);
#8143=EDGE_CURVE('',#10253,#10108,#10260,.T.);
#8144=EDGE_CURVE('',#10110,#10252,#10261,.T.);
#8145=EDGE_CURVE('',#10262,#10177,#10263,.T.);
#8146=EDGE_CURVE('',#10110,#10262,#10264,.T.);
#8147=EDGE_CURVE('',#10257,#10239,#10265,.T.);
#8148=EDGE_CURVE('',#10255,#10241,#10266,.T.);
#8149=EDGE_CURVE('',#10108,#10267,#10268,.T.);
#8150=EDGE_CURVE('',#10267,#10183,#10269,.T.);
#8151=EDGE_CURVE('',#10270,#10185,#10271,.T.);
#8152=EDGE_CURVE('',#10267,#10270,#10272,.T.);
#8153=EDGE_CURVE('',#10273,#10112,#10274,.T.);
#8154=EDGE_CURVE('',#10275,#10262,#10276,.T.);
#8155=EDGE_CURVE('',#10273,#10275,#10277,.T.);
#8156=EDGE_CURVE('',#10278,#10106,#10279,.T.);
#8157=EDGE_CURVE('',#10270,#10278,#10280,.T.);
#8158=EDGE_CURVE('',#10281,#10282,#10283,.T.);
#8159=EDGE_CURVE('',#10284,#10282,#10285,.T.);
#8160=EDGE_CURVE('',#10286,#10284,#10287,.T.);
#8161=EDGE_CURVE('',#10288,#10286,#10289,.T.);
#8162=EDGE_CURVE('',#9545,#10288,#10290,.T.);
#8163=EDGE_CURVE('',#9699,#9543,#10291,.T.);
#8164=EDGE_CURVE('',#9697,#10281,#10292,.T.);
#8165=EDGE_CURVE('',#10275,#10175,#10293,.T.);
#8166=EDGE_CURVE('',#10273,#10172,#10294,.T.);
#8167=EDGE_CURVE('',#9847,#10295,#10296,.T.);
#8168=EDGE_CURVE('',#10295,#10085,#10297,.T.);
#8169=EDGE_CURVE('',#9309,#10083,#10298,.T.);
#8170=EDGE_CURVE('',#9721,#9867,#10299,.T.);
#8171=EDGE_CURVE('',#9719,#9849,#10300,.T.);
#8172=EDGE_CURVE('',#8831,#10114,#10301,.T.);
#8173=EDGE_CURVE('',#10173,#9693,#10302,.T.);
#8174=EDGE_CURVE('',#9492,#9691,#10303,.T.);
#8175=EDGE_CURVE('',#10304,#9717,#10305,.T.);
#8176=EDGE_CURVE('',#9825,#10304,#10306,.T.);
#8177=EDGE_CURVE('',#10304,#10307,#10308,.T.);
#8178=EDGE_CURVE('',#10307,#9824,#10309,.T.);
#8179=EDGE_CURVE('',#10310,#10307,#10311,.T.);
#8180=EDGE_CURVE('',#10310,#9827,#10312,.T.);
#8181=EDGE_CURVE('',#10313,#10310,#10314,.T.);
#8182=EDGE_CURVE('',#10313,#9829,#10315,.T.);
#8183=EDGE_CURVE('',#10022,#10313,#10316,.T.);
#8184=EDGE_CURVE('',#10317,#10056,#10318,.T.);
#8185=EDGE_CURVE('',#10295,#10317,#10319,.T.);
#8186=EDGE_CURVE('',#9713,#9533,#10320,.T.);
#8187=EDGE_CURVE('',#9715,#10304,#10321,.T.);
#8188=EDGE_CURVE('',#10317,#9845,#10322,.T.);
#8189=EDGE_CURVE('',#9711,#9535,#10323,.T.);
#8190=EDGE_CURVE('',#10324,#10325,#10326,.T.);
#8191=EDGE_CURVE('',#10327,#10325,#10328,.T.);
#8192=EDGE_CURVE('',#10329,#10327,#10330,.T.);
#8193=EDGE_CURVE('',#10329,#9537,#10331,.T.);
#8194=EDGE_CURVE('',#9709,#10324,#10332,.T.);
#8195=EDGE_CURVE('',#10333,#10334,#10335,.T.);
#8196=EDGE_CURVE('',#10334,#10324,#10336,.T.);
#8197=EDGE_CURVE('',#9709,#10333,#10337,.T.);
#8198=EDGE_CURVE('',#10333,#10338,#10339,.T.);
#8199=EDGE_CURVE('',#10338,#9703,#10340,.T.);
#8200=EDGE_CURVE('',#9703,#10341,#10342,.T.);
#8201=EDGE_CURVE('',#10343,#10341,#10344,.T.);
#8202=EDGE_CURVE('',#10343,#10338,#10345,.T.);
#8203=EDGE_CURVE('',#10346,#10343,#10347,.T.);
#8204=EDGE_CURVE('',#10348,#10346,#10349,.T.);
#8205=EDGE_CURVE('',#10350,#10348,#10351,.T.);
#8206=EDGE_CURVE('',#10352,#10350,#10353,.T.);
#8207=EDGE_CURVE('',#10354,#10352,#10355,.T.);
#8208=EDGE_CURVE('',#10356,#10354,#10357,.T.);
#8209=EDGE_CURVE('',#10334,#10356,#10358,.T.);
#8210=EDGE_CURVE('',#10356,#10325,#10359,.T.);
#8211=EDGE_CURVE('',#10360,#10361,#10362,.T.);
#8212=EDGE_CURVE('',#10360,#10327,#10363,.T.);
#8213=EDGE_CURVE('',#10354,#10361,#10364,.T.);
#8214=EDGE_CURVE('',#10352,#10365,#10366,.T.);
#8215=EDGE_CURVE('',#10361,#10365,#10367,.T.);
#8216=EDGE_CURVE('',#10365,#10368,#10369,.T.);
#8217=EDGE_CURVE('',#10368,#10370,#10371,.T.);
#8218=EDGE_CURVE('',#10372,#10370,#10373,.T.);
#8219=EDGE_CURVE('',#10372,#9608,#10374,.T.);
#8220=EDGE_CURVE('',#10360,#9606,#10375,.T.);
#8221=EDGE_CURVE('',#9604,#10376,#10377,.T.);
#8222=EDGE_CURVE('',#10376,#10329,#10378,.T.);
#8223=EDGE_CURVE('',#9524,#10376,#10379,.T.);
#8224=EDGE_CURVE('',#9610,#10380,#10381,.T.);
#8225=EDGE_CURVE('',#10380,#9550,#10382,.T.);
#8226=EDGE_CURVE('',#10103,#9548,#10383,.T.);
#8227=EDGE_CURVE('',#10101,#9612,#10384,.T.);
#8228=EDGE_CURVE('',#10089,#9525,#10385,.T.);
#8229=EDGE_CURVE('',#9602,#10091,#10386,.T.);
#8230=EDGE_CURVE('',#10099,#9596,#10387,.T.);
#8231=EDGE_CURVE('',#10097,#9595,#10388,.T.);
#8232=EDGE_CURVE('',#10095,#9598,#10389,.T.);
#8233=EDGE_CURVE('',#10093,#9600,#10390,.T.);
#8234=EDGE_CURVE('',#10391,#10380,#10392,.T.);
#8235=EDGE_CURVE('',#9540,#10391,#10393,.T.);
#8236=EDGE_CURVE('',#9701,#9541,#10394,.T.);
#8237=EDGE_CURVE('',#10395,#10391,#10396,.T.);
#8238=EDGE_CURVE('',#10395,#10397,#10398,.T.);
#8239=EDGE_CURVE('',#10397,#10341,#10399,.T.);
#8240=EDGE_CURVE('',#10346,#10397,#10400,.T.);
#8241=EDGE_CURVE('',#10372,#10395,#10401,.T.);
#8242=EDGE_CURVE('',#10348,#10370,#10402,.T.);
#8243=EDGE_CURVE('',#10350,#10368,#10403,.T.);
#8244=EDGE_CURVE('',#10019,#9723,#10404,.T.);
#8245=EDGE_CURVE('',#9311,#10081,#10405,.T.);
#8246=EDGE_CURVE('',#9802,#9781,#10406,.T.);
#8247=EDGE_CURVE('',#10215,#10167,#10407,.T.);
#8248=EDGE_CURVE('',#8829,#10116,#10408,.T.);
#8249=EDGE_CURVE('',#9689,#9340,#10409,.T.);
#8250=EDGE_CURVE('',#9779,#9804,#10410,.T.);
#8251=EDGE_CURVE('',#10217,#10165,#10411,.T.);
#8252=EDGE_CURVE('',#10281,#10197,#10412,.T.);
#8253=EDGE_CURVE('',#9695,#10281,#10413,.T.);
#8254=EDGE_CURVE('',#10282,#10195,#10414,.T.);
#8255=EDGE_CURVE('',#10284,#10193,#10415,.T.);
#8256=EDGE_CURVE('',#10286,#10191,#10416,.T.);
#8257=EDGE_CURVE('',#10288,#10189,#10417,.T.);
#8258=EDGE_CURVE('',#10278,#10187,#10418,.T.);
#8259=EDGE_CURVE('',#10223,#10152,#10419,.T.);
#8260=EDGE_CURVE('',#9679,#9519,#10420,.T.);
#8261=EDGE_CURVE('',#10421,#10422,#10423,.T.);
#8262=EDGE_CURVE('',#10424,#10421,#10425,.T.);
#8263=EDGE_CURVE('',#10426,#10424,#10427,.T.);
#8264=EDGE_CURVE('',#10426,#9521,#10428,.T.);
#8265=EDGE_CURVE('',#10422,#9656,#10429,.T.);
#8266=EDGE_CURVE('',#10422,#9651,#10430,.T.);
#8267=EDGE_CURVE('',#10421,#9649,#10431,.T.);
#8268=EDGE_CURVE('',#9631,#9647,#10432,.T.);
#8269=EDGE_CURVE('',#9629,#10424,#10433,.T.);
#8270=EDGE_CURVE('',#9571,#10426,#10434,.T.);
#8271=EDGE_CURVE('',#9633,#9645,#10435,.T.);
#8272=EDGE_CURVE('',#10436,#9071,#10437,.T.);
#8273=EDGE_CURVE('',#9342,#10436,#10438,.T.);
#8274=EDGE_CURVE('',#10439,#10016,#10440,.T.);
#8275=EDGE_CURVE('',#9317,#10439,#10441,.T.);
#8276=EDGE_CURVE('',#10436,#10442,#10443,.T.);
#8277=EDGE_CURVE('',#9344,#10442,#10444,.T.);
#8278=EDGE_CURVE('',#10442,#9069,#10445,.T.);
#8279=EDGE_CURVE('',#9319,#10446,#10447,.T.);
#8280=EDGE_CURVE('',#10446,#10014,#10448,.T.);
#8281=EDGE_CURVE('',#10439,#10446,#10449,.T.);
#8282=EDGE_CURVE('',#10450,#9063,#10451,.T.);
#8283=EDGE_CURVE('',#9347,#10450,#10452,.T.);
#8284=EDGE_CURVE('',#10453,#10011,#10454,.T.);
#8285=EDGE_CURVE('',#9077,#10453,#10455,.T.);
#8286=EDGE_CURVE('',#10450,#10456,#10457,.T.);
#8287=EDGE_CURVE('',#9349,#10456,#10458,.T.);
#8288=EDGE_CURVE('',#10456,#9061,#10459,.T.);
#8289=EDGE_CURVE('',#9079,#10460,#10461,.T.);
#8290=EDGE_CURVE('',#10460,#10009,#10462,.T.);
#8291=EDGE_CURVE('',#10453,#10460,#10463,.T.);
#8292=EDGE_CURVE('',#10464,#9055,#10465,.T.);
#8293=EDGE_CURVE('',#9352,#10464,#10466,.T.);
#8294=EDGE_CURVE('',#10467,#10006,#10468,.T.);
#8295=EDGE_CURVE('',#9085,#10467,#10469,.T.);
#8296=EDGE_CURVE('',#10464,#10470,#10471,.T.);
#8297=EDGE_CURVE('',#9354,#10470,#10472,.T.);
#8298=EDGE_CURVE('',#10470,#9053,#10473,.T.);
#8299=EDGE_CURVE('',#9087,#10474,#10475,.T.);
#8300=EDGE_CURVE('',#10474,#10004,#10476,.T.);
#8301=EDGE_CURVE('',#10467,#10474,#10477,.T.);
#8302=EDGE_CURVE('',#10478,#9047,#10479,.T.);
#8303=EDGE_CURVE('',#9357,#10478,#10480,.T.);
#8304=EDGE_CURVE('',#10481,#10001,#10482,.T.);
#8305=EDGE_CURVE('',#9093,#10481,#10483,.T.);
#8306=EDGE_CURVE('',#10478,#10484,#10485,.T.);
#8307=EDGE_CURVE('',#9359,#10484,#10486,.T.);
#8308=EDGE_CURVE('',#10484,#9045,#10487,.T.);
#8309=EDGE_CURVE('',#9095,#10488,#10489,.T.);
#8310=EDGE_CURVE('',#10488,#9999,#10490,.T.);
#8311=EDGE_CURVE('',#10481,#10488,#10491,.T.);
#8312=EDGE_CURVE('',#10492,#9039,#10493,.T.);
#8313=EDGE_CURVE('',#9362,#10492,#10494,.T.);
#8314=EDGE_CURVE('',#10495,#9996,#10496,.T.);
#8315=EDGE_CURVE('',#9101,#10495,#10497,.T.);
#8316=EDGE_CURVE('',#10492,#10498,#10499,.T.);
#8317=EDGE_CURVE('',#9364,#10498,#10500,.T.);
#8318=EDGE_CURVE('',#10498,#9037,#10501,.T.);
#8319=EDGE_CURVE('',#9103,#10502,#10503,.T.);
#8320=EDGE_CURVE('',#10502,#9994,#10504,.T.);
#8321=EDGE_CURVE('',#10495,#10502,#10505,.T.);
#8322=EDGE_CURVE('',#10506,#9031,#10507,.T.);
#8323=EDGE_CURVE('',#9367,#10506,#10508,.T.);
#8324=EDGE_CURVE('',#10509,#9991,#10510,.T.);
#8325=EDGE_CURVE('',#9109,#10509,#10511,.T.);
#8326=EDGE_CURVE('',#10506,#10512,#10513,.T.);
#8327=EDGE_CURVE('',#9369,#10512,#10514,.T.);
#8328=EDGE_CURVE('',#10512,#9029,#10515,.T.);
#8329=EDGE_CURVE('',#9111,#10516,#10517,.T.);
#8330=EDGE_CURVE('',#10516,#9989,#10518,.T.);
#8331=EDGE_CURVE('',#10509,#10516,#10519,.T.);
#8332=EDGE_CURVE('',#10520,#9023,#10521,.T.);
#8333=EDGE_CURVE('',#9372,#10520,#10522,.T.);
#8334=EDGE_CURVE('',#10523,#9986,#10524,.T.);
#8335=EDGE_CURVE('',#9117,#10523,#10525,.T.);
#8336=EDGE_CURVE('',#10520,#10526,#10527,.T.);
#8337=EDGE_CURVE('',#9374,#10526,#10528,.T.);
#8338=EDGE_CURVE('',#10526,#9021,#10529,.T.);
#8339=EDGE_CURVE('',#9119,#10530,#10531,.T.);
#8340=EDGE_CURVE('',#10530,#9984,#10532,.T.);
#8341=EDGE_CURVE('',#10523,#10530,#10533,.T.);
#8342=EDGE_CURVE('',#10534,#9015,#10535,.T.);
#8343=EDGE_CURVE('',#9377,#10534,#10536,.T.);
#8344=EDGE_CURVE('',#10537,#9981,#10538,.T.);
#8345=EDGE_CURVE('',#9125,#10537,#10539,.T.);
#8346=EDGE_CURVE('',#10534,#10540,#10541,.T.);
#8347=EDGE_CURVE('',#9379,#10540,#10542,.T.);
#8348=EDGE_CURVE('',#10540,#9013,#10543,.T.);
#8349=EDGE_CURVE('',#9127,#10544,#10545,.T.);
#8350=EDGE_CURVE('',#10544,#9979,#10546,.T.);
#8351=EDGE_CURVE('',#10537,#10544,#10547,.T.);
#8352=EDGE_CURVE('',#10548,#9007,#10549,.T.);
#8353=EDGE_CURVE('',#9382,#10548,#10550,.T.);
#8354=EDGE_CURVE('',#10551,#9976,#10552,.T.);
#8355=EDGE_CURVE('',#9133,#10551,#10553,.T.);
#8356=EDGE_CURVE('',#10548,#10554,#10555,.T.);
#8357=EDGE_CURVE('',#9384,#10554,#10556,.T.);
#8358=EDGE_CURVE('',#10554,#9005,#10557,.T.);
#8359=EDGE_CURVE('',#9135,#10558,#10559,.T.);
#8360=EDGE_CURVE('',#10558,#9974,#10560,.T.);
#8361=EDGE_CURVE('',#10551,#10558,#10561,.T.);
#8362=EDGE_CURVE('',#10562,#8999,#10563,.T.);
#8363=EDGE_CURVE('',#9387,#10562,#10564,.T.);
#8364=EDGE_CURVE('',#10565,#9971,#10566,.T.);
#8365=EDGE_CURVE('',#9141,#10565,#10567,.T.);
#8366=EDGE_CURVE('',#10562,#10568,#10569,.T.);
#8367=EDGE_CURVE('',#9389,#10568,#10570,.T.);
#8368=EDGE_CURVE('',#10568,#8997,#10571,.T.);
#8369=EDGE_CURVE('',#9143,#10572,#10573,.T.);
#8370=EDGE_CURVE('',#10572,#9969,#10574,.T.);
#8371=EDGE_CURVE('',#10565,#10572,#10575,.T.);
#8372=EDGE_CURVE('',#10576,#8991,#10577,.T.);
#8373=EDGE_CURVE('',#9392,#10576,#10578,.T.);
#8374=EDGE_CURVE('',#10579,#9966,#10580,.T.);
#8375=EDGE_CURVE('',#9149,#10579,#10581,.T.);
#8376=EDGE_CURVE('',#10576,#10582,#10583,.T.);
#8377=EDGE_CURVE('',#9394,#10582,#10584,.T.);
#8378=EDGE_CURVE('',#10582,#8989,#10585,.T.);
#8379=EDGE_CURVE('',#9151,#10586,#10587,.T.);
#8380=EDGE_CURVE('',#10586,#9964,#10588,.T.);
#8381=EDGE_CURVE('',#10579,#10586,#10589,.T.);
#8382=EDGE_CURVE('',#10590,#8983,#10591,.T.);
#8383=EDGE_CURVE('',#9397,#10590,#10592,.T.);
#8384=EDGE_CURVE('',#10593,#9961,#10594,.T.);
#8385=EDGE_CURVE('',#9157,#10593,#10595,.T.);
#8386=EDGE_CURVE('',#10590,#10596,#10597,.T.);
#8387=EDGE_CURVE('',#9399,#10596,#10598,.T.);
#8388=EDGE_CURVE('',#10596,#8981,#10599,.T.);
#8389=EDGE_CURVE('',#9159,#10600,#10601,.T.);
#8390=EDGE_CURVE('',#10600,#9959,#10602,.T.);
#8391=EDGE_CURVE('',#10593,#10600,#10603,.T.);
#8392=EDGE_CURVE('',#10604,#8975,#10605,.T.);
#8393=EDGE_CURVE('',#9402,#10604,#10606,.T.);
#8394=EDGE_CURVE('',#10607,#9956,#10608,.T.);
#8395=EDGE_CURVE('',#9165,#10607,#10609,.T.);
#8396=EDGE_CURVE('',#10604,#10610,#10611,.T.);
#8397=EDGE_CURVE('',#9404,#10610,#10612,.T.);
#8398=EDGE_CURVE('',#10610,#8973,#10613,.T.);
#8399=EDGE_CURVE('',#9167,#10614,#10615,.T.);
#8400=EDGE_CURVE('',#10614,#9954,#10616,.T.);
#8401=EDGE_CURVE('',#10607,#10614,#10617,.T.);
#8402=EDGE_CURVE('',#10618,#8967,#10619,.T.);
#8403=EDGE_CURVE('',#9407,#10618,#10620,.T.);
#8404=EDGE_CURVE('',#10621,#9951,#10622,.T.);
#8405=EDGE_CURVE('',#9173,#10621,#10623,.T.);
#8406=EDGE_CURVE('',#10618,#10624,#10625,.T.);
#8407=EDGE_CURVE('',#9409,#10624,#10626,.T.);
#8408=EDGE_CURVE('',#10624,#8965,#10627,.T.);
#8409=EDGE_CURVE('',#9175,#10628,#10629,.T.);
#8410=EDGE_CURVE('',#10628,#9949,#10630,.T.);
#8411=EDGE_CURVE('',#10621,#10628,#10631,.T.);
#8412=EDGE_CURVE('',#10632,#8959,#10633,.T.);
#8413=EDGE_CURVE('',#9412,#10632,#10634,.T.);
#8414=EDGE_CURVE('',#10635,#9946,#10636,.T.);
#8415=EDGE_CURVE('',#9181,#10635,#10637,.T.);
#8416=EDGE_CURVE('',#10632,#10638,#10639,.T.);
#8417=EDGE_CURVE('',#9414,#10638,#10640,.T.);
#8418=EDGE_CURVE('',#10638,#8957,#10641,.T.);
#8419=EDGE_CURVE('',#9183,#10642,#10643,.T.);
#8420=EDGE_CURVE('',#10642,#9944,#10644,.T.);
#8421=EDGE_CURVE('',#10635,#10642,#10645,.T.);
#8422=EDGE_CURVE('',#10646,#8951,#10647,.T.);
#8423=EDGE_CURVE('',#9417,#10646,#10648,.T.);
#8424=EDGE_CURVE('',#10649,#9941,#10650,.T.);
#8425=EDGE_CURVE('',#9189,#10649,#10651,.T.);
#8426=EDGE_CURVE('',#10646,#10652,#10653,.T.);
#8427=EDGE_CURVE('',#9419,#10652,#10654,.T.);
#8428=EDGE_CURVE('',#10652,#8949,#10655,.T.);
#8429=EDGE_CURVE('',#9191,#10656,#10657,.T.);
#8430=EDGE_CURVE('',#10656,#9939,#10658,.T.);
#8431=EDGE_CURVE('',#10649,#10656,#10659,.T.);
#8432=EDGE_CURVE('',#10660,#8943,#10661,.T.);
#8433=EDGE_CURVE('',#9422,#10660,#10662,.T.);
#8434=EDGE_CURVE('',#10663,#9936,#10664,.T.);
#8435=EDGE_CURVE('',#9197,#10663,#10665,.T.);
#8436=EDGE_CURVE('',#10660,#10666,#10667,.T.);
#8437=EDGE_CURVE('',#9424,#10666,#10668,.T.);
#8438=EDGE_CURVE('',#10666,#8941,#10669,.T.);
#8439=EDGE_CURVE('',#9199,#10670,#10671,.T.);
#8440=EDGE_CURVE('',#10670,#9934,#10672,.T.);
#8441=EDGE_CURVE('',#10663,#10670,#10673,.T.);
#8442=EDGE_CURVE('',#10674,#8935,#10675,.T.);
#8443=EDGE_CURVE('',#9427,#10674,#10676,.T.);
#8444=EDGE_CURVE('',#10677,#9931,#10678,.T.);
#8445=EDGE_CURVE('',#9205,#10677,#10679,.T.);
#8446=EDGE_CURVE('',#10674,#10680,#10681,.T.);
#8447=EDGE_CURVE('',#9429,#10680,#10682,.T.);
#8448=EDGE_CURVE('',#10680,#8933,#10683,.T.);
#8449=EDGE_CURVE('',#9207,#10684,#10685,.T.);
#8450=EDGE_CURVE('',#10684,#9929,#10686,.T.);
#8451=EDGE_CURVE('',#10677,#10684,#10687,.T.);
#8452=EDGE_CURVE('',#10688,#8927,#10689,.T.);
#8453=EDGE_CURVE('',#9432,#10688,#10690,.T.);
#8454=EDGE_CURVE('',#10691,#9926,#10692,.T.);
#8455=EDGE_CURVE('',#9213,#10691,#10693,.T.);
#8456=EDGE_CURVE('',#10688,#10694,#10695,.T.);
#8457=EDGE_CURVE('',#9434,#10694,#10696,.T.);
#8458=EDGE_CURVE('',#10694,#8925,#10697,.T.);
#8459=EDGE_CURVE('',#9215,#10698,#10699,.T.);
#8460=EDGE_CURVE('',#10698,#9924,#10700,.T.);
#8461=EDGE_CURVE('',#10691,#10698,#10701,.T.);
#8462=EDGE_CURVE('',#10702,#8919,#10703,.T.);
#8463=EDGE_CURVE('',#9437,#10702,#10704,.T.);
#8464=EDGE_CURVE('',#10705,#9921,#10706,.T.);
#8465=EDGE_CURVE('',#9221,#10705,#10707,.T.);
#8466=EDGE_CURVE('',#10702,#10708,#10709,.T.);
#8467=EDGE_CURVE('',#9439,#10708,#10710,.T.);
#8468=EDGE_CURVE('',#10708,#8917,#10711,.T.);
#8469=EDGE_CURVE('',#9223,#10712,#10713,.T.);
#8470=EDGE_CURVE('',#10712,#9919,#10714,.T.);
#8471=EDGE_CURVE('',#10705,#10712,#10715,.T.);
#8472=EDGE_CURVE('',#10716,#8911,#10717,.T.);
#8473=EDGE_CURVE('',#9442,#10716,#10718,.T.);
#8474=EDGE_CURVE('',#10719,#9916,#10720,.T.);
#8475=EDGE_CURVE('',#9229,#10719,#10721,.T.);
#8476=EDGE_CURVE('',#10716,#10722,#10723,.T.);
#8477=EDGE_CURVE('',#9444,#10722,#10724,.T.);
#8478=EDGE_CURVE('',#10722,#8909,#10725,.T.);
#8479=EDGE_CURVE('',#9231,#10726,#10727,.T.);
#8480=EDGE_CURVE('',#10726,#9914,#10728,.T.);
#8481=EDGE_CURVE('',#10719,#10726,#10729,.T.);
#8482=EDGE_CURVE('',#10730,#8903,#10731,.T.);
#8483=EDGE_CURVE('',#9447,#10730,#10732,.T.);
#8484=EDGE_CURVE('',#10733,#9911,#10734,.T.);
#8485=EDGE_CURVE('',#9237,#10733,#10735,.T.);
#8486=EDGE_CURVE('',#10730,#10736,#10737,.T.);
#8487=EDGE_CURVE('',#9449,#10736,#10738,.T.);
#8488=EDGE_CURVE('',#10736,#8901,#10739,.T.);
#8489=EDGE_CURVE('',#9239,#10740,#10741,.T.);
#8490=EDGE_CURVE('',#10740,#9909,#10742,.T.);
#8491=EDGE_CURVE('',#10733,#10740,#10743,.T.);
#8492=EDGE_CURVE('',#10744,#8895,#10745,.T.);
#8493=EDGE_CURVE('',#9452,#10744,#10746,.T.);
#8494=EDGE_CURVE('',#10747,#9906,#10748,.T.);
#8495=EDGE_CURVE('',#9245,#10747,#10749,.T.);
#8496=EDGE_CURVE('',#10744,#10750,#10751,.T.);
#8497=EDGE_CURVE('',#9454,#10750,#10752,.T.);
#8498=EDGE_CURVE('',#10750,#8893,#10753,.T.);
#8499=EDGE_CURVE('',#9247,#10754,#10755,.T.);
#8500=EDGE_CURVE('',#10754,#9904,#10756,.T.);
#8501=EDGE_CURVE('',#10747,#10754,#10757,.T.);
#8502=EDGE_CURVE('',#10758,#8887,#10759,.T.);
#8503=EDGE_CURVE('',#9457,#10758,#10760,.T.);
#8504=EDGE_CURVE('',#10761,#9901,#10762,.T.);
#8505=EDGE_CURVE('',#9253,#10761,#10763,.T.);
#8506=EDGE_CURVE('',#10758,#10764,#10765,.T.);
#8507=EDGE_CURVE('',#9459,#10764,#10766,.T.);
#8508=EDGE_CURVE('',#10764,#8885,#10767,.T.);
#8509=EDGE_CURVE('',#9255,#10768,#10769,.T.);
#8510=EDGE_CURVE('',#10768,#9899,#10770,.T.);
#8511=EDGE_CURVE('',#10761,#10768,#10771,.T.);
#8512=EDGE_CURVE('',#10772,#8879,#10773,.T.);
#8513=EDGE_CURVE('',#9462,#10772,#10774,.T.);
#8514=EDGE_CURVE('',#10775,#9896,#10776,.T.);
#8515=EDGE_CURVE('',#9261,#10775,#10777,.T.);
#8516=EDGE_CURVE('',#10772,#10778,#10779,.T.);
#8517=EDGE_CURVE('',#9464,#10778,#10780,.T.);
#8518=EDGE_CURVE('',#10778,#8877,#10781,.T.);
#8519=EDGE_CURVE('',#9263,#10782,#10783,.T.);
#8520=EDGE_CURVE('',#10782,#9894,#10784,.T.);
#8521=EDGE_CURVE('',#10775,#10782,#10785,.T.);
#8522=EDGE_CURVE('',#10786,#8871,#10787,.T.);
#8523=EDGE_CURVE('',#9467,#10786,#10788,.T.);
#8524=EDGE_CURVE('',#10789,#9891,#10790,.T.);
#8525=EDGE_CURVE('',#9269,#10789,#10791,.T.);
#8526=EDGE_CURVE('',#10786,#10792,#10793,.T.);
#8527=EDGE_CURVE('',#9469,#10792,#10794,.T.);
#8528=EDGE_CURVE('',#10792,#8869,#10795,.T.);
#8529=EDGE_CURVE('',#9271,#10796,#10797,.T.);
#8530=EDGE_CURVE('',#10796,#9889,#10798,.T.);
#8531=EDGE_CURVE('',#10789,#10796,#10799,.T.);
#8532=EDGE_CURVE('',#10800,#8863,#10801,.T.);
#8533=EDGE_CURVE('',#9472,#10800,#10802,.T.);
#8534=EDGE_CURVE('',#10803,#9886,#10804,.T.);
#8535=EDGE_CURVE('',#9277,#10803,#10805,.T.);
#8536=EDGE_CURVE('',#10800,#10806,#10807,.T.);
#8537=EDGE_CURVE('',#9474,#10806,#10808,.T.);
#8538=EDGE_CURVE('',#10806,#8861,#10809,.T.);
#8539=EDGE_CURVE('',#9279,#10810,#10811,.T.);
#8540=EDGE_CURVE('',#10810,#9884,#10812,.T.);
#8541=EDGE_CURVE('',#10803,#10810,#10813,.T.);
#8542=EDGE_CURVE('',#10814,#8855,#10815,.T.);
#8543=EDGE_CURVE('',#9477,#10814,#10816,.T.);
#8544=EDGE_CURVE('',#10817,#9881,#10818,.T.);
#8545=EDGE_CURVE('',#9285,#10817,#10819,.T.);
#8546=EDGE_CURVE('',#10814,#10820,#10821,.T.);
#8547=EDGE_CURVE('',#9479,#10820,#10822,.T.);
#8548=EDGE_CURVE('',#10820,#8853,#10823,.T.);
#8549=EDGE_CURVE('',#9287,#10824,#10825,.T.);
#8550=EDGE_CURVE('',#10824,#9879,#10826,.T.);
#8551=EDGE_CURVE('',#10817,#10824,#10827,.T.);
#8552=EDGE_CURVE('',#10828,#8847,#10829,.T.);
#8553=EDGE_CURVE('',#9482,#10828,#10830,.T.);
#8554=EDGE_CURVE('',#10831,#9876,#10832,.T.);
#8555=EDGE_CURVE('',#9293,#10831,#10833,.T.);
#8556=EDGE_CURVE('',#10828,#10834,#10835,.T.);
#8557=EDGE_CURVE('',#9484,#10834,#10836,.T.);
#8558=EDGE_CURVE('',#10834,#8845,#10837,.T.);
#8559=EDGE_CURVE('',#9295,#10838,#10839,.T.);
#8560=EDGE_CURVE('',#10838,#9874,#10840,.T.);
#8561=EDGE_CURVE('',#10831,#10838,#10841,.T.);
#8562=EDGE_CURVE('',#10842,#8839,#10843,.T.);
#8563=EDGE_CURVE('',#9487,#10842,#10844,.T.);
#8564=EDGE_CURVE('',#10845,#9871,#10846,.T.);
#8565=EDGE_CURVE('',#9301,#10845,#10847,.T.);
#8566=EDGE_CURVE('',#10842,#10848,#10849,.T.);
#8567=EDGE_CURVE('',#9489,#10848,#10850,.T.);
#8568=EDGE_CURVE('',#10848,#8837,#10851,.T.);
#8569=EDGE_CURVE('',#9303,#10852,#10853,.T.);
#8570=EDGE_CURVE('',#10852,#9869,#10854,.T.);
#8571=EDGE_CURVE('',#10845,#10852,#10855,.T.);
#8572=DIRECTION('',(0.0,0.0,-1.0));
#8573=DIRECTION('',(1.0,0.0,0.0));
#8574=DIRECTION('',(0.0,0.0,1.0));
#8575=DIRECTION('',(-1.0,0.0,0.0));
#8576=DIRECTION('',(0.0,0.0,-1.0));
#8577=DIRECTION('',(1.0,0.0,0.0));
#8578=DIRECTION('',(0.0,0.0,1.0));
#8579=DIRECTION('',(-1.0,0.0,0.0));
#8580=DIRECTION('',(-1.0,0.0,0.0));
#8581=DIRECTION('',(0.0,0.0,-1.0));
#8582=DIRECTION('',(1.0,0.0,0.0));
#8583=DIRECTION('',(0.0,0.0,1.0));
#8584=DIRECTION('',(-1.0,0.0,0.0));
#8585=DIRECTION('',(0.0,0.0,-1.0));
#8586=DIRECTION('',(1.0,0.0,0.0));
#8587=DIRECTION('',(0.0,0.0,1.0));
#8588=DIRECTION('',(0.0,0.0,-1.0));
#8589=DIRECTION('',(1.0,0.0,0.0));
#8590=DIRECTION('',(0.0,0.0,1.0));
#8591=DIRECTION('',(-1.0,0.0,0.0));
#8592=DIRECTION('',(1.0,0.0,0.0));
#8593=DIRECTION('',(0.0,0.0,1.0));
#8594=DIRECTION('',(-1.0,0.0,0.0));
#8595=DIRECTION('',(0.0,0.0,-1.0));
#8596=DIRECTION('',(0.0,0.0,-1.0));
#8597=DIRECTION('',(1.0,0.0,0.0));
#8598=DIRECTION('',(0.0,0.0,1.0));
#8599=DIRECTION('',(-1.0,0.0,0.0));
#8600=DIRECTION('',(1.0,0.0,0.0));
#8601=DIRECTION('',(0.0,0.0,1.0));
#8602=DIRECTION('',(-1.0,0.0,0.0));
#8603=DIRECTION('',(0.0,0.0,-1.0));
#8604=DIRECTION('',(0.0,0.0,-1.0));
#8605=DIRECTION('',(1.0,0.0,0.0));
#8606=DIRECTION('',(0.0,0.0,1.0));
#8607=DIRECTION('',(-1.0,0.0,0.0));
#8608=DIRECTION('',(1.0,0.0,0.0));
#8609=DIRECTION('',(0.0,0.0,1.0));
#8610=DIRECTION('',(-1.0,0.0,0.0));
#8611=DIRECTION('',(0.0,0.0,-1.0));
#8612=DIRECTION('',(0.0,0.0,-1.0));
#8613=DIRECTION('',(1.0,0.0,0.0));
#8614=DIRECTION('',(0.0,0.0,1.0));
#8615=DIRECTION('',(-1.0,0.0,0.0));
#8616=DIRECTION('',(1.0,0.0,0.0));
#8617=DIRECTION('',(0.0,0.0,1.0));
#8618=DIRECTION('',(-1.0,0.0,0.0));
#8619=DIRECTION('',(0.0,0.0,-1.0));
#8620=DIRECTION('',(0.0,0.0,-1.0));
#8621=DIRECTION('',(1.0,0.0,0.0));
#8622=DIRECTION('',(0.0,0.0,1.0));
#8623=DIRECTION('',(-1.0,0.0,0.0));
#8624=DIRECTION('',(1.0,0.0,0.0));
#8625=DIRECTION('',(0.0,0.0,1.0));
#8626=DIRECTION('',(-1.0,0.0,0.0));
#8627=DIRECTION('',(0.0,0.0,-1.0));
#8628=DIRECTION('',(0.0,0.0,-1.0));
#8629=DIRECTION('',(1.0,0.0,0.0));
#8630=DIRECTION('',(0.0,0.0,1.0));
#8631=DIRECTION('',(-1.0,0.0,0.0));
#8632=DIRECTION('',(1.0,0.0,0.0));
#8633=DIRECTION('',(0.0,0.0,1.0));
#8634=DIRECTION('',(-1.0,0.0,0.0));
#8635=DIRECTION('',(0.0,0.0,-1.0));
#8636=DIRECTION('',(0.0,0.0,-1.0));
#8637=DIRECTION('',(1.0,0.0,0.0));
#8638=DIRECTION('',(0.0,0.0,1.0));
#8639=DIRECTION('',(-1.0,0.0,0.0));
#8640=DIRECTION('',(1.0,0.0,0.0));
#8641=DIRECTION('',(0.0,0.0,1.0));
#8642=DIRECTION('',(-1.0,0.0,0.0));
#8643=DIRECTION('',(0.0,0.0,-1.0));
#8644=DIRECTION('',(0.0,0.0,-1.0));
#8645=DIRECTION('',(1.0,0.0,0.0));
#8646=DIRECTION('',(0.0,0.0,1.0));
#8647=DIRECTION('',(-1.0,0.0,0.0));
#8648=DIRECTION('',(1.0,0.0,0.0));
#8649=DIRECTION('',(0.0,0.0,1.0));
#8650=DIRECTION('',(-1.0,0.0,0.0));
#8651=DIRECTION('',(0.0,0.0,-1.0));
#8652=DIRECTION('',(0.0,0.0,-1.0));
#8653=DIRECTION('',(1.0,0.0,0.0));
#8654=DIRECTION('',(0.0,0.0,1.0));
#8655=DIRECTION('',(-1.0,0.0,0.0));
#8656=DIRECTION('',(1.0,0.0,0.0));
#8657=DIRECTION('',(0.0,0.0,1.0));
#8658=DIRECTION('',(-1.0,0.0,0.0));
#8659=DIRECTION('',(0.0,0.0,-1.0));
#8660=DIRECTION('',(0.0,0.0,-1.0));
#8661=DIRECTION('',(1.0,0.0,0.0));
#8662=DIRECTION('',(0.0,0.0,1.0));
#8663=DIRECTION('',(-1.0,0.0,0.0));
#8664=DIRECTION('',(1.0,0.0,0.0));
#8665=DIRECTION('',(0.0,0.0,1.0));
#8666=DIRECTION('',(-1.0,0.0,0.0));
#8667=DIRECTION('',(0.0,0.0,-1.0));
#8668=DIRECTION('',(0.0,0.0,-1.0));
#8669=DIRECTION('',(1.0,0.0,0.0));
#8670=DIRECTION('',(0.0,0.0,1.0));
#8671=DIRECTION('',(-1.0,0.0,0.0));
#8672=DIRECTION('',(1.0,0.0,0.0));
#8673=DIRECTION('',(0.0,0.0,1.0));
#8674=DIRECTION('',(-1.0,0.0,0.0));
#8675=DIRECTION('',(0.0,0.0,-1.0));
#8676=DIRECTION('',(0.0,0.0,-1.0));
#8677=DIRECTION('',(1.0,0.0,0.0));
#8678=DIRECTION('',(0.0,0.0,1.0));
#8679=DIRECTION('',(-1.0,0.0,0.0));
#8680=DIRECTION('',(1.0,0.0,0.0));
#8681=DIRECTION('',(0.0,0.0,1.0));
#8682=DIRECTION('',(-1.0,0.0,0.0));
#8683=DIRECTION('',(0.0,0.0,-1.0));
#8684=DIRECTION('',(0.0,0.0,-1.0));
#8685=DIRECTION('',(1.0,0.0,0.0));
#8686=DIRECTION('',(0.0,0.0,1.0));
#8687=DIRECTION('',(-1.0,0.0,0.0));
#8688=DIRECTION('',(1.0,0.0,0.0));
#8689=DIRECTION('',(0.0,0.0,1.0));
#8690=DIRECTION('',(-1.0,0.0,0.0));
#8691=DIRECTION('',(0.0,0.0,-1.0));
#8692=DIRECTION('',(0.0,0.0,-1.0));
#8693=DIRECTION('',(1.0,0.0,0.0));
#8694=DIRECTION('',(0.0,0.0,1.0));
#8695=DIRECTION('',(-1.0,0.0,0.0));
#8696=DIRECTION('',(1.0,0.0,0.0));
#8697=DIRECTION('',(0.0,0.0,1.0));
#8698=DIRECTION('',(-1.0,0.0,0.0));
#8699=DIRECTION('',(0.0,0.0,-1.0));
#8700=DIRECTION('',(0.0,0.0,-1.0));
#8701=DIRECTION('',(1.0,0.0,0.0));
#8702=DIRECTION('',(0.0,0.0,1.0));
#8703=DIRECTION('',(-1.0,0.0,0.0));
#8704=DIRECTION('',(1.0,0.0,0.0));
#8705=DIRECTION('',(0.0,0.0,1.0));
#8706=DIRECTION('',(-1.0,0.0,0.0));
#8707=DIRECTION('',(0.0,0.0,-1.0));
#8708=DIRECTION('',(0.0,0.0,-1.0));
#8709=DIRECTION('',(1.0,0.0,0.0));
#8710=DIRECTION('',(0.0,0.0,1.0));
#8711=DIRECTION('',(-1.0,0.0,0.0));
#8712=DIRECTION('',(1.0,0.0,0.0));
#8713=DIRECTION('',(0.0,0.0,1.0));
#8714=DIRECTION('',(-1.0,0.0,0.0));
#8715=DIRECTION('',(0.0,0.0,-1.0));
#8716=DIRECTION('',(0.0,0.0,-1.0));
#8717=DIRECTION('',(1.0,0.0,0.0));
#8718=DIRECTION('',(0.0,0.0,1.0));
#8719=DIRECTION('',(-1.0,0.0,0.0));
#8720=DIRECTION('',(1.0,0.0,0.0));
#8721=DIRECTION('',(0.0,0.0,1.0));
#8722=DIRECTION('',(-1.0,0.0,0.0));
#8723=DIRECTION('',(0.0,0.0,-1.0));
#8724=DIRECTION('',(0.0,0.0,-1.0));
#8725=DIRECTION('',(1.0,0.0,0.0));
#8726=DIRECTION('',(0.0,0.0,1.0));
#8727=DIRECTION('',(-1.0,0.0,0.0));
#8728=DIRECTION('',(1.0,0.0,0.0));
#8729=DIRECTION('',(0.0,0.0,1.0));
#8730=DIRECTION('',(-1.0,0.0,0.0));
#8731=DIRECTION('',(0.0,0.0,-1.0));
#8732=DIRECTION('',(0.0,0.0,-1.0));
#8733=DIRECTION('',(1.0,0.0,0.0));
#8734=DIRECTION('',(0.0,0.0,1.0));
#8735=DIRECTION('',(-1.0,0.0,0.0));
#8736=DIRECTION('',(1.0,0.0,0.0));
#8737=DIRECTION('',(0.0,0.0,1.0));
#8738=DIRECTION('',(-1.0,0.0,0.0));
#8739=DIRECTION('',(0.0,0.0,-1.0));
#8740=DIRECTION('',(0.0,0.0,-1.0));
#8741=DIRECTION('',(1.0,0.0,0.0));
#8742=DIRECTION('',(0.0,0.0,1.0));
#8743=DIRECTION('',(-1.0,0.0,0.0));
#8744=DIRECTION('',(1.0,0.0,0.0));
#8745=DIRECTION('',(0.0,0.0,1.0));
#8746=DIRECTION('',(-1.0,0.0,0.0));
#8747=DIRECTION('',(0.0,0.0,-1.0));
#8748=DIRECTION('',(0.0,0.0,-1.0));
#8749=DIRECTION('',(1.0,0.0,0.0));
#8750=DIRECTION('',(0.0,0.0,1.0));
#8751=DIRECTION('',(-1.0,0.0,0.0));
#8752=DIRECTION('',(1.0,0.0,0.0));
#8753=DIRECTION('',(0.0,0.0,1.0));
#8754=DIRECTION('',(-1.0,0.0,0.0));
#8755=DIRECTION('',(0.0,0.0,-1.0));
#8756=DIRECTION('',(0.0,0.0,-1.0));
#8757=DIRECTION('',(1.0,0.0,0.0));
#8758=DIRECTION('',(0.0,0.0,1.0));
#8759=DIRECTION('',(-1.0,0.0,0.0));
#8760=DIRECTION('',(1.0,0.0,0.0));
#8761=DIRECTION('',(0.0,0.0,1.0));
#8762=DIRECTION('',(-1.0,0.0,0.0));
#8763=DIRECTION('',(0.0,0.0,-1.0));
#8764=DIRECTION('',(0.0,0.0,-1.0));
#8765=DIRECTION('',(1.0,0.0,0.0));
#8766=DIRECTION('',(0.0,0.0,1.0));
#8767=DIRECTION('',(-1.0,0.0,0.0));
#8768=DIRECTION('',(1.0,0.0,0.0));
#8769=DIRECTION('',(0.0,0.0,1.0));
#8770=DIRECTION('',(-1.0,0.0,0.0));
#8771=DIRECTION('',(0.0,0.0,-1.0));
#8772=DIRECTION('',(0.0,0.0,-1.0));
#8773=DIRECTION('',(1.0,0.0,0.0));
#8774=DIRECTION('',(0.0,0.0,1.0));
#8775=DIRECTION('',(-1.0,0.0,0.0));
#8776=DIRECTION('',(1.0,0.0,0.0));
#8777=DIRECTION('',(0.0,0.0,1.0));
#8778=DIRECTION('',(-1.0,0.0,0.0));
#8779=DIRECTION('',(0.0,0.0,-1.0));
#8780=DIRECTION('',(0.0,0.0,-1.0));
#8781=DIRECTION('',(1.0,0.0,0.0));
#8782=DIRECTION('',(0.0,0.0,1.0));
#8783=DIRECTION('',(-1.0,0.0,0.0));
#8784=DIRECTION('',(1.0,0.0,0.0));
#8785=DIRECTION('',(0.0,0.0,1.0));
#8786=DIRECTION('',(-1.0,0.0,0.0));
#8787=DIRECTION('',(0.0,0.0,-1.0));
#8788=DIRECTION('',(0.0,0.0,-1.0));
#8789=DIRECTION('',(1.0,0.0,0.0));
#8790=DIRECTION('',(0.0,0.0,1.0));
#8791=DIRECTION('',(-1.0,0.0,0.0));
#8792=DIRECTION('',(1.0,0.0,0.0));
#8793=DIRECTION('',(0.0,0.0,1.0));
#8794=DIRECTION('',(-1.0,0.0,0.0));
#8795=DIRECTION('',(0.0,0.0,-1.0));
#8796=DIRECTION('',(0.0,0.0,-1.0));
#8797=DIRECTION('',(1.0,0.0,0.0));
#8798=DIRECTION('',(0.0,0.0,1.0));
#8799=DIRECTION('',(-1.0,0.0,0.0));
#8800=DIRECTION('',(1.0,0.0,0.0));
#8801=DIRECTION('',(0.0,0.0,1.0));
#8802=DIRECTION('',(-1.0,0.0,0.0));
#8803=DIRECTION('',(0.0,0.0,-1.0));
#8804=DIRECTION('',(0.0,0.0,-1.0));
#8805=DIRECTION('',(1.0,0.0,0.0));
#8806=DIRECTION('',(0.0,0.0,1.0));
#8807=DIRECTION('',(-1.0,0.0,0.0));
#8808=DIRECTION('',(1.0,0.0,0.0));
#8809=DIRECTION('',(0.0,0.0,1.0));
#8810=DIRECTION('',(-1.0,0.0,0.0));
#8811=DIRECTION('',(0.0,0.0,-1.0));
#8812=DIRECTION('',(0.0,0.0,-1.0));
#8813=DIRECTION('',(1.0,0.0,0.0));
#8814=DIRECTION('',(0.0,0.0,1.0));
#8815=DIRECTION('',(-1.0,0.0,0.0));
#8816=DIRECTION('',(1.0,0.0,0.0));
#8817=DIRECTION('',(0.0,0.0,1.0));
#8818=DIRECTION('',(-1.0,0.0,0.0));
#8819=DIRECTION('',(0.0,0.0,-1.0));
#8820=DIRECTION('',(0.0,0.0,-1.0));
#8821=DIRECTION('',(1.0,0.0,0.0));
#8822=DIRECTION('',(0.0,0.0,1.0));
#8823=DIRECTION('',(-1.0,0.0,0.0));
#8824=DIRECTION('',(1.0,0.0,0.0));
#8825=DIRECTION('',(0.0,0.0,1.0));
#8826=DIRECTION('',(-1.0,0.0,0.0));
#8827=DIRECTION('',(0.0,0.0,-1.0));
#8828=VERTEX_POINT('',#10856);
#8829=VERTEX_POINT('',#10857);
#8830=LINE('',#10858,#10859);
#8831=VERTEX_POINT('',#10860);
#8832=LINE('',#10861,#10862);
#8833=VERTEX_POINT('',#10863);
#8834=LINE('',#10864,#10865);
#8835=VERTEX_POINT('',#10866);
#8836=LINE('',#10867,#10868);
#8837=VERTEX_POINT('',#10869);
#8838=LINE('',#10870,#10871);
#8839=VERTEX_POINT('',#10872);
#8840=LINE('',#10873,#10874);
#8841=VERTEX_POINT('',#10875);
#8842=LINE('',#10876,#10877);
#8843=VERTEX_POINT('',#10878);
#8844=LINE('',#10879,#10880);
#8845=VERTEX_POINT('',#10881);
#8846=LINE('',#10882,#10883);
#8847=VERTEX_POINT('',#10884);
#8848=LINE('',#10885,#10886);
#8849=VERTEX_POINT('',#10887);
#8850=LINE('',#10888,#10889);
#8851=VERTEX_POINT('',#10890);
#8852=LINE('',#10891,#10892);
#8853=VERTEX_POINT('',#10893);
#8854=LINE('',#10894,#10895);
#8855=VERTEX_POINT('',#10896);
#8856=LINE('',#10897,#10898);
#8857=VERTEX_POINT('',#10899);
#8858=LINE('',#10900,#10901);
#8859=VERTEX_POINT('',#10902);
#8860=LINE('',#10903,#10904);
#8861=VERTEX_POINT('',#10905);
#8862=LINE('',#10906,#10907);
#8863=VERTEX_POINT('',#10908);
#8864=LINE('',#10909,#10910);
#8865=VERTEX_POINT('',#10911);
#8866=LINE('',#10912,#10913);
#8867=VERTEX_POINT('',#10914);
#8868=LINE('',#10915,#10916);
#8869=VERTEX_POINT('',#10917);
#8870=LINE('',#10918,#10919);
#8871=VERTEX_POINT('',#10920);
#8872=LINE('',#10921,#10922);
#8873=VERTEX_POINT('',#10923);
#8874=LINE('',#10924,#10925);
#8875=VERTEX_POINT('',#10926);
#8876=LINE('',#10927,#10928);
#8877=VERTEX_POINT('',#10929);
#8878=LINE('',#10930,#10931);
#8879=VERTEX_POINT('',#10932);
#8880=LINE('',#10933,#10934);
#8881=VERTEX_POINT('',#10935);
#8882=LINE('',#10936,#10937);
#8883=VERTEX_POINT('',#10938);
#8884=LINE('',#10939,#10940);
#8885=VERTEX_POINT('',#10941);
#8886=LINE('',#10942,#10943);
#8887=VERTEX_POINT('',#10944);
#8888=LINE('',#10945,#10946);
#8889=VERTEX_POINT('',#10947);
#8890=LINE('',#10948,#10949);
#8891=VERTEX_POINT('',#10950);
#8892=LINE('',#10951,#10952);
#8893=VERTEX_POINT('',#10953);
#8894=LINE('',#10954,#10955);
#8895=VERTEX_POINT('',#10956);
#8896=LINE('',#10957,#10958);
#8897=VERTEX_POINT('',#10959);
#8898=LINE('',#10960,#10961);
#8899=VERTEX_POINT('',#10962);
#8900=LINE('',#10963,#10964);
#8901=VERTEX_POINT('',#10965);
#8902=LINE('',#10966,#10967);
#8903=VERTEX_POINT('',#10968);
#8904=LINE('',#10969,#10970);
#8905=VERTEX_POINT('',#10971);
#8906=LINE('',#10972,#10973);
#8907=VERTEX_POINT('',#10974);
#8908=LINE('',#10975,#10976);
#8909=VERTEX_POINT('',#10977);
#8910=LINE('',#10978,#10979);
#8911=VERTEX_POINT('',#10980);
#8912=LINE('',#10981,#10982);
#8913=VERTEX_POINT('',#10983);
#8914=LINE('',#10984,#10985);
#8915=VERTEX_POINT('',#10986);
#8916=LINE('',#10987,#10988);
#8917=VERTEX_POINT('',#10989);
#8918=LINE('',#10990,#10991);
#8919=VERTEX_POINT('',#10992);
#8920=LINE('',#10993,#10994);
#8921=VERTEX_POINT('',#10995);
#8922=LINE('',#10996,#10997);
#8923=VERTEX_POINT('',#10998);
#8924=LINE('',#10999,#11000);
#8925=VERTEX_POINT('',#11001);
#8926=LINE('',#11002,#11003);
#8927=VERTEX_POINT('',#11004);
#8928=LINE('',#11005,#11006);
#8929=VERTEX_POINT('',#11007);
#8930=LINE('',#11008,#11009);
#8931=VERTEX_POINT('',#11010);
#8932=LINE('',#11011,#11012);
#8933=VERTEX_POINT('',#11013);
#8934=LINE('',#11014,#11015);
#8935=VERTEX_POINT('',#11016);
#8936=LINE('',#11017,#11018);
#8937=VERTEX_POINT('',#11019);
#8938=LINE('',#11020,#11021);
#8939=VERTEX_POINT('',#11022);
#8940=LINE('',#11023,#11024);
#8941=VERTEX_POINT('',#11025);
#8942=LINE('',#11026,#11027);
#8943=VERTEX_POINT('',#11028);
#8944=LINE('',#11029,#11030);
#8945=VERTEX_POINT('',#11031);
#8946=LINE('',#11032,#11033);
#8947=VERTEX_POINT('',#11034);
#8948=LINE('',#11035,#11036);
#8949=VERTEX_POINT('',#11037);
#8950=LINE('',#11038,#11039);
#8951=VERTEX_POINT('',#11040);
#8952=LINE('',#11041,#11042);
#8953=VERTEX_POINT('',#11043);
#8954=LINE('',#11044,#11045);
#8955=VERTEX_POINT('',#11046);
#8956=LINE('',#11047,#11048);
#8957=VERTEX_POINT('',#11049);
#8958=LINE('',#11050,#11051);
#8959=VERTEX_POINT('',#11052);
#8960=LINE('',#11053,#11054);
#8961=VERTEX_POINT('',#11055);
#8962=LINE('',#11056,#11057);
#8963=VERTEX_POINT('',#11058);
#8964=LINE('',#11059,#11060);
#8965=VERTEX_POINT('',#11061);
#8966=LINE('',#11062,#11063);
#8967=VERTEX_POINT('',#11064);
#8968=LINE('',#11065,#11066);
#8969=VERTEX_POINT('',#11067);
#8970=LINE('',#11068,#11069);
#8971=VERTEX_POINT('',#11070);
#8972=LINE('',#11071,#11072);
#8973=VERTEX_POINT('',#11073);
#8974=LINE('',#11074,#11075);
#8975=VERTEX_POINT('',#11076);
#8976=LINE('',#11077,#11078);
#8977=VERTEX_POINT('',#11079);
#8978=LINE('',#11080,#11081);
#8979=VERTEX_POINT('',#11082);
#8980=LINE('',#11083,#11084);
#8981=VERTEX_POINT('',#11085);
#8982=LINE('',#11086,#11087);
#8983=VERTEX_POINT('',#11088);
#8984=LINE('',#11089,#11090);
#8985=VERTEX_POINT('',#11091);
#8986=LINE('',#11092,#11093);
#8987=VERTEX_POINT('',#11094);
#8988=LINE('',#11095,#11096);
#8989=VERTEX_POINT('',#11097);
#8990=LINE('',#11098,#11099);
#8991=VERTEX_POINT('',#11100);
#8992=LINE('',#11101,#11102);
#8993=VERTEX_POINT('',#11103);
#8994=LINE('',#11104,#11105);
#8995=VERTEX_POINT('',#11106);
#8996=LINE('',#11107,#11108);
#8997=VERTEX_POINT('',#11109);
#8998=LINE('',#11110,#11111);
#8999=VERTEX_POINT('',#11112);
#9000=LINE('',#11113,#11114);
#9001=VERTEX_POINT('',#11115);
#9002=LINE('',#11116,#11117);
#9003=VERTEX_POINT('',#11118);
#9004=LINE('',#11119,#11120);
#9005=VERTEX_POINT('',#11121);
#9006=LINE('',#11122,#11123);
#9007=VERTEX_POINT('',#11124);
#9008=LINE('',#11125,#11126);
#9009=VERTEX_POINT('',#11127);
#9010=LINE('',#11128,#11129);
#9011=VERTEX_POINT('',#11130);
#9012=LINE('',#11131,#11132);
#9013=VERTEX_POINT('',#11133);
#9014=LINE('',#11134,#11135);
#9015=VERTEX_POINT('',#11136);
#9016=LINE('',#11137,#11138);
#9017=VERTEX_POINT('',#11139);
#9018=LINE('',#11140,#11141);
#9019=VERTEX_POINT('',#11142);
#9020=LINE('',#11143,#11144);
#9021=VERTEX_POINT('',#11145);
#9022=LINE('',#11146,#11147);
#9023=VERTEX_POINT('',#11148);
#9024=LINE('',#11149,#11150);
#9025=VERTEX_POINT('',#11151);
#9026=LINE('',#11152,#11153);
#9027=VERTEX_POINT('',#11154);
#9028=LINE('',#11155,#11156);
#9029=VERTEX_POINT('',#11157);
#9030=LINE('',#11158,#11159);
#9031=VERTEX_POINT('',#11160);
#9032=LINE('',#11161,#11162);
#9033=VERTEX_POINT('',#11163);
#9034=LINE('',#11164,#11165);
#9035=VERTEX_POINT('',#11166);
#9036=LINE('',#11167,#11168);
#9037=VERTEX_POINT('',#11169);
#9038=LINE('',#11170,#11171);
#9039=VERTEX_POINT('',#11172);
#9040=LINE('',#11173,#11174);
#9041=VERTEX_POINT('',#11175);
#9042=LINE('',#11176,#11177);
#9043=VERTEX_POINT('',#11178);
#9044=LINE('',#11179,#11180);
#9045=VERTEX_POINT('',#11181);
#9046=LINE('',#11182,#11183);
#9047=VERTEX_POINT('',#11184);
#9048=LINE('',#11185,#11186);
#9049=VERTEX_POINT('',#11187);
#9050=LINE('',#11188,#11189);
#9051=VERTEX_POINT('',#11190);
#9052=LINE('',#11191,#11192);
#9053=VERTEX_POINT('',#11193);
#9054=LINE('',#11194,#11195);
#9055=VERTEX_POINT('',#11196);
#9056=LINE('',#11197,#11198);
#9057=VERTEX_POINT('',#11199);
#9058=LINE('',#11200,#11201);
#9059=VERTEX_POINT('',#11202);
#9060=LINE('',#11203,#11204);
#9061=VERTEX_POINT('',#11205);
#9062=LINE('',#11206,#11207);
#9063=VERTEX_POINT('',#11208);
#9064=LINE('',#11209,#11210);
#9065=VERTEX_POINT('',#11211);
#9066=LINE('',#11212,#11213);
#9067=VERTEX_POINT('',#11214);
#9068=LINE('',#11215,#11216);
#9069=VERTEX_POINT('',#11217);
#9070=LINE('',#11218,#11219);
#9071=VERTEX_POINT('',#11220);
#9072=LINE('',#11221,#11222);
#9073=VERTEX_POINT('',#11223);
#9074=LINE('',#11224,#11225);
#9075=LINE('',#11226,#11227);
#9076=VERTEX_POINT('',#11228);
#9077=VERTEX_POINT('',#11229);
#9078=LINE('',#11230,#11231);
#9079=VERTEX_POINT('',#11232);
#9080=LINE('',#11233,#11234);
#9081=VERTEX_POINT('',#11235);
#9082=LINE('',#11236,#11237);
#9083=VERTEX_POINT('',#11238);
#9084=LINE('',#11239,#11240);
#9085=VERTEX_POINT('',#11241);
#9086=LINE('',#11242,#11243);
#9087=VERTEX_POINT('',#11244);
#9088=LINE('',#11245,#11246);
#9089=VERTEX_POINT('',#11247);
#9090=LINE('',#11248,#11249);
#9091=VERTEX_POINT('',#11250);
#9092=LINE('',#11251,#11252);
#9093=VERTEX_POINT('',#11253);
#9094=LINE('',#11254,#11255);
#9095=VERTEX_POINT('',#11256);
#9096=LINE('',#11257,#11258);
#9097=VERTEX_POINT('',#11259);
#9098=LINE('',#11260,#11261);
#9099=VERTEX_POINT('',#11262);
#9100=LINE('',#11263,#11264);
#9101=VERTEX_POINT('',#11265);
#9102=LINE('',#11266,#11267);
#9103=VERTEX_POINT('',#11268);
#9104=LINE('',#11269,#11270);
#9105=VERTEX_POINT('',#11271);
#9106=LINE('',#11272,#11273);
#9107=VERTEX_POINT('',#11274);
#9108=LINE('',#11275,#11276);
#9109=VERTEX_POINT('',#11277);
#9110=LINE('',#11278,#11279);
#9111=VERTEX_POINT('',#11280);
#9112=LINE('',#11281,#11282);
#9113=VERTEX_POINT('',#11283);
#9114=LINE('',#11284,#11285);
#9115=VERTEX_POINT('',#11286);
#9116=LINE('',#11287,#11288);
#9117=VERTEX_POINT('',#11289);
#9118=LINE('',#11290,#11291);
#9119=VERTEX_POINT('',#11292);
#9120=LINE('',#11293,#11294);
#9121=VERTEX_POINT('',#11295);
#9122=LINE('',#11296,#11297);
#9123=VERTEX_POINT('',#11298);
#9124=LINE('',#11299,#11300);
#9125=VERTEX_POINT('',#11301);
#9126=LINE('',#11302,#11303);
#9127=VERTEX_POINT('',#11304);
#9128=LINE('',#11305,#11306);
#9129=VERTEX_POINT('',#11307);
#9130=LINE('',#11308,#11309);
#9131=VERTEX_POINT('',#11310);
#9132=LINE('',#11311,#11312);
#9133=VERTEX_POINT('',#11313);
#9134=LINE('',#11314,#11315);
#9135=VERTEX_POINT('',#11316);
#9136=LINE('',#11317,#11318);
#9137=VERTEX_POINT('',#11319);
#9138=LINE('',#11320,#11321);
#9139=VERTEX_POINT('',#11322);
#9140=LINE('',#11323,#11324);
#9141=VERTEX_POINT('',#11325);
#9142=LINE('',#11326,#11327);
#9143=VERTEX_POINT('',#11328);
#9144=LINE('',#11329,#11330);
#9145=VERTEX_POINT('',#11331);
#9146=LINE('',#11332,#11333);
#9147=VERTEX_POINT('',#11334);
#9148=LINE('',#11335,#11336);
#9149=VERTEX_POINT('',#11337);
#9150=LINE('',#11338,#11339);
#9151=VERTEX_POINT('',#11340);
#9152=LINE('',#11341,#11342);
#9153=VERTEX_POINT('',#11343);
#9154=LINE('',#11344,#11345);
#9155=VERTEX_POINT('',#11346);
#9156=LINE('',#11347,#11348);
#9157=VERTEX_POINT('',#11349);
#9158=LINE('',#11350,#11351);
#9159=VERTEX_POINT('',#11352);
#9160=LINE('',#11353,#11354);
#9161=VERTEX_POINT('',#11355);
#9162=LINE('',#11356,#11357);
#9163=VERTEX_POINT('',#11358);
#9164=LINE('',#11359,#11360);
#9165=VERTEX_POINT('',#11361);
#9166=LINE('',#11362,#11363);
#9167=VERTEX_POINT('',#11364);
#9168=LINE('',#11365,#11366);
#9169=VERTEX_POINT('',#11367);
#9170=LINE('',#11368,#11369);
#9171=VERTEX_POINT('',#11370);
#9172=LINE('',#11371,#11372);
#9173=VERTEX_POINT('',#11373);
#9174=LINE('',#11374,#11375);
#9175=VERTEX_POINT('',#11376);
#9176=LINE('',#11377,#11378);
#9177=VERTEX_POINT('',#11379);
#9178=LINE('',#11380,#11381);
#9179=VERTEX_POINT('',#11382);
#9180=LINE('',#11383,#11384);
#9181=VERTEX_POINT('',#11385);
#9182=LINE('',#11386,#11387);
#9183=VERTEX_POINT('',#11388);
#9184=LINE('',#11389,#11390);
#9185=VERTEX_POINT('',#11391);
#9186=LINE('',#11392,#11393);
#9187=VERTEX_POINT('',#11394);
#9188=LINE('',#11395,#11396);
#9189=VERTEX_POINT('',#11397);
#9190=LINE('',#11398,#11399);
#9191=VERTEX_POINT('',#11400);
#9192=LINE('',#11401,#11402);
#9193=VERTEX_POINT('',#11403);
#9194=LINE('',#11404,#11405);
#9195=VERTEX_POINT('',#11406);
#9196=LINE('',#11407,#11408);
#9197=VERTEX_POINT('',#11409);
#9198=LINE('',#11410,#11411);
#9199=VERTEX_POINT('',#11412);
#9200=LINE('',#11413,#11414);
#9201=VERTEX_POINT('',#11415);
#9202=LINE('',#11416,#11417);
#9203=VERTEX_POINT('',#11418);
#9204=LINE('',#11419,#11420);
#9205=VERTEX_POINT('',#11421);
#9206=LINE('',#11422,#11423);
#9207=VERTEX_POINT('',#11424);
#9208=LINE('',#11425,#11426);
#9209=VERTEX_POINT('',#11427);
#9210=LINE('',#11428,#11429);
#9211=VERTEX_POINT('',#11430);
#9212=LINE('',#11431,#11432);
#9213=VERTEX_POINT('',#11433);
#9214=LINE('',#11434,#11435);
#9215=VERTEX_POINT('',#11436);
#9216=LINE('',#11437,#11438);
#9217=VERTEX_POINT('',#11439);
#9218=LINE('',#11440,#11441);
#9219=VERTEX_POINT('',#11442);
#9220=LINE('',#11443,#11444);
#9221=VERTEX_POINT('',#11445);
#9222=LINE('',#11446,#11447);
#9223=VERTEX_POINT('',#11448);
#9224=LINE('',#11449,#11450);
#9225=VERTEX_POINT('',#11451);
#9226=LINE('',#11452,#11453);
#9227=VERTEX_POINT('',#11454);
#9228=LINE('',#11455,#11456);
#9229=VERTEX_POINT('',#11457);
#9230=LINE('',#11458,#11459);
#9231=VERTEX_POINT('',#11460);
#9232=LINE('',#11461,#11462);
#9233=VERTEX_POINT('',#11463);
#9234=LINE('',#11464,#11465);
#9235=VERTEX_POINT('',#11466);
#9236=LINE('',#11467,#11468);
#9237=VERTEX_POINT('',#11469);
#9238=LINE('',#11470,#11471);
#9239=VERTEX_POINT('',#11472);
#9240=LINE('',#11473,#11474);
#9241=VERTEX_POINT('',#11475);
#9242=LINE('',#11476,#11477);
#9243=VERTEX_POINT('',#11478);
#9244=LINE('',#11479,#11480);
#9245=VERTEX_POINT('',#11481);
#9246=LINE('',#11482,#11483);
#9247=VERTEX_POINT('',#11484);
#9248=LINE('',#11485,#11486);
#9249=VERTEX_POINT('',#11487);
#9250=LINE('',#11488,#11489);
#9251=VERTEX_POINT('',#11490);
#9252=LINE('',#11491,#11492);
#9253=VERTEX_POINT('',#11493);
#9254=LINE('',#11494,#11495);
#9255=VERTEX_POINT('',#11496);
#9256=LINE('',#11497,#11498);
#9257=VERTEX_POINT('',#11499);
#9258=LINE('',#11500,#11501);
#9259=VERTEX_POINT('',#11502);
#9260=LINE('',#11503,#11504);
#9261=VERTEX_POINT('',#11505);
#9262=LINE('',#11506,#11507);
#9263=VERTEX_POINT('',#11508);
#9264=LINE('',#11509,#11510);
#9265=VERTEX_POINT('',#11511);
#9266=LINE('',#11512,#11513);
#9267=VERTEX_POINT('',#11514);
#9268=LINE('',#11515,#11516);
#9269=VERTEX_POINT('',#11517);
#9270=LINE('',#11518,#11519);
#9271=VERTEX_POINT('',#11520);
#9272=LINE('',#11521,#11522);
#9273=VERTEX_POINT('',#11523);
#9274=LINE('',#11524,#11525);
#9275=VERTEX_POINT('',#11526);
#9276=LINE('',#11527,#11528);
#9277=VERTEX_POINT('',#11529);
#9278=LINE('',#11530,#11531);
#9279=VERTEX_POINT('',#11532);
#9280=LINE('',#11533,#11534);
#9281=VERTEX_POINT('',#11535);
#9282=LINE('',#11536,#11537);
#9283=VERTEX_POINT('',#11538);
#9284=LINE('',#11539,#11540);
#9285=VERTEX_POINT('',#11541);
#9286=LINE('',#11542,#11543);
#9287=VERTEX_POINT('',#11544);
#9288=LINE('',#11545,#11546);
#9289=VERTEX_POINT('',#11547);
#9290=LINE('',#11548,#11549);
#9291=VERTEX_POINT('',#11550);
#9292=LINE('',#11551,#11552);
#9293=VERTEX_POINT('',#11553);
#9294=LINE('',#11554,#11555);
#9295=VERTEX_POINT('',#11556);
#9296=LINE('',#11557,#11558);
#9297=VERTEX_POINT('',#11559);
#9298=LINE('',#11560,#11561);
#9299=VERTEX_POINT('',#11562);
#9300=LINE('',#11563,#11564);
#9301=VERTEX_POINT('',#11565);
#9302=LINE('',#11566,#11567);
#9303=VERTEX_POINT('',#11568);
#9304=LINE('',#11569,#11570);
#9305=VERTEX_POINT('',#11571);
#9306=LINE('',#11572,#11573);
#9307=VERTEX_POINT('',#11574);
#9308=LINE('',#11575,#11576);
#9309=VERTEX_POINT('',#11577);
#9310=LINE('',#11578,#11579);
#9311=VERTEX_POINT('',#11580);
#9312=LINE('',#11581,#11582);
#9313=VERTEX_POINT('',#11583);
#9314=LINE('',#11584,#11585);
#9315=VERTEX_POINT('',#11586);
#9316=LINE('',#11587,#11588);
#9317=VERTEX_POINT('',#11589);
#9318=LINE('',#11590,#11591);
#9319=VERTEX_POINT('',#11592);
#9320=LINE('',#11593,#11594);
#9321=VERTEX_POINT('',#11595);
#9322=LINE('',#11596,#11597);
#9323=LINE('',#11598,#11599);
#9324=VERTEX_POINT('',#11600);
#9325=VERTEX_POINT('',#11601);
#9326=LINE('',#11602,#11603);
#9327=VERTEX_POINT('',#11604);
#9328=LINE('',#11605,#11606);
#9329=VERTEX_POINT('',#11607);
#9330=LINE('',#11608,#11609);
#9331=LINE('',#11610,#11611);
#9332=VERTEX_POINT('',#11612);
#9333=VERTEX_POINT('',#11613);
#9334=LINE('',#11614,#11615);
#9335=VERTEX_POINT('',#11616);
#9336=LINE('',#11617,#11618);
#9337=VERTEX_POINT('',#11619);
#9338=LINE('',#11620,#11621);
#9339=LINE('',#11622,#11623);
#9340=VERTEX_POINT('',#11624);
#9341=LINE('',#11625,#11626);
#9342=VERTEX_POINT('',#11627);
#9343=LINE('',#11628,#11629);
#9344=VERTEX_POINT('',#11630);
#9345=LINE('',#11631,#11632);
#9346=LINE('',#11633,#11634);
#9347=VERTEX_POINT('',#11635);
#9348=LINE('',#11636,#11637);
#9349=VERTEX_POINT('',#11638);
#9350=LINE('',#11639,#11640);
#9351=LINE('',#11641,#11642);
#9352=VERTEX_POINT('',#11643);
#9353=LINE('',#11644,#11645);
#9354=VERTEX_POINT('',#11646);
#9355=LINE('',#11647,#11648);
#9356=LINE('',#11649,#11650);
#9357=VERTEX_POINT('',#11651);
#9358=LINE('',#11652,#11653);
#9359=VERTEX_POINT('',#11654);
#9360=LINE('',#11655,#11656);
#9361=LINE('',#11657,#11658);
#9362=VERTEX_POINT('',#11659);
#9363=LINE('',#11660,#11661);
#9364=VERTEX_POINT('',#11662);
#9365=LINE('',#11663,#11664);
#9366=LINE('',#11665,#11666);
#9367=VERTEX_POINT('',#11667);
#9368=LINE('',#11668,#11669);
#9369=VERTEX_POINT('',#11670);
#9370=LINE('',#11671,#11672);
#9371=LINE('',#11673,#11674);
#9372=VERTEX_POINT('',#11675);
#9373=LINE('',#11676,#11677);
#9374=VERTEX_POINT('',#11678);
#9375=LINE('',#11679,#11680);
#9376=LINE('',#11681,#11682);
#9377=VERTEX_POINT('',#11683);
#9378=LINE('',#11684,#11685);
#9379=VERTEX_POINT('',#11686);
#9380=LINE('',#11687,#11688);
#9381=LINE('',#11689,#11690);
#9382=VERTEX_POINT('',#11691);
#9383=LINE('',#11692,#11693);
#9384=VERTEX_POINT('',#11694);
#9385=LINE('',#11695,#11696);
#9386=LINE('',#11697,#11698);
#9387=VERTEX_POINT('',#11699);
#9388=LINE('',#11700,#11701);
#9389=VERTEX_POINT('',#11702);
#9390=LINE('',#11703,#11704);
#9391=LINE('',#11705,#11706);
#9392=VERTEX_POINT('',#11707);
#9393=LINE('',#11708,#11709);
#9394=VERTEX_POINT('',#11710);
#9395=LINE('',#11711,#11712);
#9396=LINE('',#11713,#11714);
#9397=VERTEX_POINT('',#11715);
#9398=LINE('',#11716,#11717);
#9399=VERTEX_POINT('',#11718);
#9400=LINE('',#11719,#11720);
#9401=LINE('',#11721,#11722);
#9402=VERTEX_POINT('',#11723);
#9403=LINE('',#11724,#11725);
#9404=VERTEX_POINT('',#11726);
#9405=LINE('',#11727,#11728);
#9406=LINE('',#11729,#11730);
#9407=VERTEX_POINT('',#11731);
#9408=LINE('',#11732,#11733);
#9409=VERTEX_POINT('',#11734);
#9410=LINE('',#11735,#11736);
#9411=LINE('',#11737,#11738);
#9412=VERTEX_POINT('',#11739);
#9413=LINE('',#11740,#11741);
#9414=VERTEX_POINT('',#11742);
#9415=LINE('',#11743,#11744);
#9416=LINE('',#11745,#11746);
#9417=VERTEX_POINT('',#11747);
#9418=LINE('',#11748,#11749);
#9419=VERTEX_POINT('',#11750);
#9420=LINE('',#11751,#11752);
#9421=LINE('',#11753,#11754);
#9422=VERTEX_POINT('',#11755);
#9423=LINE('',#11756,#11757);
#9424=VERTEX_POINT('',#11758);
#9425=LINE('',#11759,#11760);
#9426=LINE('',#11761,#11762);
#9427=VERTEX_POINT('',#11763);
#9428=LINE('',#11764,#11765);
#9429=VERTEX_POINT('',#11766);
#9430=LINE('',#11767,#11768);
#9431=LINE('',#11769,#11770);
#9432=VERTEX_POINT('',#11771);
#9433=LINE('',#11772,#11773);
#9434=VERTEX_POINT('',#11774);
#9435=LINE('',#11775,#11776);
#9436=LINE('',#11777,#11778);
#9437=VERTEX_POINT('',#11779);
#9438=LINE('',#11780,#11781);
#9439=VERTEX_POINT('',#11782);
#9440=LINE('',#11783,#11784);
#9441=LINE('',#11785,#11786);
#9442=VERTEX_POINT('',#11787);
#9443=LINE('',#11788,#11789);
#9444=VERTEX_POINT('',#11790);
#9445=LINE('',#11791,#11792);
#9446=LINE('',#11793,#11794);
#9447=VERTEX_POINT('',#11795);
#9448=LINE('',#11796,#11797);
#9449=VERTEX_POINT('',#11798);
#9450=LINE('',#11799,#11800);
#9451=LINE('',#11801,#11802);
#9452=VERTEX_POINT('',#11803);
#9453=LINE('',#11804,#11805);
#9454=VERTEX_POINT('',#11806);
#9455=LINE('',#11807,#11808);
#9456=LINE('',#11809,#11810);
#9457=VERTEX_POINT('',#11811);
#9458=LINE('',#11812,#11813);
#9459=VERTEX_POINT('',#11814);
#9460=LINE('',#11815,#11816);
#9461=LINE('',#11817,#11818);
#9462=VERTEX_POINT('',#11819);
#9463=LINE('',#11820,#11821);
#9464=VERTEX_POINT('',#11822);
#9465=LINE('',#11823,#11824);
#9466=LINE('',#11825,#11826);
#9467=VERTEX_POINT('',#11827);
#9468=LINE('',#11828,#11829);
#9469=VERTEX_POINT('',#11830);
#9470=LINE('',#11831,#11832);
#9471=LINE('',#11833,#11834);
#9472=VERTEX_POINT('',#11835);
#9473=LINE('',#11836,#11837);
#9474=VERTEX_POINT('',#11838);
#9475=LINE('',#11839,#11840);
#9476=LINE('',#11841,#11842);
#9477=VERTEX_POINT('',#11843);
#9478=LINE('',#11844,#11845);
#9479=VERTEX_POINT('',#11846);
#9480=LINE('',#11847,#11848);
#9481=LINE('',#11849,#11850);
#9482=VERTEX_POINT('',#11851);
#9483=LINE('',#11852,#11853);
#9484=VERTEX_POINT('',#11854);
#9485=LINE('',#11855,#11856);
#9486=LINE('',#11857,#11858);
#9487=VERTEX_POINT('',#11859);
#9488=LINE('',#11860,#11861);
#9489=VERTEX_POINT('',#11862);
#9490=LINE('',#11863,#11864);
#9491=LINE('',#11865,#11866);
#9492=VERTEX_POINT('',#11867);
#9493=LINE('',#11868,#11869);
#9494=LINE('',#11870,#11871);
#9495=VERTEX_POINT('',#11872);
#9496=VERTEX_POINT('',#11873);
#9497=LINE('',#11874,#11875);
#9498=VERTEX_POINT('',#11876);
#9499=CIRCLE('',#11877,0.01);
#9500=VERTEX_POINT('',#11878);
#9501=LINE('',#11879,#11880);
#9502=VERTEX_POINT('',#11881);
#9503=LINE('',#11882,#11883);
#9504=VERTEX_POINT('',#11884);
#9505=LINE('',#11885,#11886);
#9506=VERTEX_POINT('',#11887);
#9507=CIRCLE('',#11888,0.1);
#9508=VERTEX_POINT('',#11889);
#9509=LINE('',#11890,#11891);
#9510=LINE('',#11892,#11893);
#9511=VERTEX_POINT('',#11894);
#9512=VERTEX_POINT('',#11895);
#9513=LINE('',#11896,#11897);
#9514=CIRCLE('',#11898,0.1);
#9515=VERTEX_POINT('',#11899);
#9516=LINE('',#11900,#11901);
#9517=VERTEX_POINT('',#11902);
#9518=LINE('',#11903,#11904);
#9519=VERTEX_POINT('',#11905);
#9520=CIRCLE('',#11906,0.01);
#9521=VERTEX_POINT('',#11907);
#9522=LINE('',#11908,#11909);
#9523=LINE('',#11910,#11911);
#9524=VERTEX_POINT('',#11912);
#9525=VERTEX_POINT('',#11913);
#9526=LINE('',#11914,#11915);
#9527=VERTEX_POINT('',#11916);
#9528=CIRCLE('',#11917,0.1);
#9529=VERTEX_POINT('',#11918);
#9530=LINE('',#11919,#11920);
#9531=VERTEX_POINT('',#11921);
#9532=LINE('',#11922,#11923);
#9533=VERTEX_POINT('',#11924);
#9534=LINE('',#11925,#11926);
#9535=VERTEX_POINT('',#11927);
#9536=CIRCLE('',#11928,0.01);
#9537=VERTEX_POINT('',#11929);
#9538=LINE('',#11930,#11931);
#9539=LINE('',#11932,#11933);
#9540=VERTEX_POINT('',#11934);
#9541=VERTEX_POINT('',#11935);
#9542=LINE('',#11936,#11937);
#9543=VERTEX_POINT('',#11938);
#9544=CIRCLE('',#11939,0.01);
#9545=VERTEX_POINT('',#11940);
#9546=LINE('',#11941,#11942);
#9547=LINE('',#11943,#11944);
#9548=VERTEX_POINT('',#11945);
#9549=CIRCLE('',#11946,0.1);
#9550=VERTEX_POINT('',#11947);
#9551=LINE('',#11948,#11949);
#9552=LINE('',#11950,#11951);
#9553=VERTEX_POINT('',#11952);
#9554=VERTEX_POINT('',#11953);
#9555=LINE('',#11954,#11955);
#9556=LINE('',#11956,#11957);
#9557=LINE('',#11958,#11959);
#9558=VERTEX_POINT('',#11960);
#9559=VERTEX_POINT('',#11961);
#9560=LINE('',#11962,#11963);
#9561=LINE('',#11964,#11965);
#9562=VERTEX_POINT('',#11966);
#9563=LINE('',#11967,#11968);
#9564=VERTEX_POINT('',#11969);
#9565=LINE('',#11970,#11971);
#9566=LINE('',#11972,#11973);
#9567=VERTEX_POINT('',#11974);
#9568=VERTEX_POINT('',#11975);
#9569=LINE('',#11976,#11977);
#9570=LINE('',#11978,#11979);
#9571=VERTEX_POINT('',#11980);
#9572=LINE('',#11981,#11982);
#9573=VERTEX_POINT('',#11983);
#9574=LINE('',#11984,#11985);
#9575=VERTEX_POINT('',#11986);
#9576=LINE('',#11987,#11988);
#9577=LINE('',#11989,#11990);
#9578=VERTEX_POINT('',#11991);
#9579=LINE('',#11992,#11993);
#9580=VERTEX_POINT('',#11994);
#9581=LINE('',#11995,#11996);
#9582=LINE('',#11997,#11998);
#9583=VERTEX_POINT('',#11999);
#9584=CIRCLE('',#12000,0.25);
#9585=VERTEX_POINT('',#12001);
#9586=LINE('',#12002,#12003);
#9587=VERTEX_POINT('',#12004);
#9588=CIRCLE('',#12005,0.25);
#9589=LINE('',#12006,#12007);
#9590=VERTEX_POINT('',#12008);
#9591=LINE('',#12009,#12010);
#9592=VERTEX_POINT('',#12011);
#9593=LINE('',#12012,#12013);
#9594=LINE('',#12014,#12015);
#9595=VERTEX_POINT('',#12016);
#9596=VERTEX_POINT('',#12017);
#9597=CIRCLE('',#12018,0.25);
#9598=VERTEX_POINT('',#12019);
#9599=LINE('',#12020,#12021);
#9600=VERTEX_POINT('',#12022);
#9601=CIRCLE('',#12023,0.25);
#9602=VERTEX_POINT('',#12024);
#9603=LINE('',#12025,#12026);
#9604=VERTEX_POINT('',#12027);
#9605=LINE('',#12028,#12029);
#9606=VERTEX_POINT('',#12030);
#9607=LINE('',#12031,#12032);
#9608=VERTEX_POINT('',#12033);
#9609=LINE('',#12034,#12035);
#9610=VERTEX_POINT('',#12036);
#9611=LINE('',#12037,#12038);
#9612=VERTEX_POINT('',#12039);
#9613=LINE('',#12040,#12041);
#9614=LINE('',#12042,#12043);
#9615=VERTEX_POINT('',#12044);
#9616=LINE('',#12045,#12046);
#9617=VERTEX_POINT('',#12047);
#9618=LINE('',#12048,#12049);
#9619=LINE('',#12050,#12051);
#9620=VERTEX_POINT('',#12052);
#9621=VERTEX_POINT('',#12053);
#9622=LINE('',#12054,#12055);
#9623=VERTEX_POINT('',#12056);
#9624=LINE('',#12057,#12058);
#9625=VERTEX_POINT('',#12059);
#9626=LINE('',#12060,#12061);
#9627=LINE('',#12062,#12063);
#9628=LINE('',#12064,#12065);
#9629=VERTEX_POINT('',#12066);
#9630=LINE('',#12067,#12068);
#9631=VERTEX_POINT('',#12069);
#9632=LINE('',#12070,#12071);
#9633=VERTEX_POINT('',#12072);
#9634=LINE('',#12073,#12074);
#9635=VERTEX_POINT('',#12075);
#9636=LINE('',#12076,#12077);
#9637=LINE('',#12078,#12079);
#9638=VERTEX_POINT('',#12080);
#9639=LINE('',#12081,#12082);
#9640=LINE('',#12083,#12084);
#9641=VERTEX_POINT('',#12085);
#9642=VERTEX_POINT('',#12086);
#9643=LINE('',#12087,#12088);
#9644=LINE('',#12089,#12090);
#9645=VERTEX_POINT('',#12091);
#9646=LINE('',#12092,#12093);
#9647=VERTEX_POINT('',#12094);
#9648=LINE('',#12095,#12096);
#9649=VERTEX_POINT('',#12097);
#9650=LINE('',#12098,#12099);
#9651=VERTEX_POINT('',#12100);
#9652=LINE('',#12101,#12102);
#9653=VERTEX_POINT('',#12103);
#9654=LINE('',#12104,#12105);
#9655=LINE('',#12106,#12107);
#9656=VERTEX_POINT('',#12108);
#9657=CIRCLE('',#12109,0.09);
#9658=VERTEX_POINT('',#12110);
#9659=B_SPLINE_CURVE_WITH_KNOTS('',3,(#12111,#12112,#12113,#12114,#12115),.UNSPECIFIED.,.F.,.F.,(4,1,4),(0.0,0.5,1.0),.UNSPECIFIED.);
#9660=VERTEX_POINT('',#12116);
#9661=LINE('',#12117,#12118);
#9662=VERTEX_POINT('',#12119);
#9663=B_SPLINE_CURVE_WITH_KNOTS('',3,(#12120,#12121,#12122,#12123,#12124),.UNSPECIFIED.,.F.,.F.,(4,1,4),(0.0,0.5,1.0),.UNSPECIFIED.);
#9664=CIRCLE('',#12125,0.09);
#9665=VERTEX_POINT('',#12126);
#9666=LINE('',#12127,#12128);
#9667=LINE('',#12129,#12130);
#9668=LINE('',#12131,#12132);
#9669=VERTEX_POINT('',#12133);
#9670=LINE('',#12134,#12135);
#9671=LINE('',#12136,#12137);
#9672=VERTEX_POINT('',#12138);
#9673=LINE('',#12139,#12140);
#9674=CIRCLE('',#12141,0.01);
#9675=VERTEX_POINT('',#12142);
#9676=VERTEX_POINT('',#12143);
#9677=LINE('',#12144,#12145);
#9678=LINE('',#12146,#12147);
#9679=VERTEX_POINT('',#12148);
#9680=LINE('',#12149,#12150);
#9681=VERTEX_POINT('',#12151);
#9682=CIRCLE('',#12152,0.01);
#9683=VERTEX_POINT('',#12153);
#9684=LINE('',#12154,#12155);
#9685=VERTEX_POINT('',#12156);
#9686=LINE('',#12157,#12158);
#9687=VERTEX_POINT('',#12159);
#9688=LINE('',#12160,#12161);
#9689=VERTEX_POINT('',#12162);
#9690=LINE('',#12163,#12164);
#9691=VERTEX_POINT('',#12165);
#9692=LINE('',#12166,#12167);
#9693=VERTEX_POINT('',#12168);
#9694=LINE('',#12169,#12170);
#9695=VERTEX_POINT('',#12171);
#9696=LINE('',#12172,#12173);
#9697=VERTEX_POINT('',#12174);
#9698=LINE('',#12175,#12176);
#9699=VERTEX_POINT('',#12177);
#9700=LINE('',#12178,#12179);
#9701=VERTEX_POINT('',#12180);
#9702=CIRCLE('',#12181,0.01);
#9703=VERTEX_POINT('',#12182);
#9704=LINE('',#12183,#12184);
#9705=VERTEX_POINT('',#12185);
#9706=B_SPLINE_CURVE_WITH_KNOTS('',3,(#12186,#12187,#12188,#12189,#12190),.UNSPECIFIED.,.F.,.F.,(4,1,4),(0.0,0.5,1.0),.UNSPECIFIED.);
#9707=VERTEX_POINT('',#12191);
#9708=LINE('',#12192,#12193);
#9709=VERTEX_POINT('',#12194);
#9710=B_SPLINE_CURVE_WITH_KNOTS('',3,(#12195,#12196,#12197,#12198,#12199),.UNSPECIFIED.,.F.,.F.,(4,1,4),(0.0,0.5,1.0),.UNSPECIFIED.);
#9711=VERTEX_POINT('',#12200);
#9712=LINE('',#12201,#12202);
#9713=VERTEX_POINT('',#12203);
#9714=CIRCLE('',#12204,0.01);
#9715=VERTEX_POINT('',#12205);
#9716=LINE('',#12206,#12207);
#9717=VERTEX_POINT('',#12208);
#9718=LINE('',#12209,#12210);
#9719=VERTEX_POINT('',#12211);
#9720=LINE('',#12212,#12213);
#9721=VERTEX_POINT('',#12214);
#9722=LINE('',#12215,#12216);
#9723=VERTEX_POINT('',#12217);
#9724=LINE('',#12218,#12219);
#9725=VERTEX_POINT('',#12220);
#9726=LINE('',#12221,#12222);
#9727=LINE('',#12223,#12224);
#9728=VERTEX_POINT('',#12225);
#9729=VERTEX_POINT('',#12226);
#9730=LINE('',#12227,#12228);
#9731=VERTEX_POINT('',#12229);
#9732=LINE('',#12230,#12231);
#9733=VERTEX_POINT('',#12232);
#9734=LINE('',#12233,#12234);
#9735=LINE('',#12235,#12236);
#9736=VERTEX_POINT('',#12237);
#9737=B_SPLINE_CURVE_WITH_KNOTS('',3,(#12238,#12239,#12240,#12241,#12242,#12243,#12244,#12245,#12246),.UNSPECIFIED.,.F.,.F.,(4,1,1,1,1,1,4),(0.0,0.1666666666667,0.3333333333333,0.5,0.6666666666667,0.8333333333333,1.0),.UNSPECIFIED.);
#9738=VERTEX_POINT('',#12247);
#9739=LINE('',#12248,#12249);
#9740=B_SPLINE_CURVE_WITH_KNOTS('',3,(#12250,#12251,#12252,#12253,#12254,#12255,#12256,#12257,#12258),.UNSPECIFIED.,.F.,.F.,(4,1,1,1,1,1,4),(0.0,0.1666666666667,0.3333333333333,0.5,0.6666666666667,0.8333333333333,1.0),.UNSPECIFIED.);
#9741=VERTEX_POINT('',#12259);
#9742=LINE('',#12260,#12261);
#9743=B_SPLINE_CURVE_WITH_KNOTS('',3,(#12262,#12263,#12264,#12265,#12266,#12267,#12268,#12269,#12270),.UNSPECIFIED.,.F.,.F.,(4,1,1,1,1,1,4),(0.0,0.1666666666667,0.3333333333333,0.5,0.6666666666667,0.8333333333333,1.0),.UNSPECIFIED.);
#9744=VERTEX_POINT('',#12271);
#9745=B_SPLINE_CURVE_WITH_KNOTS('',3,(#12272,#12273,#12274,#12275,#12276,#12277,#12278,#12279,#12280),.UNSPECIFIED.,.F.,.F.,(4,1,1,1,1,1,4),(0.0,0.1666666666667,0.3333333333333,0.5,0.6666666666667,0.8333333333333,1.0),.UNSPECIFIED.);
#9746=LINE('',#12281,#12282);
#9747=VERTEX_POINT('',#12283);
#9748=LINE('',#12284,#12285);
#9749=VERTEX_POINT('',#12286);
#9750=LINE('',#12287,#12288);
#9751=LINE('',#12289,#12290);
#9752=VERTEX_POINT('',#12291);
#9753=LINE('',#12292,#12293);
#9754=LINE('',#12294,#12295);
#9755=LINE('',#12296,#12297);
#9756=VERTEX_POINT('',#12298);
#9757=LINE('',#12299,#12300);
#9758=LINE('',#12301,#12302);
#9759=LINE('',#12303,#12304);
#9760=VERTEX_POINT('',#12305);
#9761=CIRCLE('',#12306,0.09);
#9762=VERTEX_POINT('',#12307);
#9763=LINE('',#12308,#12309);
#9764=VERTEX_POINT('',#12310);
#9765=CIRCLE('',#12311,0.09);
#9766=CIRCLE('',#12312,0.09);
#9767=LINE('',#12313,#12314);
#9768=VERTEX_POINT('',#12315);
#9769=VERTEX_POINT('',#12316);
#9770=LINE('',#12317,#12318);
#9771=VERTEX_POINT('',#12319);
#9772=LINE('',#12320,#12321);
#9773=VERTEX_POINT('',#12322);
#9774=LINE('',#12323,#12324);
#9775=VERTEX_POINT('',#12325);
#9776=LINE('',#12326,#12327);
#9777=LINE('',#12328,#12329);
#9778=VERTEX_POINT('',#12330);
#9779=VERTEX_POINT('',#12331);
#9780=LINE('',#12332,#12333);
#9781=VERTEX_POINT('',#12334);
#9782=CIRCLE('',#12335,0.05);
#9783=VERTEX_POINT('',#12336);
#9784=LINE('',#12337,#12338);
#9785=VERTEX_POINT('',#12339);
#9786=LINE('',#12340,#12341);
#9787=LINE('',#12342,#12343);
#9788=VERTEX_POINT('',#12344);
#9789=LINE('',#12345,#12346);
#9790=VERTEX_POINT('',#12347);
#9791=LINE('',#12348,#12349);
#9792=VERTEX_POINT('',#12350);
#9793=LINE('',#12351,#12352);
#9794=VERTEX_POINT('',#12353);
#9795=LINE('',#12354,#12355);
#9796=LINE('',#12356,#12357);
#9797=VERTEX_POINT('',#12358);
#9798=LINE('',#12359,#12360);
#9799=VERTEX_POINT('',#12361);
#9800=LINE('',#12362,#12363);
#9801=LINE('',#12364,#12365);
#9802=VERTEX_POINT('',#12366);
#9803=LINE('',#12367,#12368);
#9804=VERTEX_POINT('',#12369);
#9805=CIRCLE('',#12370,0.05);
#9806=VERTEX_POINT('',#12371);
#9807=LINE('',#12372,#12373);
#9808=VERTEX_POINT('',#12374);
#9809=LINE('',#12375,#12376);
#9810=VERTEX_POINT('',#12377);
#9811=LINE('',#12378,#12379);
#9812=VERTEX_POINT('',#12380);
#9813=LINE('',#12381,#12382);
#9814=LINE('',#12383,#12384);
#9815=VERTEX_POINT('',#12385);
#9816=LINE('',#12386,#12387);
#9817=VERTEX_POINT('',#12388);
#9818=LINE('',#12389,#12390);
#9819=VERTEX_POINT('',#12391);
#9820=LINE('',#12392,#12393);
#9821=VERTEX_POINT('',#12394);
#9822=LINE('',#12395,#12396);
#9823=LINE('',#12397,#12398);
#9824=VERTEX_POINT('',#12399);
#9825=VERTEX_POINT('',#12400);
#9826=LINE('',#12401,#12402);
#9827=VERTEX_POINT('',#12403);
#9828=LINE('',#12404,#12405);
#9829=VERTEX_POINT('',#12406);
#9830=LINE('',#12407,#12408);
#9831=VERTEX_POINT('',#12409);
#9832=LINE('',#12410,#12411);
#9833=VERTEX_POINT('',#12412);
#9834=LINE('',#12413,#12414);
#9835=VERTEX_POINT('',#12415);
#9836=LINE('',#12416,#12417);
#9837=VERTEX_POINT('',#12418);
#9838=LINE('',#12419,#12420);
#9839=VERTEX_POINT('',#12421);
#9840=LINE('',#12422,#12423);
#9841=VERTEX_POINT('',#12424);
#9842=LINE('',#12425,#12426);
#9843=VERTEX_POINT('',#12427);
#9844=LINE('',#12428,#12429);
#9845=VERTEX_POINT('',#12430);
#9846=LINE('',#12431,#12432);
#9847=VERTEX_POINT('',#12433);
#9848=CIRCLE('',#12434,0.05);
#9849=VERTEX_POINT('',#12435);
#9850=LINE('',#12436,#12437);
#9851=LINE('',#12438,#12439);
#9852=LINE('',#12440,#12441);
#9853=LINE('',#12442,#12443);
#9854=LINE('',#12444,#12445);
#9855=LINE('',#12446,#12447);
#9856=VERTEX_POINT('',#12448);
#9857=LINE('',#12449,#12450);
#9858=LINE('',#12451,#12452);
#9859=VERTEX_POINT('',#12453);
#9860=LINE('',#12454,#12455);
#9861=VERTEX_POINT('',#12456);
#9862=LINE('',#12457,#12458);
#9863=LINE('',#12459,#12460);
#9864=VERTEX_POINT('',#12461);
#9865=LINE('',#12462,#12463);
#9866=LINE('',#12464,#12465);
#9867=VERTEX_POINT('',#12466);
#9868=LINE('',#12467,#12468);
#9869=VERTEX_POINT('',#12469);
#9870=LINE('',#12470,#12471);
#9871=VERTEX_POINT('',#12472);
#9872=LINE('',#12473,#12474);
#9873=LINE('',#12475,#12476);
#9874=VERTEX_POINT('',#12477);
#9875=LINE('',#12478,#12479);
#9876=VERTEX_POINT('',#12480);
#9877=LINE('',#12481,#12482);
#9878=LINE('',#12483,#12484);
#9879=VERTEX_POINT('',#12485);
#9880=LINE('',#12486,#12487);
#9881=VERTEX_POINT('',#12488);
#9882=LINE('',#12489,#12490);
#9883=LINE('',#12491,#12492);
#9884=VERTEX_POINT('',#12493);
#9885=LINE('',#12494,#12495);
#9886=VERTEX_POINT('',#12496);
#9887=LINE('',#12497,#12498);
#9888=LINE('',#12499,#12500);
#9889=VERTEX_POINT('',#12501);
#9890=LINE('',#12502,#12503);
#9891=VERTEX_POINT('',#12504);
#9892=LINE('',#12505,#12506);
#9893=LINE('',#12507,#12508);
#9894=VERTEX_POINT('',#12509);
#9895=LINE('',#12510,#12511);
#9896=VERTEX_POINT('',#12512);
#9897=LINE('',#12513,#12514);
#9898=LINE('',#12515,#12516);
#9899=VERTEX_POINT('',#12517);
#9900=LINE('',#12518,#12519);
#9901=VERTEX_POINT('',#12520);
#9902=LINE('',#12521,#12522);
#9903=LINE('',#12523,#12524);
#9904=VERTEX_POINT('',#12525);
#9905=LINE('',#12526,#12527);
#9906=VERTEX_POINT('',#12528);
#9907=LINE('',#12529,#12530);
#9908=LINE('',#12531,#12532);
#9909=VERTEX_POINT('',#12533);
#9910=LINE('',#12534,#12535);
#9911=VERTEX_POINT('',#12536);
#9912=LINE('',#12537,#12538);
#9913=LINE('',#12539,#12540);
#9914=VERTEX_POINT('',#12541);
#9915=LINE('',#12542,#12543);
#9916=VERTEX_POINT('',#12544);
#9917=LINE('',#12545,#12546);
#9918=LINE('',#12547,#12548);
#9919=VERTEX_POINT('',#12549);
#9920=LINE('',#12550,#12551);
#9921=VERTEX_POINT('',#12552);
#9922=LINE('',#12553,#12554);
#9923=LINE('',#12555,#12556);
#9924=VERTEX_POINT('',#12557);
#9925=LINE('',#12558,#12559);
#9926=VERTEX_POINT('',#12560);
#9927=LINE('',#12561,#12562);
#9928=LINE('',#12563,#12564);
#9929=VERTEX_POINT('',#12565);
#9930=LINE('',#12566,#12567);
#9931=VERTEX_POINT('',#12568);
#9932=LINE('',#12569,#12570);
#9933=LINE('',#12571,#12572);
#9934=VERTEX_POINT('',#12573);
#9935=LINE('',#12574,#12575);
#9936=VERTEX_POINT('',#12576);
#9937=LINE('',#12577,#12578);
#9938=LINE('',#12579,#12580);
#9939=VERTEX_POINT('',#12581);
#9940=LINE('',#12582,#12583);
#9941=VERTEX_POINT('',#12584);
#9942=LINE('',#12585,#12586);
#9943=LINE('',#12587,#12588);
#9944=VERTEX_POINT('',#12589);
#9945=LINE('',#12590,#12591);
#9946=VERTEX_POINT('',#12592);
#9947=LINE('',#12593,#12594);
#9948=LINE('',#12595,#12596);
#9949=VERTEX_POINT('',#12597);
#9950=LINE('',#12598,#12599);
#9951=VERTEX_POINT('',#12600);
#9952=LINE('',#12601,#12602);
#9953=LINE('',#12603,#12604);
#9954=VERTEX_POINT('',#12605);
#9955=LINE('',#12606,#12607);
#9956=VERTEX_POINT('',#12608);
#9957=LINE('',#12609,#12610);
#9958=LINE('',#12611,#12612);
#9959=VERTEX_POINT('',#12613);
#9960=LINE('',#12614,#12615);
#9961=VERTEX_POINT('',#12616);
#9962=LINE('',#12617,#12618);
#9963=LINE('',#12619,#12620);
#9964=VERTEX_POINT('',#12621);
#9965=LINE('',#12622,#12623);
#9966=VERTEX_POINT('',#12624);
#9967=LINE('',#12625,#12626);
#9968=LINE('',#12627,#12628);
#9969=VERTEX_POINT('',#12629);
#9970=LINE('',#12630,#12631);
#9971=VERTEX_POINT('',#12632);
#9972=LINE('',#12633,#12634);
#9973=LINE('',#12635,#12636);
#9974=VERTEX_POINT('',#12637);
#9975=LINE('',#12638,#12639);
#9976=VERTEX_POINT('',#12640);
#9977=LINE('',#12641,#12642);
#9978=LINE('',#12643,#12644);
#9979=VERTEX_POINT('',#12645);
#9980=LINE('',#12646,#12647);
#9981=VERTEX_POINT('',#12648);
#9982=LINE('',#12649,#12650);
#9983=LINE('',#12651,#12652);
#9984=VERTEX_POINT('',#12653);
#9985=LINE('',#12654,#12655);
#9986=VERTEX_POINT('',#12656);
#9987=LINE('',#12657,#12658);
#9988=LINE('',#12659,#12660);
#9989=VERTEX_POINT('',#12661);
#9990=LINE('',#12662,#12663);
#9991=VERTEX_POINT('',#12664);
#9992=LINE('',#12665,#12666);
#9993=LINE('',#12667,#12668);
#9994=VERTEX_POINT('',#12669);
#9995=LINE('',#12670,#12671);
#9996=VERTEX_POINT('',#12672);
#9997=LINE('',#12673,#12674);
#9998=LINE('',#12675,#12676);
#9999=VERTEX_POINT('',#12677);
#10000=LINE('',#12678,#12679);
#10001=VERTEX_POINT('',#12680);
#10002=LINE('',#12681,#12682);
#10003=LINE('',#12683,#12684);
#10004=VERTEX_POINT('',#12685);
#10005=LINE('',#12686,#12687);
#10006=VERTEX_POINT('',#12688);
#10007=LINE('',#12689,#12690);
#10008=LINE('',#12691,#12692);
#10009=VERTEX_POINT('',#12693);
#10010=LINE('',#12694,#12695);
#10011=VERTEX_POINT('',#12696);
#10012=LINE('',#12697,#12698);
#10013=LINE('',#12699,#12700);
#10014=VERTEX_POINT('',#12701);
#10015=LINE('',#12702,#12703);
#10016=VERTEX_POINT('',#12704);
#10017=LINE('',#12705,#12706);
#10018=LINE('',#12707,#12708);
#10019=VERTEX_POINT('',#12709);
#10020=LINE('',#12710,#12711);
#10021=LINE('',#12712,#12713);
#10022=VERTEX_POINT('',#12714);
#10023=LINE('',#12715,#12716);
#10024=LINE('',#12717,#12718);
#10025=VERTEX_POINT('',#12719);
#10026=LINE('',#12720,#12721);
#10027=VERTEX_POINT('',#12722);
#10028=LINE('',#12723,#12724);
#10029=LINE('',#12725,#12726);
#10030=VERTEX_POINT('',#12727);
#10031=LINE('',#12728,#12729);
#10032=LINE('',#12730,#12731);
#10033=VERTEX_POINT('',#12732);
#10034=LINE('',#12733,#12734);
#10035=LINE('',#12735,#12736);
#10036=VERTEX_POINT('',#12737);
#10037=LINE('',#12738,#12739);
#10038=VERTEX_POINT('',#12740);
#10039=LINE('',#12741,#12742);
#10040=VERTEX_POINT('',#12743);
#10041=LINE('',#12744,#12745);
#10042=VERTEX_POINT('',#12746);
#10043=LINE('',#12747,#12748);
#10044=LINE('',#12749,#12750);
#10045=VERTEX_POINT('',#12751);
#10046=LINE('',#12752,#12753);
#10047=LINE('',#12754,#12755);
#10048=VERTEX_POINT('',#12756);
#10049=LINE('',#12757,#12758);
#10050=VERTEX_POINT('',#12759);
#10051=LINE('',#12760,#12761);
#10052=LINE('',#12762,#12763);
#10053=VERTEX_POINT('',#12764);
#10054=VERTEX_POINT('',#12765);
#10055=LINE('',#12766,#12767);
#10056=VERTEX_POINT('',#12768);
#10057=LINE('',#12769,#12770);
#10058=LINE('',#12771,#12772);
#10059=VERTEX_POINT('',#12773);
#10060=LINE('',#12774,#12775);
#10061=LINE('',#12776,#12777);
#10062=VERTEX_POINT('',#12778);
#10063=VERTEX_POINT('',#12779);
#10064=LINE('',#12780,#12781);
#10065=VERTEX_POINT('',#12782);
#10066=LINE('',#12783,#12784);
#10067=VERTEX_POINT('',#12785);
#10068=LINE('',#12786,#12787);
#10069=LINE('',#12788,#12789);
#10070=LINE('',#12790,#12791);
#10071=LINE('',#12792,#12793);
#10072=LINE('',#12794,#12795);
#10073=LINE('',#12796,#12797);
#10074=LINE('',#12798,#12799);
#10075=LINE('',#12800,#12801);
#10076=LINE('',#12802,#12803);
#10077=LINE('',#12804,#12805);
#10078=LINE('',#12806,#12807);
#10079=LINE('',#12808,#12809);
#10080=CIRCLE('',#12810,0.1);
#10081=VERTEX_POINT('',#12811);
#10082=LINE('',#12812,#12813);
#10083=VERTEX_POINT('',#12814);
#10084=LINE('',#12815,#12816);
#10085=VERTEX_POINT('',#12817);
#10086=LINE('',#12818,#12819);
#10087=LINE('',#12820,#12821);
#10088=LINE('',#12822,#12823);
#10089=VERTEX_POINT('',#12824);
#10090=CIRCLE('',#12825,0.1);
#10091=VERTEX_POINT('',#12826);
#10092=LINE('',#12827,#12828);
#10093=VERTEX_POINT('',#12829);
#10094=LINE('',#12830,#12831);
#10095=VERTEX_POINT('',#12832);
#10096=CIRCLE('',#12833,0.3);
#10097=VERTEX_POINT('',#12834);
#10098=LINE('',#12835,#12836);
#10099=VERTEX_POINT('',#12837);
#10100=CIRCLE('',#12838,0.3);
#10101=VERTEX_POINT('',#12839);
#10102=LINE('',#12840,#12841);
#10103=VERTEX_POINT('',#12842);
#10104=LINE('',#12843,#12844);
#10105=CIRCLE('',#12845,0.1);
#10106=VERTEX_POINT('',#12846);
#10107=LINE('',#12847,#12848);
#10108=VERTEX_POINT('',#12849);
#10109=LINE('',#12850,#12851);
#10110=VERTEX_POINT('',#12852);
#10111=LINE('',#12853,#12854);
#10112=VERTEX_POINT('',#12855);
#10113=LINE('',#12856,#12857);
#10114=VERTEX_POINT('',#12858);
#10115=LINE('',#12859,#12860);
#10116=VERTEX_POINT('',#12861);
#10117=LINE('',#12862,#12863);
#10118=VERTEX_POINT('',#12864);
#10119=LINE('',#12865,#12866);
#10120=VERTEX_POINT('',#12867);
#10121=LINE('',#12868,#12869);
#10122=VERTEX_POINT('',#12870);
#10123=LINE('',#12871,#12872);
#10124=VERTEX_POINT('',#12873);
#10125=LINE('',#12874,#12875);
#10126=LINE('',#12876,#12877);
#10127=CIRCLE('',#12878,0.1);
#10128=VERTEX_POINT('',#12879);
#10129=LINE('',#12880,#12881);
#10130=VERTEX_POINT('',#12882);
#10131=CIRCLE('',#12883,0.3);
#10132=VERTEX_POINT('',#12884);
#10133=LINE('',#12885,#12886);
#10134=CIRCLE('',#12887,0.3);
#10135=LINE('',#12888,#12889);
#10136=LINE('',#12890,#12891);
#10137=LINE('',#12892,#12893);
#10138=VERTEX_POINT('',#12894);
#10139=VERTEX_POINT('',#12895);
#10140=LINE('',#12896,#12897);
#10141=LINE('',#12898,#12899);
#10142=VERTEX_POINT('',#12900);
#10143=LINE('',#12901,#12902);
#10144=VERTEX_POINT('',#12903);
#10145=LINE('',#12904,#12905);
#10146=LINE('',#12906,#12907);
#10147=VERTEX_POINT('',#12908);
#10148=VERTEX_POINT('',#12909);
#10149=LINE('',#12910,#12911);
#10150=VERTEX_POINT('',#12912);
#10151=LINE('',#12913,#12914);
#10152=VERTEX_POINT('',#12915);
#10153=LINE('',#12916,#12917);
#10154=LINE('',#12918,#12919);
#10155=VERTEX_POINT('',#12920);
#10156=LINE('',#12921,#12922);
#10157=VERTEX_POINT('',#12923);
#10158=LINE('',#12924,#12925);
#10159=VERTEX_POINT('',#12926);
#10160=LINE('',#12927,#12928);
#10161=VERTEX_POINT('',#12929);
#10162=LINE('',#12930,#12931);
#10163=VERTEX_POINT('',#12932);
#10164=LINE('',#12933,#12934);
#10165=VERTEX_POINT('',#12935);
#10166=LINE('',#12936,#12937);
#10167=VERTEX_POINT('',#12938);
#10168=CIRCLE('',#12939,0.05);
#10169=VERTEX_POINT('',#12940);
#10170=LINE('',#12941,#12942);
#10171=LINE('',#12943,#12944);
#10172=VERTEX_POINT('',#12945);
#10173=VERTEX_POINT('',#12946);
#10174=LINE('',#12947,#12948);
#10175=VERTEX_POINT('',#12949);
#10176=CIRCLE('',#12950,0.05);
#10177=VERTEX_POINT('',#12951);
#10178=LINE('',#12952,#12953);
#10179=VERTEX_POINT('',#12954);
#10180=LINE('',#12955,#12956);
#10181=VERTEX_POINT('',#12957);
#10182=LINE('',#12958,#12959);
#10183=VERTEX_POINT('',#12960);
#10184=LINE('',#12961,#12962);
#10185=VERTEX_POINT('',#12963);
#10186=LINE('',#12964,#12965);
#10187=VERTEX_POINT('',#12966);
#10188=LINE('',#12967,#12968);
#10189=VERTEX_POINT('',#12969);
#10190=LINE('',#12970,#12971);
#10191=VERTEX_POINT('',#12972);
#10192=LINE('',#12973,#12974);
#10193=VERTEX_POINT('',#12975);
#10194=LINE('',#12976,#12977);
#10195=VERTEX_POINT('',#12978);
#10196=LINE('',#12979,#12980);
#10197=VERTEX_POINT('',#12981);
#10198=LINE('',#12982,#12983);
#10199=LINE('',#12984,#12985);
#10200=CIRCLE('',#12986,0.09);
#10201=VERTEX_POINT('',#12987);
#10202=CIRCLE('',#12988,0.09);
#10203=CIRCLE('',#12989,0.09);
#10204=VERTEX_POINT('',#12990);
#10205=LINE('',#12991,#12992);
#10206=LINE('',#12993,#12994);
#10207=VERTEX_POINT('',#12995);
#10208=LINE('',#12996,#12997);
#10209=LINE('',#12998,#12999);
#10210=VERTEX_POINT('',#13000);
#10211=LINE('',#13001,#13002);
#10212=VERTEX_POINT('',#13003);
#10213=LINE('',#13004,#13005);
#10214=LINE('',#13006,#13007);
#10215=VERTEX_POINT('',#13008);
#10216=LINE('',#13009,#13010);
#10217=VERTEX_POINT('',#13011);
#10218=CIRCLE('',#13012,0.05);
#10219=VERTEX_POINT('',#13013);
#10220=LINE('',#13014,#13015);
#10221=LINE('',#13016,#13017);
#10222=LINE('',#13018,#13019);
#10223=VERTEX_POINT('',#13020);
#10224=LINE('',#13021,#13022);
#10225=LINE('',#13023,#13024);
#10226=LINE('',#13025,#13026);
#10227=LINE('',#13027,#13028);
#10228=LINE('',#13029,#13030);
#10229=VERTEX_POINT('',#13031);
#10230=LINE('',#13032,#13033);
#10231=VERTEX_POINT('',#13034);
#10232=LINE('',#13035,#13036);
#10233=VERTEX_POINT('',#13037);
#10234=LINE('',#13038,#13039);
#10235=LINE('',#13040,#13041);
#10236=VERTEX_POINT('',#13042);
#10237=LINE('',#13043,#13044);
#10238=LINE('',#13045,#13046);
#10239=VERTEX_POINT('',#13047);
#10240=LINE('',#13048,#13049);
#10241=VERTEX_POINT('',#13050);
#10242=LINE('',#13051,#13052);
#10243=LINE('',#13053,#13054);
#10244=VERTEX_POINT('',#13055);
#10245=LINE('',#13056,#13057);
#10246=LINE('',#13058,#13059);
#10247=VERTEX_POINT('',#13060);
#10248=LINE('',#13061,#13062);
#10249=LINE('',#13063,#13064);
#10250=LINE('',#13065,#13066);
#10251=LINE('',#13067,#13068);
#10252=VERTEX_POINT('',#13069);
#10253=VERTEX_POINT('',#13070);
#10254=LINE('',#13071,#13072);
#10255=VERTEX_POINT('',#13073);
#10256=LINE('',#13074,#13075);
#10257=VERTEX_POINT('',#13076);
#10258=LINE('',#13077,#13078);
#10259=LINE('',#13079,#13080);
#10260=LINE('',#13081,#13082);
#10261=LINE('',#13083,#13084);
#10262=VERTEX_POINT('',#13085);
#10263=LINE('',#13086,#13087);
#10264=LINE('',#13088,#13089);
#10265=LINE('',#13090,#13091);
#10266=LINE('',#13092,#13093);
#10267=VERTEX_POINT('',#13094);
#10268=LINE('',#13095,#13096);
#10269=LINE('',#13097,#13098);
#10270=VERTEX_POINT('',#13099);
#10271=LINE('',#13100,#13101);
#10272=LINE('',#13102,#13103);
#10273=VERTEX_POINT('',#13104);
#10274=LINE('',#13105,#13106);
#10275=VERTEX_POINT('',#13107);
#10276=LINE('',#13108,#13109);
#10277=CIRCLE('',#13110,0.05);
#10278=VERTEX_POINT('',#13111);
#10279=LINE('',#13112,#13113);
#10280=LINE('',#13114,#13115);
#10281=VERTEX_POINT('',#13116);
#10282=VERTEX_POINT('',#13117);
#10283=LINE('',#13118,#13119);
#10284=VERTEX_POINT('',#13120);
#10285=LINE('',#13121,#13122);
#10286=VERTEX_POINT('',#13123);
#10287=LINE('',#13124,#13125);
#10288=VERTEX_POINT('',#13126);
#10289=LINE('',#13127,#13128);
#10290=LINE('',#13129,#13130);
#10291=LINE('',#13131,#13132);
#10292=LINE('',#13133,#13134);
#10293=LINE('',#13135,#13136);
#10294=LINE('',#13137,#13138);
#10295=VERTEX_POINT('',#13139);
#10296=LINE('',#13140,#13141);
#10297=LINE('',#13142,#13143);
#10298=LINE('',#13144,#13145);
#10299=CIRCLE('',#13146,0.09);
#10300=CIRCLE('',#13147,0.09);
#10301=LINE('',#13148,#13149);
#10302=CIRCLE('',#13150,0.09);
#10303=CIRCLE('',#13151,0.09);
#10304=VERTEX_POINT('',#13152);
#10305=CIRCLE('',#13153,0.09);
#10306=CIRCLE('',#13154,0.09);
#10307=VERTEX_POINT('',#13155);
#10308=LINE('',#13156,#13157);
#10309=LINE('',#13158,#13159);
#10310=VERTEX_POINT('',#13160);
#10311=LINE('',#13161,#13162);
#10312=LINE('',#13163,#13164);
#10313=VERTEX_POINT('',#13165);
#10314=LINE('',#13166,#13167);
#10315=LINE('',#13168,#13169);
#10316=LINE('',#13170,#13171);
#10317=VERTEX_POINT('',#13172);
#10318=LINE('',#13173,#13174);
#10319=CIRCLE('',#13175,0.05);
#10320=LINE('',#13176,#13177);
#10321=LINE('',#13178,#13179);
#10322=LINE('',#13180,#13181);
#10323=LINE('',#13182,#13183);
#10324=VERTEX_POINT('',#13184);
#10325=VERTEX_POINT('',#13185);
#10326=LINE('',#13186,#13187);
#10327=VERTEX_POINT('',#13188);
#10328=LINE('',#13189,#13190);
#10329=VERTEX_POINT('',#13191);
#10330=LINE('',#13192,#13193);
#10331=LINE('',#13194,#13195);
#10332=LINE('',#13196,#13197);
#10333=VERTEX_POINT('',#13198);
#10334=VERTEX_POINT('',#13199);
#10335=LINE('',#13200,#13201);
#10336=LINE('',#13202,#13203);
#10337=CIRCLE('',#13204,0.09);
#10338=VERTEX_POINT('',#13205);
#10339=LINE('',#13206,#13207);
#10340=CIRCLE('',#13208,0.09);
#10341=VERTEX_POINT('',#13209);
#10342=LINE('',#13210,#13211);
#10343=VERTEX_POINT('',#13212);
#10344=LINE('',#13213,#13214);
#10345=LINE('',#13215,#13216);
#10346=VERTEX_POINT('',#13217);
#10347=LINE('',#13218,#13219);
#10348=VERTEX_POINT('',#13220);
#10349=LINE('',#13221,#13222);
#10350=VERTEX_POINT('',#13223);
#10351=LINE('',#13224,#13225);
#10352=VERTEX_POINT('',#13226);
#10353=LINE('',#13227,#13228);
#10354=VERTEX_POINT('',#13229);
#10355=LINE('',#13230,#13231);
#10356=VERTEX_POINT('',#13232);
#10357=LINE('',#13233,#13234);
#10358=LINE('',#13235,#13236);
#10359=LINE('',#13237,#13238);
#10360=VERTEX_POINT('',#13239);
#10361=VERTEX_POINT('',#13240);
#10362=LINE('',#13241,#13242);
#10363=LINE('',#13243,#13244);
#10364=LINE('',#13245,#13246);
#10365=VERTEX_POINT('',#13247);
#10366=LINE('',#13248,#13249);
#10367=LINE('',#13250,#13251);
#10368=VERTEX_POINT('',#13252);
#10369=LINE('',#13253,#13254);
#10370=VERTEX_POINT('',#13255);
#10371=LINE('',#13256,#13257);
#10372=VERTEX_POINT('',#13258);
#10373=LINE('',#13259,#13260);
#10374=LINE('',#13261,#13262);
#10375=LINE('',#13263,#13264);
#10376=VERTEX_POINT('',#13265);
#10377=LINE('',#13266,#13267);
#10378=LINE('',#13268,#13269);
#10379=LINE('',#13270,#13271);
#10380=VERTEX_POINT('',#13272);
#10381=LINE('',#13273,#13274);
#10382=LINE('',#13275,#13276);
#10383=LINE('',#13277,#13278);
#10384=LINE('',#13279,#13280);
#10385=LINE('',#13281,#13282);
#10386=LINE('',#13283,#13284);
#10387=LINE('',#13285,#13286);
#10388=LINE('',#13287,#13288);
#10389=LINE('',#13289,#13290);
#10390=LINE('',#13291,#13292);
#10391=VERTEX_POINT('',#13293);
#10392=LINE('',#13294,#13295);
#10393=LINE('',#13296,#13297);
#10394=LINE('',#13298,#13299);
#10395=VERTEX_POINT('',#13300);
#10396=LINE('',#13301,#13302);
#10397=VERTEX_POINT('',#13303);
#10398=LINE('',#13304,#13305);
#10399=LINE('',#13306,#13307);
#10400=LINE('',#13308,#13309);
#10401=LINE('',#13310,#13311);
#10402=LINE('',#13312,#13313);
#10403=LINE('',#13314,#13315);
#10404=CIRCLE('',#13316,0.09);
#10405=LINE('',#13317,#13318);
#10406=LINE('',#13319,#13320);
#10407=LINE('',#13321,#13322);
#10408=LINE('',#13323,#13324);
#10409=CIRCLE('',#13325,0.09);
#10410=LINE('',#13326,#13327);
#10411=LINE('',#13328,#13329);
#10412=CIRCLE('',#13330,0.09);
#10413=CIRCLE('',#13331,0.09);
#10414=LINE('',#13332,#13333);
#10415=LINE('',#13334,#13335);
#10416=LINE('',#13336,#13337);
#10417=LINE('',#13338,#13339);
#10418=LINE('',#13340,#13341);
#10419=LINE('',#13342,#13343);
#10420=LINE('',#13344,#13345);
#10421=VERTEX_POINT('',#13346);
#10422=VERTEX_POINT('',#13347);
#10423=LINE('',#13348,#13349);
#10424=VERTEX_POINT('',#13350);
#10425=LINE('',#13351,#13352);
#10426=VERTEX_POINT('',#13353);
#10427=LINE('',#13354,#13355);
#10428=LINE('',#13356,#13357);
#10429=LINE('',#13358,#13359);
#10430=LINE('',#13360,#13361);
#10431=LINE('',#13362,#13363);
#10432=LINE('',#13364,#13365);
#10433=LINE('',#13366,#13367);
#10434=LINE('',#13368,#13369);
#10435=LINE('',#13370,#13371);
#10436=VERTEX_POINT('',#13372);
#10437=LINE('',#13373,#13374);
#10438=LINE('',#13375,#13376);
#10439=VERTEX_POINT('',#13377);
#10440=LINE('',#13378,#13379);
#10441=LINE('',#13380,#13381);
#10442=VERTEX_POINT('',#13382);
#10443=LINE('',#13383,#13384);
#10444=LINE('',#13385,#13386);
#10445=LINE('',#13387,#13388);
#10446=VERTEX_POINT('',#13389);
#10447=LINE('',#13390,#13391);
#10448=LINE('',#13392,#13393);
#10449=LINE('',#13394,#13395);
#10450=VERTEX_POINT('',#13396);
#10451=LINE('',#13397,#13398);
#10452=LINE('',#13399,#13400);
#10453=VERTEX_POINT('',#13401);
#10454=LINE('',#13402,#13403);
#10455=LINE('',#13404,#13405);
#10456=VERTEX_POINT('',#13406);
#10457=LINE('',#13407,#13408);
#10458=LINE('',#13409,#13410);
#10459=LINE('',#13411,#13412);
#10460=VERTEX_POINT('',#13413);
#10461=LINE('',#13414,#13415);
#10462=LINE('',#13416,#13417);
#10463=LINE('',#13418,#13419);
#10464=VERTEX_POINT('',#13420);
#10465=LINE('',#13421,#13422);
#10466=LINE('',#13423,#13424);
#10467=VERTEX_POINT('',#13425);
#10468=LINE('',#13426,#13427);
#10469=LINE('',#13428,#13429);
#10470=VERTEX_POINT('',#13430);
#10471=LINE('',#13431,#13432);
#10472=LINE('',#13433,#13434);
#10473=LINE('',#13435,#13436);
#10474=VERTEX_POINT('',#13437);
#10475=LINE('',#13438,#13439);
#10476=LINE('',#13440,#13441);
#10477=LINE('',#13442,#13443);
#10478=VERTEX_POINT('',#13444);
#10479=LINE('',#13445,#13446);
#10480=LINE('',#13447,#13448);
#10481=VERTEX_POINT('',#13449);
#10482=LINE('',#13450,#13451);
#10483=LINE('',#13452,#13453);
#10484=VERTEX_POINT('',#13454);
#10485=LINE('',#13455,#13456);
#10486=LINE('',#13457,#13458);
#10487=LINE('',#13459,#13460);
#10488=VERTEX_POINT('',#13461);
#10489=LINE('',#13462,#13463);
#10490=LINE('',#13464,#13465);
#10491=LINE('',#13466,#13467);
#10492=VERTEX_POINT('',#13468);
#10493=LINE('',#13469,#13470);
#10494=LINE('',#13471,#13472);
#10495=VERTEX_POINT('',#13473);
#10496=LINE('',#13474,#13475);
#10497=LINE('',#13476,#13477);
#10498=VERTEX_POINT('',#13478);
#10499=LINE('',#13479,#13480);
#10500=LINE('',#13481,#13482);
#10501=LINE('',#13483,#13484);
#10502=VERTEX_POINT('',#13485);
#10503=LINE('',#13486,#13487);
#10504=LINE('',#13488,#13489);
#10505=LINE('',#13490,#13491);
#10506=VERTEX_POINT('',#13492);
#10507=LINE('',#13493,#13494);
#10508=LINE('',#13495,#13496);
#10509=VERTEX_POINT('',#13497);
#10510=LINE('',#13498,#13499);
#10511=LINE('',#13500,#13501);
#10512=VERTEX_POINT('',#13502);
#10513=LINE('',#13503,#13504);
#10514=LINE('',#13505,#13506);
#10515=LINE('',#13507,#13508);
#10516=VERTEX_POINT('',#13509);
#10517=LINE('',#13510,#13511);
#10518=LINE('',#13512,#13513);
#10519=LINE('',#13514,#13515);
#10520=VERTEX_POINT('',#13516);
#10521=LINE('',#13517,#13518);
#10522=LINE('',#13519,#13520);
#10523=VERTEX_POINT('',#13521);
#10524=LINE('',#13522,#13523);
#10525=LINE('',#13524,#13525);
#10526=VERTEX_POINT('',#13526);
#10527=LINE('',#13527,#13528);
#10528=LINE('',#13529,#13530);
#10529=LINE('',#13531,#13532);
#10530=VERTEX_POINT('',#13533);
#10531=LINE('',#13534,#13535);
#10532=LINE('',#13536,#13537);
#10533=LINE('',#13538,#13539);
#10534=VERTEX_POINT('',#13540);
#10535=LINE('',#13541,#13542);
#10536=LINE('',#13543,#13544);
#10537=VERTEX_POINT('',#13545);
#10538=LINE('',#13546,#13547);
#10539=LINE('',#13548,#13549);
#10540=VERTEX_POINT('',#13550);
#10541=LINE('',#13551,#13552);
#10542=LINE('',#13553,#13554);
#10543=LINE('',#13555,#13556);
#10544=VERTEX_POINT('',#13557);
#10545=LINE('',#13558,#13559);
#10546=LINE('',#13560,#13561);
#10547=LINE('',#13562,#13563);
#10548=VERTEX_POINT('',#13564);
#10549=LINE('',#13565,#13566);
#10550=LINE('',#13567,#13568);
#10551=VERTEX_POINT('',#13569);
#10552=LINE('',#13570,#13571);
#10553=LINE('',#13572,#13573);
#10554=VERTEX_POINT('',#13574);
#10555=LINE('',#13575,#13576);
#10556=LINE('',#13577,#13578);
#10557=LINE('',#13579,#13580);
#10558=VERTEX_POINT('',#13581);
#10559=LINE('',#13582,#13583);
#10560=LINE('',#13584,#13585);
#10561=LINE('',#13586,#13587);
#10562=VERTEX_POINT('',#13588);
#10563=LINE('',#13589,#13590);
#10564=LINE('',#13591,#13592);
#10565=VERTEX_POINT('',#13593);
#10566=LINE('',#13594,#13595);
#10567=LINE('',#13596,#13597);
#10568=VERTEX_POINT('',#13598);
#10569=LINE('',#13599,#13600);
#10570=LINE('',#13601,#13602);
#10571=LINE('',#13603,#13604);
#10572=VERTEX_POINT('',#13605);
#10573=LINE('',#13606,#13607);
#10574=LINE('',#13608,#13609);
#10575=LINE('',#13610,#13611);
#10576=VERTEX_POINT('',#13612);
#10577=LINE('',#13613,#13614);
#10578=LINE('',#13615,#13616);
#10579=VERTEX_POINT('',#13617);
#10580=LINE('',#13618,#13619);
#10581=LINE('',#13620,#13621);
#10582=VERTEX_POINT('',#13622);
#10583=LINE('',#13623,#13624);
#10584=LINE('',#13625,#13626);
#10585=LINE('',#13627,#13628);
#10586=VERTEX_POINT('',#13629);
#10587=LINE('',#13630,#13631);
#10588=LINE('',#13632,#13633);
#10589=LINE('',#13634,#13635);
#10590=VERTEX_POINT('',#13636);
#10591=LINE('',#13637,#13638);
#10592=LINE('',#13639,#13640);
#10593=VERTEX_POINT('',#13641);
#10594=LINE('',#13642,#13643);
#10595=LINE('',#13644,#13645);
#10596=VERTEX_POINT('',#13646);
#10597=LINE('',#13647,#13648);
#10598=LINE('',#13649,#13650);
#10599=LINE('',#13651,#13652);
#10600=VERTEX_POINT('',#13653);
#10601=LINE('',#13654,#13655);
#10602=LINE('',#13656,#13657);
#10603=LINE('',#13658,#13659);
#10604=VERTEX_POINT('',#13660);
#10605=LINE('',#13661,#13662);
#10606=LINE('',#13663,#13664);
#10607=VERTEX_POINT('',#13665);
#10608=LINE('',#13666,#13667);
#10609=LINE('',#13668,#13669);
#10610=VERTEX_POINT('',#13670);
#10611=LINE('',#13671,#13672);
#10612=LINE('',#13673,#13674);
#10613=LINE('',#13675,#13676);
#10614=VERTEX_POINT('',#13677);
#10615=LINE('',#13678,#13679);
#10616=LINE('',#13680,#13681);
#10617=LINE('',#13682,#13683);
#10618=VERTEX_POINT('',#13684);
#10619=LINE('',#13685,#13686);
#10620=LINE('',#13687,#13688);
#10621=VERTEX_POINT('',#13689);
#10622=LINE('',#13690,#13691);
#10623=LINE('',#13692,#13693);
#10624=VERTEX_POINT('',#13694);
#10625=LINE('',#13695,#13696);
#10626=LINE('',#13697,#13698);
#10627=LINE('',#13699,#13700);
#10628=VERTEX_POINT('',#13701);
#10629=LINE('',#13702,#13703);
#10630=LINE('',#13704,#13705);
#10631=LINE('',#13706,#13707);
#10632=VERTEX_POINT('',#13708);
#10633=LINE('',#13709,#13710);
#10634=LINE('',#13711,#13712);
#10635=VERTEX_POINT('',#13713);
#10636=LINE('',#13714,#13715);
#10637=LINE('',#13716,#13717);
#10638=VERTEX_POINT('',#13718);
#10639=LINE('',#13719,#13720);
#10640=LINE('',#13721,#13722);
#10641=LINE('',#13723,#13724);
#10642=VERTEX_POINT('',#13725);
#10643=LINE('',#13726,#13727);
#10644=LINE('',#13728,#13729);
#10645=LINE('',#13730,#13731);
#10646=VERTEX_POINT('',#13732);
#10647=LINE('',#13733,#13734);
#10648=LINE('',#13735,#13736);
#10649=VERTEX_POINT('',#13737);
#10650=LINE('',#13738,#13739);
#10651=LINE('',#13740,#13741);
#10652=VERTEX_POINT('',#13742);
#10653=LINE('',#13743,#13744);
#10654=LINE('',#13745,#13746);
#10655=LINE('',#13747,#13748);
#10656=VERTEX_POINT('',#13749);
#10657=LINE('',#13750,#13751);
#10658=LINE('',#13752,#13753);
#10659=LINE('',#13754,#13755);
#10660=VERTEX_POINT('',#13756);
#10661=LINE('',#13757,#13758);
#10662=LINE('',#13759,#13760);
#10663=VERTEX_POINT('',#13761);
#10664=LINE('',#13762,#13763);
#10665=LINE('',#13764,#13765);
#10666=VERTEX_POINT('',#13766);
#10667=LINE('',#13767,#13768);
#10668=LINE('',#13769,#13770);
#10669=LINE('',#13771,#13772);
#10670=VERTEX_POINT('',#13773);
#10671=LINE('',#13774,#13775);
#10672=LINE('',#13776,#13777);
#10673=LINE('',#13778,#13779);
#10674=VERTEX_POINT('',#13780);
#10675=LINE('',#13781,#13782);
#10676=LINE('',#13783,#13784);
#10677=VERTEX_POINT('',#13785);
#10678=LINE('',#13786,#13787);
#10679=LINE('',#13788,#13789);
#10680=VERTEX_POINT('',#13790);
#10681=LINE('',#13791,#13792);
#10682=LINE('',#13793,#13794);
#10683=LINE('',#13795,#13796);
#10684=VERTEX_POINT('',#13797);
#10685=LINE('',#13798,#13799);
#10686=LINE('',#13800,#13801);
#10687=LINE('',#13802,#13803);
#10688=VERTEX_POINT('',#13804);
#10689=LINE('',#13805,#13806);
#10690=LINE('',#13807,#13808);
#10691=VERTEX_POINT('',#13809);
#10692=LINE('',#13810,#13811);
#10693=LINE('',#13812,#13813);
#10694=VERTEX_POINT('',#13814);
#10695=LINE('',#13815,#13816);
#10696=LINE('',#13817,#13818);
#10697=LINE('',#13819,#13820);
#10698=VERTEX_POINT('',#13821);
#10699=LINE('',#13822,#13823);
#10700=LINE('',#13824,#13825);
#10701=LINE('',#13826,#13827);
#10702=VERTEX_POINT('',#13828);
#10703=LINE('',#13829,#13830);
#10704=LINE('',#13831,#13832);
#10705=VERTEX_POINT('',#13833);
#10706=LINE('',#13834,#13835);
#10707=LINE('',#13836,#13837);
#10708=VERTEX_POINT('',#13838);
#10709=LINE('',#13839,#13840);
#10710=LINE('',#13841,#13842);
#10711=LINE('',#13843,#13844);
#10712=VERTEX_POINT('',#13845);
#10713=LINE('',#13846,#13847);
#10714=LINE('',#13848,#13849);
#10715=LINE('',#13850,#13851);
#10716=VERTEX_POINT('',#13852);
#10717=LINE('',#13853,#13854);
#10718=LINE('',#13855,#13856);
#10719=VERTEX_POINT('',#13857);
#10720=LINE('',#13858,#13859);
#10721=LINE('',#13860,#13861);
#10722=VERTEX_POINT('',#13862);
#10723=LINE('',#13863,#13864);
#10724=LINE('',#13865,#13866);
#10725=LINE('',#13867,#13868);
#10726=VERTEX_POINT('',#13869);
#10727=LINE('',#13870,#13871);
#10728=LINE('',#13872,#13873);
#10729=LINE('',#13874,#13875);
#10730=VERTEX_POINT('',#13876);
#10731=LINE('',#13877,#13878);
#10732=LINE('',#13879,#13880);
#10733=VERTEX_POINT('',#13881);
#10734=LINE('',#13882,#13883);
#10735=LINE('',#13884,#13885);
#10736=VERTEX_POINT('',#13886);
#10737=LINE('',#13887,#13888);
#10738=LINE('',#13889,#13890);
#10739=LINE('',#13891,#13892);
#10740=VERTEX_POINT('',#13893);
#10741=LINE('',#13894,#13895);
#10742=LINE('',#13896,#13897);
#10743=LINE('',#13898,#13899);
#10744=VERTEX_POINT('',#13900);
#10745=LINE('',#13901,#13902);
#10746=LINE('',#13903,#13904);
#10747=VERTEX_POINT('',#13905);
#10748=LINE('',#13906,#13907);
#10749=LINE('',#13908,#13909);
#10750=VERTEX_POINT('',#13910);
#10751=LINE('',#13911,#13912);
#10752=LINE('',#13913,#13914);
#10753=LINE('',#13915,#13916);
#10754=VERTEX_POINT('',#13917);
#10755=LINE('',#13918,#13919);
#10756=LINE('',#13920,#13921);
#10757=LINE('',#13922,#13923);
#10758=VERTEX_POINT('',#13924);
#10759=LINE('',#13925,#13926);
#10760=LINE('',#13927,#13928);
#10761=VERTEX_POINT('',#13929);
#10762=LINE('',#13930,#13931);
#10763=LINE('',#13932,#13933);
#10764=VERTEX_POINT('',#13934);
#10765=LINE('',#13935,#13936);
#10766=LINE('',#13937,#13938);
#10767=LINE('',#13939,#13940);
#10768=VERTEX_POINT('',#13941);
#10769=LINE('',#13942,#13943);
#10770=LINE('',#13944,#13945);
#10771=LINE('',#13946,#13947);
#10772=VERTEX_POINT('',#13948);
#10773=LINE('',#13949,#13950);
#10774=LINE('',#13951,#13952);
#10775=VERTEX_POINT('',#13953);
#10776=LINE('',#13954,#13955);
#10777=LINE('',#13956,#13957);
#10778=VERTEX_POINT('',#13958);
#10779=LINE('',#13959,#13960);
#10780=LINE('',#13961,#13962);
#10781=LINE('',#13963,#13964);
#10782=VERTEX_POINT('',#13965);
#10783=LINE('',#13966,#13967);
#10784=LINE('',#13968,#13969);
#10785=LINE('',#13970,#13971);
#10786=VERTEX_POINT('',#13972);
#10787=LINE('',#13973,#13974);
#10788=LINE('',#13975,#13976);
#10789=VERTEX_POINT('',#13977);
#10790=LINE('',#13978,#13979);
#10791=LINE('',#13980,#13981);
#10792=VERTEX_POINT('',#13982);
#10793=LINE('',#13983,#13984);
#10794=LINE('',#13985,#13986);
#10795=LINE('',#13987,#13988);
#10796=VERTEX_POINT('',#13989);
#10797=LINE('',#13990,#13991);
#10798=LINE('',#13992,#13993);
#10799=LINE('',#13994,#13995);
#10800=VERTEX_POINT('',#13996);
#10801=LINE('',#13997,#13998);
#10802=LINE('',#13999,#14000);
#10803=VERTEX_POINT('',#14001);
#10804=LINE('',#14002,#14003);
#10805=LINE('',#14004,#14005);
#10806=VERTEX_POINT('',#14006);
#10807=LINE('',#14007,#14008);
#10808=LINE('',#14009,#14010);
#10809=LINE('',#14011,#14012);
#10810=VERTEX_POINT('',#14013);
#10811=LINE('',#14014,#14015);
#10812=LINE('',#14016,#14017);
#10813=LINE('',#14018,#14019);
#10814=VERTEX_POINT('',#14020);
#10815=LINE('',#14021,#14022);
#10816=LINE('',#14023,#14024);
#10817=VERTEX_POINT('',#14025);
#10818=LINE('',#14026,#14027);
#10819=LINE('',#14028,#14029);
#10820=VERTEX_POINT('',#14030);
#10821=LINE('',#14031,#14032);
#10822=LINE('',#14033,#14034);
#10823=LINE('',#14035,#14036);
#10824=VERTEX_POINT('',#14037);
#10825=LINE('',#14038,#14039);
#10826=LINE('',#14040,#14041);
#10827=LINE('',#14042,#14043);
#10828=VERTEX_POINT('',#14044);
#10829=LINE('',#14045,#14046);
#10830=LINE('',#14047,#14048);
#10831=VERTEX_POINT('',#14049);
#10832=LINE('',#14050,#14051);
#10833=LINE('',#14052,#14053);
#10834=VERTEX_POINT('',#14054);
#10835=LINE('',#14055,#14056);
#10836=LINE('',#14057,#14058);
#10837=LINE('',#14059,#14060);
#10838=VERTEX_POINT('',#14061);
#10839=LINE('',#14062,#14063);
#10840=LINE('',#14064,#14065);
#10841=LINE('',#14066,#14067);
#10842=VERTEX_POINT('',#14068);
#10843=LINE('',#14069,#14070);
#10844=LINE('',#14071,#14072);
#10845=VERTEX_POINT('',#14073);
#10846=LINE('',#14074,#14075);
#10847=LINE('',#14076,#14077);
#10848=VERTEX_POINT('',#14078);
#10849=LINE('',#14079,#14080);
#10850=LINE('',#14081,#14082);
#10851=LINE('',#14083,#14084);
#10852=VERTEX_POINT('',#14085);
#10853=LINE('',#14086,#14087);
#10854=LINE('',#14088,#14089);
#10855=LINE('',#14090,#14091);
#10856=CARTESIAN_POINT('',(-5.315,-0.4,0.63));
#10857=CARTESIAN_POINT('',(-5.315,-0.4,0.38));
#10858=CARTESIAN_POINT('',(-5.315,-0.4,0.63));
#10859=VECTOR('',#14092,0.25);
#10860=CARTESIAN_POINT('',(5.315,-0.4,0.38));
#10861=CARTESIAN_POINT('',(-5.315,-0.4,0.38));
#10862=VECTOR('',#14093,10.63);
#10863=CARTESIAN_POINT('',(5.315,-0.4,0.63));
#10864=CARTESIAN_POINT('',(5.315,-0.4,0.38));
#10865=VECTOR('',#14094,0.25);
#10866=CARTESIAN_POINT('',(5.135,-0.4,0.63));
#10867=CARTESIAN_POINT('',(5.135,-0.4,0.63));
#10868=VECTOR('',#14095,0.18);
#10869=CARTESIAN_POINT('',(5.135,-0.4,1.0));
#10870=CARTESIAN_POINT('',(5.135,-0.4,1.0));
#10871=VECTOR('',#14096,0.37);
#10872=CARTESIAN_POINT('',(5.015,-0.4,1.0));
#10873=CARTESIAN_POINT('',(5.015,-0.4,1.0));
#10874=VECTOR('',#14097,0.12);
#10875=CARTESIAN_POINT('',(5.015,-0.4,0.63));
#10876=CARTESIAN_POINT('',(5.015,-0.4,1.0));
#10877=VECTOR('',#14098,0.37);
#10878=CARTESIAN_POINT('',(4.785,-0.4,0.63));
#10879=CARTESIAN_POINT('',(4.785,-0.4,0.63));
#10880=VECTOR('',#14099,0.23);
#10881=CARTESIAN_POINT('',(4.785,-0.4,1.0));
#10882=CARTESIAN_POINT('',(4.785,-0.4,1.0));
#10883=VECTOR('',#14100,0.37);
#10884=CARTESIAN_POINT('',(4.665,-0.4,1.0));
#10885=CARTESIAN_POINT('',(4.665,-0.4,1.0));
#10886=VECTOR('',#14101,0.12);
#10887=CARTESIAN_POINT('',(4.665,-0.4,0.63));
#10888=CARTESIAN_POINT('',(4.665,-0.4,1.0));
#10889=VECTOR('',#14102,0.37);
#10890=CARTESIAN_POINT('',(4.435,-0.4,0.63));
#10891=CARTESIAN_POINT('',(4.435,-0.4,0.63));
#10892=VECTOR('',#14103,0.23);
#10893=CARTESIAN_POINT('',(4.435,-0.4,1.0));
#10894=CARTESIAN_POINT('',(4.435,-0.4,1.0));
#10895=VECTOR('',#14104,0.37);
#10896=CARTESIAN_POINT('',(4.315,-0.4,1.0));
#10897=CARTESIAN_POINT('',(4.315,-0.4,1.0));
#10898=VECTOR('',#14105,0.12);
#10899=CARTESIAN_POINT('',(4.315,-0.4,0.63));
#10900=CARTESIAN_POINT('',(4.315,-0.4,1.0));
#10901=VECTOR('',#14106,0.37);
#10902=CARTESIAN_POINT('',(4.085,-0.4,0.63));
#10903=CARTESIAN_POINT('',(4.085,-0.4,0.63));
#10904=VECTOR('',#14107,0.23);
#10905=CARTESIAN_POINT('',(4.085,-0.4,1.0));
#10906=CARTESIAN_POINT('',(4.085,-0.4,1.0));
#10907=VECTOR('',#14108,0.37);
#10908=CARTESIAN_POINT('',(3.965,-0.4,1.0));
#10909=CARTESIAN_POINT('',(3.965,-0.4,1.0));
#10910=VECTOR('',#14109,0.12);
#10911=CARTESIAN_POINT('',(3.965,-0.4,0.63));
#10912=CARTESIAN_POINT('',(3.965,-0.4,1.0));
#10913=VECTOR('',#14110,0.37);
#10914=CARTESIAN_POINT('',(3.735,-0.4,0.63));
#10915=CARTESIAN_POINT('',(3.735,-0.4,0.63));
#10916=VECTOR('',#14111,0.23);
#10917=CARTESIAN_POINT('',(3.735,-0.4,1.0));
#10918=CARTESIAN_POINT('',(3.735,-0.4,1.0));
#10919=VECTOR('',#14112,0.37);
#10920=CARTESIAN_POINT('',(3.615,-0.4,1.0));
#10921=CARTESIAN_POINT('',(3.615,-0.4,1.0));
#10922=VECTOR('',#14113,0.12);
#10923=CARTESIAN_POINT('',(3.615,-0.4,0.63));
#10924=CARTESIAN_POINT('',(3.615,-0.4,1.0));
#10925=VECTOR('',#14114,0.37);
#10926=CARTESIAN_POINT('',(3.385,-0.4,0.63));
#10927=CARTESIAN_POINT('',(3.385,-0.4,0.63));
#10928=VECTOR('',#14115,0.23);
#10929=CARTESIAN_POINT('',(3.385,-0.4,1.0));
#10930=CARTESIAN_POINT('',(3.385,-0.4,1.0));
#10931=VECTOR('',#14116,0.37);
#10932=CARTESIAN_POINT('',(3.265,-0.4,1.0));
#10933=CARTESIAN_POINT('',(3.265,-0.4,1.0));
#10934=VECTOR('',#14117,0.12);
#10935=CARTESIAN_POINT('',(3.265,-0.4,0.63));
#10936=CARTESIAN_POINT('',(3.265,-0.4,1.0));
#10937=VECTOR('',#14118,0.37);
#10938=CARTESIAN_POINT('',(3.035,-0.4,0.63));
#10939=CARTESIAN_POINT('',(3.035,-0.4,0.63));
#10940=VECTOR('',#14119,0.23);
#10941=CARTESIAN_POINT('',(3.035,-0.4,1.0));
#10942=CARTESIAN_POINT('',(3.035,-0.4,1.0));
#10943=VECTOR('',#14120,0.37);
#10944=CARTESIAN_POINT('',(2.915,-0.4,1.0));
#10945=CARTESIAN_POINT('',(2.915,-0.4,1.0));
#10946=VECTOR('',#14121,0.12);
#10947=CARTESIAN_POINT('',(2.915,-0.4,0.63));
#10948=CARTESIAN_POINT('',(2.915,-0.4,1.0));
#10949=VECTOR('',#14122,0.37);
#10950=CARTESIAN_POINT('',(2.685,-0.4,0.63));
#10951=CARTESIAN_POINT('',(2.685,-0.4,0.63));
#10952=VECTOR('',#14123,0.23);
#10953=CARTESIAN_POINT('',(2.685,-0.4,1.0));
#10954=CARTESIAN_POINT('',(2.685,-0.4,1.0));
#10955=VECTOR('',#14124,0.37);
#10956=CARTESIAN_POINT('',(2.565,-0.4,1.0));
#10957=CARTESIAN_POINT('',(2.565,-0.4,1.0));
#10958=VECTOR('',#14125,0.12);
#10959=CARTESIAN_POINT('',(2.565,-0.4,0.63));
#10960=CARTESIAN_POINT('',(2.565,-0.4,1.0));
#10961=VECTOR('',#14126,0.37);
#10962=CARTESIAN_POINT('',(2.335,-0.4,0.63));
#10963=CARTESIAN_POINT('',(2.335,-0.4,0.63));
#10964=VECTOR('',#14127,0.23);
#10965=CARTESIAN_POINT('',(2.335,-0.4,1.0));
#10966=CARTESIAN_POINT('',(2.335,-0.4,1.0));
#10967=VECTOR('',#14128,0.37);
#10968=CARTESIAN_POINT('',(2.215,-0.4,1.0));
#10969=CARTESIAN_POINT('',(2.215,-0.4,1.0));
#10970=VECTOR('',#14129,0.12);
#10971=CARTESIAN_POINT('',(2.215,-0.4,0.63));
#10972=CARTESIAN_POINT('',(2.215,-0.4,1.0));
#10973=VECTOR('',#14130,0.37);
#10974=CARTESIAN_POINT('',(1.985,-0.4,0.63));
#10975=CARTESIAN_POINT('',(1.985,-0.4,0.63));
#10976=VECTOR('',#14131,0.23);
#10977=CARTESIAN_POINT('',(1.985,-0.4,1.0));
#10978=CARTESIAN_POINT('',(1.985,-0.4,1.0));
#10979=VECTOR('',#14132,0.37);
#10980=CARTESIAN_POINT('',(1.865,-0.4,1.0));
#10981=CARTESIAN_POINT('',(1.865,-0.4,1.0));
#10982=VECTOR('',#14133,0.12);
#10983=CARTESIAN_POINT('',(1.865,-0.4,0.63));
#10984=CARTESIAN_POINT('',(1.865,-0.4,1.0));
#10985=VECTOR('',#14134,0.37);
#10986=CARTESIAN_POINT('',(1.635,-0.4,0.63));
#10987=CARTESIAN_POINT('',(1.635,-0.4,0.63));
#10988=VECTOR('',#14135,0.23);
#10989=CARTESIAN_POINT('',(1.635,-0.4,1.0));
#10990=CARTESIAN_POINT('',(1.635,-0.4,1.0));
#10991=VECTOR('',#14136,0.37);
#10992=CARTESIAN_POINT('',(1.515,-0.4,1.0));
#10993=CARTESIAN_POINT('',(1.515,-0.4,1.0));
#10994=VECTOR('',#14137,0.12);
#10995=CARTESIAN_POINT('',(1.515,-0.4,0.63));
#10996=CARTESIAN_POINT('',(1.515,-0.4,1.0));
#10997=VECTOR('',#14138,0.37);
#10998=CARTESIAN_POINT('',(1.285,-0.4,0.63));
#10999=CARTESIAN_POINT('',(1.285,-0.4,0.63));
#11000=VECTOR('',#14139,0.23);
#11001=CARTESIAN_POINT('',(1.285,-0.4,1.0));
#11002=CARTESIAN_POINT('',(1.285,-0.4,1.0));
#11003=VECTOR('',#14140,0.37);
#11004=CARTESIAN_POINT('',(1.165,-0.4,1.0));
#11005=CARTESIAN_POINT('',(1.165,-0.4,1.0));
#11006=VECTOR('',#14141,0.12);
#11007=CARTESIAN_POINT('',(1.165,-0.4,0.63));
#11008=CARTESIAN_POINT('',(1.165,-0.4,1.0));
#11009=VECTOR('',#14142,0.37);
#11010=CARTESIAN_POINT('',(0.935,-0.4,0.63));
#11011=CARTESIAN_POINT('',(0.935,-0.4,0.63));
#11012=VECTOR('',#14143,0.23);
#11013=CARTESIAN_POINT('',(0.935,-0.4,1.0));
#11014=CARTESIAN_POINT('',(0.935,-0.4,1.0));
#11015=VECTOR('',#14144,0.37);
#11016=CARTESIAN_POINT('',(0.815,-0.4,1.0));
#11017=CARTESIAN_POINT('',(0.815,-0.4,1.0));
#11018=VECTOR('',#14145,0.12);
#11019=CARTESIAN_POINT('',(0.815,-0.4,0.63));
#11020=CARTESIAN_POINT('',(0.815,-0.4,1.0));
#11021=VECTOR('',#14146,0.37);
#11022=CARTESIAN_POINT('',(0.585,-0.4,0.63));
#11023=CARTESIAN_POINT('',(0.585,-0.4,0.63));
#11024=VECTOR('',#14147,0.23);
#11025=CARTESIAN_POINT('',(0.585,-0.4,1.0));
#11026=CARTESIAN_POINT('',(0.585,-0.4,1.0));
#11027=VECTOR('',#14148,0.37);
#11028=CARTESIAN_POINT('',(0.465,-0.4,1.0));
#11029=CARTESIAN_POINT('',(0.465,-0.4,1.0));
#11030=VECTOR('',#14149,0.12);
#11031=CARTESIAN_POINT('',(0.465,-0.4,0.63));
#11032=CARTESIAN_POINT('',(0.465,-0.4,1.0));
#11033=VECTOR('',#14150,0.37);
#11034=CARTESIAN_POINT('',(0.235,-0.4,0.63));
#11035=CARTESIAN_POINT('',(0.235,-0.4,0.63));
#11036=VECTOR('',#14151,0.23);
#11037=CARTESIAN_POINT('',(0.235,-0.4,1.0));
#11038=CARTESIAN_POINT('',(0.235,-0.4,1.0));
#11039=VECTOR('',#14152,0.37);
#11040=CARTESIAN_POINT('',(0.115,-0.4,1.0));
#11041=CARTESIAN_POINT('',(0.115,-0.4,1.0));
#11042=VECTOR('',#14153,0.12);
#11043=CARTESIAN_POINT('',(0.115,-0.4,0.63));
#11044=CARTESIAN_POINT('',(0.115,-0.4,1.0));
#11045=VECTOR('',#14154,0.37);
#11046=CARTESIAN_POINT('',(-0.115,-0.4,0.63));
#11047=CARTESIAN_POINT('',(-0.115,-0.4,0.63));
#11048=VECTOR('',#14155,0.23);
#11049=CARTESIAN_POINT('',(-0.115,-0.4,1.0));
#11050=CARTESIAN_POINT('',(-0.115,-0.4,1.0));
#11051=VECTOR('',#14156,0.37);
#11052=CARTESIAN_POINT('',(-0.235,-0.4,1.0));
#11053=CARTESIAN_POINT('',(-0.235,-0.4,1.0));
#11054=VECTOR('',#14157,0.12);
#11055=CARTESIAN_POINT('',(-0.235,-0.4,0.63));
#11056=CARTESIAN_POINT('',(-0.235,-0.4,1.0));
#11057=VECTOR('',#14158,0.37);
#11058=CARTESIAN_POINT('',(-0.465,-0.4,0.63));
#11059=CARTESIAN_POINT('',(-0.465,-0.4,0.63));
#11060=VECTOR('',#14159,0.23);
#11061=CARTESIAN_POINT('',(-0.465,-0.4,1.0));
#11062=CARTESIAN_POINT('',(-0.465,-0.4,1.0));
#11063=VECTOR('',#14160,0.37);
#11064=CARTESIAN_POINT('',(-0.585,-0.4,1.0));
#11065=CARTESIAN_POINT('',(-0.585,-0.4,1.0));
#11066=VECTOR('',#14161,0.12);
#11067=CARTESIAN_POINT('',(-0.585,-0.4,0.63));
#11068=CARTESIAN_POINT('',(-0.585,-0.4,1.0));
#11069=VECTOR('',#14162,0.37);
#11070=CARTESIAN_POINT('',(-0.815,-0.4,0.63));
#11071=CARTESIAN_POINT('',(-0.815,-0.4,0.63));
#11072=VECTOR('',#14163,0.23);
#11073=CARTESIAN_POINT('',(-0.815,-0.4,1.0));
#11074=CARTESIAN_POINT('',(-0.815,-0.4,1.0));
#11075=VECTOR('',#14164,0.37);
#11076=CARTESIAN_POINT('',(-0.935,-0.4,1.0));
#11077=CARTESIAN_POINT('',(-0.935,-0.4,1.0));
#11078=VECTOR('',#14165,0.12);
#11079=CARTESIAN_POINT('',(-0.935,-0.4,0.63));
#11080=CARTESIAN_POINT('',(-0.935,-0.4,1.0));
#11081=VECTOR('',#14166,0.37);
#11082=CARTESIAN_POINT('',(-1.165,-0.4,0.63));
#11083=CARTESIAN_POINT('',(-1.165,-0.4,0.63));
#11084=VECTOR('',#14167,0.23);
#11085=CARTESIAN_POINT('',(-1.165,-0.4,1.0));
#11086=CARTESIAN_POINT('',(-1.165,-0.4,1.0));
#11087=VECTOR('',#14168,0.37);
#11088=CARTESIAN_POINT('',(-1.285,-0.4,1.0));
#11089=CARTESIAN_POINT('',(-1.285,-0.4,1.0));
#11090=VECTOR('',#14169,0.12);
#11091=CARTESIAN_POINT('',(-1.285,-0.4,0.63));
#11092=CARTESIAN_POINT('',(-1.285,-0.4,1.0));
#11093=VECTOR('',#14170,0.37);
#11094=CARTESIAN_POINT('',(-1.515,-0.4,0.63));
#11095=CARTESIAN_POINT('',(-1.515,-0.4,0.63));
#11096=VECTOR('',#14171,0.23);
#11097=CARTESIAN_POINT('',(-1.515,-0.4,1.0));
#11098=CARTESIAN_POINT('',(-1.515,-0.4,1.0));
#11099=VECTOR('',#14172,0.37);
#11100=CARTESIAN_POINT('',(-1.635,-0.4,1.0));
#11101=CARTESIAN_POINT('',(-1.635,-0.4,1.0));
#11102=VECTOR('',#14173,0.12);
#11103=CARTESIAN_POINT('',(-1.635,-0.4,0.63));
#11104=CARTESIAN_POINT('',(-1.635,-0.4,1.0));
#11105=VECTOR('',#14174,0.37);
#11106=CARTESIAN_POINT('',(-1.865,-0.4,0.63));
#11107=CARTESIAN_POINT('',(-1.865,-0.4,0.63));
#11108=VECTOR('',#14175,0.23);
#11109=CARTESIAN_POINT('',(-1.865,-0.4,1.0));
#11110=CARTESIAN_POINT('',(-1.865,-0.4,1.0));
#11111=VECTOR('',#14176,0.37);
#11112=CARTESIAN_POINT('',(-1.985,-0.4,1.0));
#11113=CARTESIAN_POINT('',(-1.985,-0.4,1.0));
#11114=VECTOR('',#14177,0.12);
#11115=CARTESIAN_POINT('',(-1.985,-0.4,0.63));
#11116=CARTESIAN_POINT('',(-1.985,-0.4,1.0));
#11117=VECTOR('',#14178,0.37);
#11118=CARTESIAN_POINT('',(-2.215,-0.4,0.63));
#11119=CARTESIAN_POINT('',(-2.215,-0.4,0.63));
#11120=VECTOR('',#14179,0.23);
#11121=CARTESIAN_POINT('',(-2.215,-0.4,1.0));
#11122=CARTESIAN_POINT('',(-2.215,-0.4,1.0));
#11123=VECTOR('',#14180,0.37);
#11124=CARTESIAN_POINT('',(-2.335,-0.4,1.0));
#11125=CARTESIAN_POINT('',(-2.335,-0.4,1.0));
#11126=VECTOR('',#14181,0.12);
#11127=CARTESIAN_POINT('',(-2.335,-0.4,0.63));
#11128=CARTESIAN_POINT('',(-2.335,-0.4,1.0));
#11129=VECTOR('',#14182,0.37);
#11130=CARTESIAN_POINT('',(-2.565,-0.4,0.63));
#11131=CARTESIAN_POINT('',(-2.565,-0.4,0.63));
#11132=VECTOR('',#14183,0.23);
#11133=CARTESIAN_POINT('',(-2.565,-0.4,1.0));
#11134=CARTESIAN_POINT('',(-2.565,-0.4,1.0));
#11135=VECTOR('',#14184,0.37);
#11136=CARTESIAN_POINT('',(-2.685,-0.4,1.0));
#11137=CARTESIAN_POINT('',(-2.685,-0.4,1.0));
#11138=VECTOR('',#14185,0.12);
#11139=CARTESIAN_POINT('',(-2.685,-0.4,0.63));
#11140=CARTESIAN_POINT('',(-2.685,-0.4,1.0));
#11141=VECTOR('',#14186,0.37);
#11142=CARTESIAN_POINT('',(-2.915,-0.4,0.63));
#11143=CARTESIAN_POINT('',(-2.915,-0.4,0.63));
#11144=VECTOR('',#14187,0.23);
#11145=CARTESIAN_POINT('',(-2.915,-0.4,1.0));
#11146=CARTESIAN_POINT('',(-2.915,-0.4,1.0));
#11147=VECTOR('',#14188,0.37);
#11148=CARTESIAN_POINT('',(-3.035,-0.4,1.0));
#11149=CARTESIAN_POINT('',(-3.035,-0.4,1.0));
#11150=VECTOR('',#14189,0.12);
#11151=CARTESIAN_POINT('',(-3.035,-0.4,0.63));
#11152=CARTESIAN_POINT('',(-3.035,-0.4,1.0));
#11153=VECTOR('',#14190,0.37);
#11154=CARTESIAN_POINT('',(-3.265,-0.4,0.63));
#11155=CARTESIAN_POINT('',(-3.265,-0.4,0.63));
#11156=VECTOR('',#14191,0.23);
#11157=CARTESIAN_POINT('',(-3.265,-0.4,1.0));
#11158=CARTESIAN_POINT('',(-3.265,-0.4,1.0));
#11159=VECTOR('',#14192,0.37);
#11160=CARTESIAN_POINT('',(-3.385,-0.4,1.0));
#11161=CARTESIAN_POINT('',(-3.385,-0.4,1.0));
#11162=VECTOR('',#14193,0.12);
#11163=CARTESIAN_POINT('',(-3.385,-0.4,0.63));
#11164=CARTESIAN_POINT('',(-3.385,-0.4,1.0));
#11165=VECTOR('',#14194,0.37);
#11166=CARTESIAN_POINT('',(-3.615,-0.4,0.63));
#11167=CARTESIAN_POINT('',(-3.615,-0.4,0.63));
#11168=VECTOR('',#14195,0.23);
#11169=CARTESIAN_POINT('',(-3.615,-0.4,1.0));
#11170=CARTESIAN_POINT('',(-3.615,-0.4,1.0));
#11171=VECTOR('',#14196,0.37);
#11172=CARTESIAN_POINT('',(-3.735,-0.4,1.0));
#11173=CARTESIAN_POINT('',(-3.735,-0.4,1.0));
#11174=VECTOR('',#14197,0.12);
#11175=CARTESIAN_POINT('',(-3.735,-0.4,0.63));
#11176=CARTESIAN_POINT('',(-3.735,-0.4,1.0));
#11177=VECTOR('',#14198,0.37);
#11178=CARTESIAN_POINT('',(-3.965,-0.4,0.63));
#11179=CARTESIAN_POINT('',(-3.965,-0.4,0.63));
#11180=VECTOR('',#14199,0.23);
#11181=CARTESIAN_POINT('',(-3.965,-0.4,1.0));
#11182=CARTESIAN_POINT('',(-3.965,-0.4,1.0));
#11183=VECTOR('',#14200,0.37);
#11184=CARTESIAN_POINT('',(-4.085,-0.4,1.0));
#11185=CARTESIAN_POINT('',(-4.085,-0.4,1.0));
#11186=VECTOR('',#14201,0.12);
#11187=CARTESIAN_POINT('',(-4.085,-0.4,0.63));
#11188=CARTESIAN_POINT('',(-4.085,-0.4,1.0));
#11189=VECTOR('',#14202,0.37);
#11190=CARTESIAN_POINT('',(-4.315,-0.4,0.63));
#11191=CARTESIAN_POINT('',(-4.315,-0.4,0.63));
#11192=VECTOR('',#14203,0.23);
#11193=CARTESIAN_POINT('',(-4.315,-0.4,1.0));
#11194=CARTESIAN_POINT('',(-4.315,-0.4,1.0));
#11195=VECTOR('',#14204,0.37);
#11196=CARTESIAN_POINT('',(-4.435,-0.4,1.0));
#11197=CARTESIAN_POINT('',(-4.435,-0.4,1.0));
#11198=VECTOR('',#14205,0.12);
#11199=CARTESIAN_POINT('',(-4.435,-0.4,0.63));
#11200=CARTESIAN_POINT('',(-4.435,-0.4,1.0));
#11201=VECTOR('',#14206,0.37);
#11202=CARTESIAN_POINT('',(-4.665,-0.4,0.63));
#11203=CARTESIAN_POINT('',(-4.665,-0.4,0.63));
#11204=VECTOR('',#14207,0.23);
#11205=CARTESIAN_POINT('',(-4.665,-0.4,1.0));
#11206=CARTESIAN_POINT('',(-4.665,-0.4,1.0));
#11207=VECTOR('',#14208,0.37);
#11208=CARTESIAN_POINT('',(-4.785,-0.4,1.0));
#11209=CARTESIAN_POINT('',(-4.785,-0.4,1.0));
#11210=VECTOR('',#14209,0.12);
#11211=CARTESIAN_POINT('',(-4.785,-0.4,0.63));
#11212=CARTESIAN_POINT('',(-4.785,-0.4,1.0));
#11213=VECTOR('',#14210,0.37);
#11214=CARTESIAN_POINT('',(-5.015,-0.4,0.63));
#11215=CARTESIAN_POINT('',(-5.015,-0.4,0.63));
#11216=VECTOR('',#14211,0.23);
#11217=CARTESIAN_POINT('',(-5.015,-0.4,1.0));
#11218=CARTESIAN_POINT('',(-5.015,-0.4,1.0));
#11219=VECTOR('',#14212,0.37);
#11220=CARTESIAN_POINT('',(-5.135,-0.4,1.0));
#11221=CARTESIAN_POINT('',(-5.135,-0.4,1.0));
#11222=VECTOR('',#14213,0.12);
#11223=CARTESIAN_POINT('',(-5.135,-0.4,0.63));
#11224=CARTESIAN_POINT('',(-5.135,-0.4,1.0));
#11225=VECTOR('',#14214,0.37);
#11226=CARTESIAN_POINT('',(-5.315,-0.4,0.63));
#11227=VECTOR('',#14215,0.18);
#11228=CARTESIAN_POINT('',(-4.785,-0.4,-0.63));
#11229=CARTESIAN_POINT('',(-4.785,-0.4,-1.0));
#11230=CARTESIAN_POINT('',(-4.785,-0.4,-0.63));
#11231=VECTOR('',#14216,0.37);
#11232=CARTESIAN_POINT('',(-4.665,-0.4,-1.0));
#11233=CARTESIAN_POINT('',(-4.785,-0.4,-1.0));
#11234=VECTOR('',#14217,0.12);
#11235=CARTESIAN_POINT('',(-4.665,-0.4,-0.63));
#11236=CARTESIAN_POINT('',(-4.665,-0.4,-0.63));
#11237=VECTOR('',#14218,0.37);
#11238=CARTESIAN_POINT('',(-4.435,-0.4,-0.63));
#11239=CARTESIAN_POINT('',(-4.435,-0.4,-0.63));
#11240=VECTOR('',#14219,0.23);
#11241=CARTESIAN_POINT('',(-4.435,-0.4,-1.0));
#11242=CARTESIAN_POINT('',(-4.435,-0.4,-0.63));
#11243=VECTOR('',#14220,0.37);
#11244=CARTESIAN_POINT('',(-4.315,-0.4,-1.0));
#11245=CARTESIAN_POINT('',(-4.435,-0.4,-1.0));
#11246=VECTOR('',#14221,0.12);
#11247=CARTESIAN_POINT('',(-4.315,-0.4,-0.63));
#11248=CARTESIAN_POINT('',(-4.315,-0.4,-0.63));
#11249=VECTOR('',#14222,0.37);
#11250=CARTESIAN_POINT('',(-4.085,-0.4,-0.63));
#11251=CARTESIAN_POINT('',(-4.085,-0.4,-0.63));
#11252=VECTOR('',#14223,0.23);
#11253=CARTESIAN_POINT('',(-4.085,-0.4,-1.0));
#11254=CARTESIAN_POINT('',(-4.085,-0.4,-0.63));
#11255=VECTOR('',#14224,0.37);
#11256=CARTESIAN_POINT('',(-3.965,-0.4,-1.0));
#11257=CARTESIAN_POINT('',(-4.085,-0.4,-1.0));
#11258=VECTOR('',#14225,0.12);
#11259=CARTESIAN_POINT('',(-3.965,-0.4,-0.63));
#11260=CARTESIAN_POINT('',(-3.965,-0.4,-0.63));
#11261=VECTOR('',#14226,0.37);
#11262=CARTESIAN_POINT('',(-3.735,-0.4,-0.63));
#11263=CARTESIAN_POINT('',(-3.735,-0.4,-0.63));
#11264=VECTOR('',#14227,0.23);
#11265=CARTESIAN_POINT('',(-3.735,-0.4,-1.0));
#11266=CARTESIAN_POINT('',(-3.735,-0.4,-0.63));
#11267=VECTOR('',#14228,0.37);
#11268=CARTESIAN_POINT('',(-3.615,-0.4,-1.0));
#11269=CARTESIAN_POINT('',(-3.735,-0.4,-1.0));
#11270=VECTOR('',#14229,0.12);
#11271=CARTESIAN_POINT('',(-3.615,-0.4,-0.63));
#11272=CARTESIAN_POINT('',(-3.615,-0.4,-0.63));
#11273=VECTOR('',#14230,0.37);
#11274=CARTESIAN_POINT('',(-3.385,-0.4,-0.63));
#11275=CARTESIAN_POINT('',(-3.385,-0.4,-0.63));
#11276=VECTOR('',#14231,0.23);
#11277=CARTESIAN_POINT('',(-3.385,-0.4,-1.0));
#11278=CARTESIAN_POINT('',(-3.385,-0.4,-0.63));
#11279=VECTOR('',#14232,0.37);
#11280=CARTESIAN_POINT('',(-3.265,-0.4,-1.0));
#11281=CARTESIAN_POINT('',(-3.385,-0.4,-1.0));
#11282=VECTOR('',#14233,0.12);
#11283=CARTESIAN_POINT('',(-3.265,-0.4,-0.63));
#11284=CARTESIAN_POINT('',(-3.265,-0.4,-0.63));
#11285=VECTOR('',#14234,0.37);
#11286=CARTESIAN_POINT('',(-3.035,-0.4,-0.63));
#11287=CARTESIAN_POINT('',(-3.035,-0.4,-0.63));
#11288=VECTOR('',#14235,0.23);
#11289=CARTESIAN_POINT('',(-3.035,-0.4,-1.0));
#11290=CARTESIAN_POINT('',(-3.035,-0.4,-0.63));
#11291=VECTOR('',#14236,0.37);
#11292=CARTESIAN_POINT('',(-2.915,-0.4,-1.0));
#11293=CARTESIAN_POINT('',(-3.035,-0.4,-1.0));
#11294=VECTOR('',#14237,0.12);
#11295=CARTESIAN_POINT('',(-2.915,-0.4,-0.63));
#11296=CARTESIAN_POINT('',(-2.915,-0.4,-0.63));
#11297=VECTOR('',#14238,0.37);
#11298=CARTESIAN_POINT('',(-2.685,-0.4,-0.63));
#11299=CARTESIAN_POINT('',(-2.685,-0.4,-0.63));
#11300=VECTOR('',#14239,0.23);
#11301=CARTESIAN_POINT('',(-2.685,-0.4,-1.0));
#11302=CARTESIAN_POINT('',(-2.685,-0.4,-0.63));
#11303=VECTOR('',#14240,0.37);
#11304=CARTESIAN_POINT('',(-2.565,-0.4,-1.0));
#11305=CARTESIAN_POINT('',(-2.685,-0.4,-1.0));
#11306=VECTOR('',#14241,0.12);
#11307=CARTESIAN_POINT('',(-2.565,-0.4,-0.63));
#11308=CARTESIAN_POINT('',(-2.565,-0.4,-0.63));
#11309=VECTOR('',#14242,0.37);
#11310=CARTESIAN_POINT('',(-2.335,-0.4,-0.63));
#11311=CARTESIAN_POINT('',(-2.335,-0.4,-0.63));
#11312=VECTOR('',#14243,0.23);
#11313=CARTESIAN_POINT('',(-2.335,-0.4,-1.0));
#11314=CARTESIAN_POINT('',(-2.335,-0.4,-0.63));
#11315=VECTOR('',#14244,0.37);
#11316=CARTESIAN_POINT('',(-2.215,-0.4,-1.0));
#11317=CARTESIAN_POINT('',(-2.335,-0.4,-1.0));
#11318=VECTOR('',#14245,0.12);
#11319=CARTESIAN_POINT('',(-2.215,-0.4,-0.63));
#11320=CARTESIAN_POINT('',(-2.215,-0.4,-0.63));
#11321=VECTOR('',#14246,0.37);
#11322=CARTESIAN_POINT('',(-1.985,-0.4,-0.63));
#11323=CARTESIAN_POINT('',(-1.985,-0.4,-0.63));
#11324=VECTOR('',#14247,0.23);
#11325=CARTESIAN_POINT('',(-1.985,-0.4,-1.0));
#11326=CARTESIAN_POINT('',(-1.985,-0.4,-0.63));
#11327=VECTOR('',#14248,0.37);
#11328=CARTESIAN_POINT('',(-1.865,-0.4,-1.0));
#11329=CARTESIAN_POINT('',(-1.985,-0.4,-1.0));
#11330=VECTOR('',#14249,0.12);
#11331=CARTESIAN_POINT('',(-1.865,-0.4,-0.63));
#11332=CARTESIAN_POINT('',(-1.865,-0.4,-0.63));
#11333=VECTOR('',#14250,0.37);
#11334=CARTESIAN_POINT('',(-1.635,-0.4,-0.63));
#11335=CARTESIAN_POINT('',(-1.635,-0.4,-0.63));
#11336=VECTOR('',#14251,0.23);
#11337=CARTESIAN_POINT('',(-1.635,-0.4,-1.0));
#11338=CARTESIAN_POINT('',(-1.635,-0.4,-0.63));
#11339=VECTOR('',#14252,0.37);
#11340=CARTESIAN_POINT('',(-1.515,-0.4,-1.0));
#11341=CARTESIAN_POINT('',(-1.635,-0.4,-1.0));
#11342=VECTOR('',#14253,0.12);
#11343=CARTESIAN_POINT('',(-1.515,-0.4,-0.63));
#11344=CARTESIAN_POINT('',(-1.515,-0.4,-0.63));
#11345=VECTOR('',#14254,0.37);
#11346=CARTESIAN_POINT('',(-1.285,-0.4,-0.63));
#11347=CARTESIAN_POINT('',(-1.285,-0.4,-0.63));
#11348=VECTOR('',#14255,0.23);
#11349=CARTESIAN_POINT('',(-1.285,-0.4,-1.0));
#11350=CARTESIAN_POINT('',(-1.285,-0.4,-0.63));
#11351=VECTOR('',#14256,0.37);
#11352=CARTESIAN_POINT('',(-1.165,-0.4,-1.0));
#11353=CARTESIAN_POINT('',(-1.285,-0.4,-1.0));
#11354=VECTOR('',#14257,0.12);
#11355=CARTESIAN_POINT('',(-1.165,-0.4,-0.63));
#11356=CARTESIAN_POINT('',(-1.165,-0.4,-0.63));
#11357=VECTOR('',#14258,0.37);
#11358=CARTESIAN_POINT('',(-0.935,-0.4,-0.63));
#11359=CARTESIAN_POINT('',(-0.935,-0.4,-0.63));
#11360=VECTOR('',#14259,0.23);
#11361=CARTESIAN_POINT('',(-0.935,-0.4,-1.0));
#11362=CARTESIAN_POINT('',(-0.935,-0.4,-0.63));
#11363=VECTOR('',#14260,0.37);
#11364=CARTESIAN_POINT('',(-0.815,-0.4,-1.0));
#11365=CARTESIAN_POINT('',(-0.935,-0.4,-1.0));
#11366=VECTOR('',#14261,0.12);
#11367=CARTESIAN_POINT('',(-0.815,-0.4,-0.63));
#11368=CARTESIAN_POINT('',(-0.815,-0.4,-0.63));
#11369=VECTOR('',#14262,0.37);
#11370=CARTESIAN_POINT('',(-0.585,-0.4,-0.63));
#11371=CARTESIAN_POINT('',(-0.585,-0.4,-0.63));
#11372=VECTOR('',#14263,0.23);
#11373=CARTESIAN_POINT('',(-0.585,-0.4,-1.0));
#11374=CARTESIAN_POINT('',(-0.585,-0.4,-0.63));
#11375=VECTOR('',#14264,0.37);
#11376=CARTESIAN_POINT('',(-0.465,-0.4,-1.0));
#11377=CARTESIAN_POINT('',(-0.585,-0.4,-1.0));
#11378=VECTOR('',#14265,0.12);
#11379=CARTESIAN_POINT('',(-0.465,-0.4,-0.63));
#11380=CARTESIAN_POINT('',(-0.465,-0.4,-0.63));
#11381=VECTOR('',#14266,0.37);
#11382=CARTESIAN_POINT('',(-0.235,-0.4,-0.63));
#11383=CARTESIAN_POINT('',(-0.235,-0.4,-0.63));
#11384=VECTOR('',#14267,0.23);
#11385=CARTESIAN_POINT('',(-0.235,-0.4,-1.0));
#11386=CARTESIAN_POINT('',(-0.235,-0.4,-0.63));
#11387=VECTOR('',#14268,0.37);
#11388=CARTESIAN_POINT('',(-0.115,-0.4,-1.0));
#11389=CARTESIAN_POINT('',(-0.235,-0.4,-1.0));
#11390=VECTOR('',#14269,0.12);
#11391=CARTESIAN_POINT('',(-0.115,-0.4,-0.63));
#11392=CARTESIAN_POINT('',(-0.115,-0.4,-0.63));
#11393=VECTOR('',#14270,0.37);
#11394=CARTESIAN_POINT('',(0.115,-0.4,-0.63));
#11395=CARTESIAN_POINT('',(0.115,-0.4,-0.63));
#11396=VECTOR('',#14271,0.23);
#11397=CARTESIAN_POINT('',(0.115,-0.4,-1.0));
#11398=CARTESIAN_POINT('',(0.115,-0.4,-0.63));
#11399=VECTOR('',#14272,0.37);
#11400=CARTESIAN_POINT('',(0.235,-0.4,-1.0));
#11401=CARTESIAN_POINT('',(0.115,-0.4,-1.0));
#11402=VECTOR('',#14273,0.12);
#11403=CARTESIAN_POINT('',(0.235,-0.4,-0.63));
#11404=CARTESIAN_POINT('',(0.235,-0.4,-0.63));
#11405=VECTOR('',#14274,0.37);
#11406=CARTESIAN_POINT('',(0.465,-0.4,-0.63));
#11407=CARTESIAN_POINT('',(0.465,-0.4,-0.63));
#11408=VECTOR('',#14275,0.23);
#11409=CARTESIAN_POINT('',(0.465,-0.4,-1.0));
#11410=CARTESIAN_POINT('',(0.465,-0.4,-0.63));
#11411=VECTOR('',#14276,0.37);
#11412=CARTESIAN_POINT('',(0.585,-0.4,-1.0));
#11413=CARTESIAN_POINT('',(0.465,-0.4,-1.0));
#11414=VECTOR('',#14277,0.12);
#11415=CARTESIAN_POINT('',(0.585,-0.4,-0.63));
#11416=CARTESIAN_POINT('',(0.585,-0.4,-0.63));
#11417=VECTOR('',#14278,0.37);
#11418=CARTESIAN_POINT('',(0.815,-0.4,-0.63));
#11419=CARTESIAN_POINT('',(0.815,-0.4,-0.63));
#11420=VECTOR('',#14279,0.23);
#11421=CARTESIAN_POINT('',(0.815,-0.4,-1.0));
#11422=CARTESIAN_POINT('',(0.815,-0.4,-0.63));
#11423=VECTOR('',#14280,0.37);
#11424=CARTESIAN_POINT('',(0.935,-0.4,-1.0));
#11425=CARTESIAN_POINT('',(0.815,-0.4,-1.0));
#11426=VECTOR('',#14281,0.12);
#11427=CARTESIAN_POINT('',(0.935,-0.4,-0.63));
#11428=CARTESIAN_POINT('',(0.935,-0.4,-0.63));
#11429=VECTOR('',#14282,0.37);
#11430=CARTESIAN_POINT('',(1.165,-0.4,-0.63));
#11431=CARTESIAN_POINT('',(1.165,-0.4,-0.63));
#11432=VECTOR('',#14283,0.23);
#11433=CARTESIAN_POINT('',(1.165,-0.4,-1.0));
#11434=CARTESIAN_POINT('',(1.165,-0.4,-0.63));
#11435=VECTOR('',#14284,0.37);
#11436=CARTESIAN_POINT('',(1.285,-0.4,-1.0));
#11437=CARTESIAN_POINT('',(1.165,-0.4,-1.0));
#11438=VECTOR('',#14285,0.12);
#11439=CARTESIAN_POINT('',(1.285,-0.4,-0.63));
#11440=CARTESIAN_POINT('',(1.285,-0.4,-0.63));
#11441=VECTOR('',#14286,0.37);
#11442=CARTESIAN_POINT('',(1.515,-0.4,-0.63));
#11443=CARTESIAN_POINT('',(1.515,-0.4,-0.63));
#11444=VECTOR('',#14287,0.23);
#11445=CARTESIAN_POINT('',(1.515,-0.4,-1.0));
#11446=CARTESIAN_POINT('',(1.515,-0.4,-0.63));
#11447=VECTOR('',#14288,0.37);
#11448=CARTESIAN_POINT('',(1.635,-0.4,-1.0));
#11449=CARTESIAN_POINT('',(1.515,-0.4,-1.0));
#11450=VECTOR('',#14289,0.12);
#11451=CARTESIAN_POINT('',(1.635,-0.4,-0.63));
#11452=CARTESIAN_POINT('',(1.635,-0.4,-0.63));
#11453=VECTOR('',#14290,0.37);
#11454=CARTESIAN_POINT('',(1.865,-0.4,-0.63));
#11455=CARTESIAN_POINT('',(1.865,-0.4,-0.63));
#11456=VECTOR('',#14291,0.23);
#11457=CARTESIAN_POINT('',(1.865,-0.4,-1.0));
#11458=CARTESIAN_POINT('',(1.865,-0.4,-0.63));
#11459=VECTOR('',#14292,0.37);
#11460=CARTESIAN_POINT('',(1.985,-0.4,-1.0));
#11461=CARTESIAN_POINT('',(1.865,-0.4,-1.0));
#11462=VECTOR('',#14293,0.12);
#11463=CARTESIAN_POINT('',(1.985,-0.4,-0.63));
#11464=CARTESIAN_POINT('',(1.985,-0.4,-0.63));
#11465=VECTOR('',#14294,0.37);
#11466=CARTESIAN_POINT('',(2.215,-0.4,-0.63));
#11467=CARTESIAN_POINT('',(2.215,-0.4,-0.63));
#11468=VECTOR('',#14295,0.23);
#11469=CARTESIAN_POINT('',(2.215,-0.4,-1.0));
#11470=CARTESIAN_POINT('',(2.215,-0.4,-0.63));
#11471=VECTOR('',#14296,0.37);
#11472=CARTESIAN_POINT('',(2.335,-0.4,-1.0));
#11473=CARTESIAN_POINT('',(2.215,-0.4,-1.0));
#11474=VECTOR('',#14297,0.12);
#11475=CARTESIAN_POINT('',(2.335,-0.4,-0.63));
#11476=CARTESIAN_POINT('',(2.335,-0.4,-0.63));
#11477=VECTOR('',#14298,0.37);
#11478=CARTESIAN_POINT('',(2.565,-0.4,-0.63));
#11479=CARTESIAN_POINT('',(2.565,-0.4,-0.63));
#11480=VECTOR('',#14299,0.23);
#11481=CARTESIAN_POINT('',(2.565,-0.4,-1.0));
#11482=CARTESIAN_POINT('',(2.565,-0.4,-0.63));
#11483=VECTOR('',#14300,0.37);
#11484=CARTESIAN_POINT('',(2.685,-0.4,-1.0));
#11485=CARTESIAN_POINT('',(2.565,-0.4,-1.0));
#11486=VECTOR('',#14301,0.12);
#11487=CARTESIAN_POINT('',(2.685,-0.4,-0.63));
#11488=CARTESIAN_POINT('',(2.685,-0.4,-0.63));
#11489=VECTOR('',#14302,0.37);
#11490=CARTESIAN_POINT('',(2.915,-0.4,-0.63));
#11491=CARTESIAN_POINT('',(2.915,-0.4,-0.63));
#11492=VECTOR('',#14303,0.23);
#11493=CARTESIAN_POINT('',(2.915,-0.4,-1.0));
#11494=CARTESIAN_POINT('',(2.915,-0.4,-0.63));
#11495=VECTOR('',#14304,0.37);
#11496=CARTESIAN_POINT('',(3.035,-0.4,-1.0));
#11497=CARTESIAN_POINT('',(2.915,-0.4,-1.0));
#11498=VECTOR('',#14305,0.12);
#11499=CARTESIAN_POINT('',(3.035,-0.4,-0.63));
#11500=CARTESIAN_POINT('',(3.035,-0.4,-0.63));
#11501=VECTOR('',#14306,0.37);
#11502=CARTESIAN_POINT('',(3.265,-0.4,-0.63));
#11503=CARTESIAN_POINT('',(3.265,-0.4,-0.63));
#11504=VECTOR('',#14307,0.23);
#11505=CARTESIAN_POINT('',(3.265,-0.4,-1.0));
#11506=CARTESIAN_POINT('',(3.265,-0.4,-0.63));
#11507=VECTOR('',#14308,0.37);
#11508=CARTESIAN_POINT('',(3.385,-0.4,-1.0));
#11509=CARTESIAN_POINT('',(3.265,-0.4,-1.0));
#11510=VECTOR('',#14309,0.12);
#11511=CARTESIAN_POINT('',(3.385,-0.4,-0.63));
#11512=CARTESIAN_POINT('',(3.385,-0.4,-0.63));
#11513=VECTOR('',#14310,0.37);
#11514=CARTESIAN_POINT('',(3.615,-0.4,-0.63));
#11515=CARTESIAN_POINT('',(3.615,-0.4,-0.63));
#11516=VECTOR('',#14311,0.23);
#11517=CARTESIAN_POINT('',(3.615,-0.4,-1.0));
#11518=CARTESIAN_POINT('',(3.615,-0.4,-0.63));
#11519=VECTOR('',#14312,0.37);
#11520=CARTESIAN_POINT('',(3.735,-0.4,-1.0));
#11521=CARTESIAN_POINT('',(3.615,-0.4,-1.0));
#11522=VECTOR('',#14313,0.12);
#11523=CARTESIAN_POINT('',(3.735,-0.4,-0.63));
#11524=CARTESIAN_POINT('',(3.735,-0.4,-0.63));
#11525=VECTOR('',#14314,0.37);
#11526=CARTESIAN_POINT('',(3.965,-0.4,-0.63));
#11527=CARTESIAN_POINT('',(3.965,-0.4,-0.63));
#11528=VECTOR('',#14315,0.23);
#11529=CARTESIAN_POINT('',(3.965,-0.4,-1.0));
#11530=CARTESIAN_POINT('',(3.965,-0.4,-0.63));
#11531=VECTOR('',#14316,0.37);
#11532=CARTESIAN_POINT('',(4.085,-0.4,-1.0));
#11533=CARTESIAN_POINT('',(3.965,-0.4,-1.0));
#11534=VECTOR('',#14317,0.12);
#11535=CARTESIAN_POINT('',(4.085,-0.4,-0.63));
#11536=CARTESIAN_POINT('',(4.085,-0.4,-0.63));
#11537=VECTOR('',#14318,0.37);
#11538=CARTESIAN_POINT('',(4.315,-0.4,-0.63));
#11539=CARTESIAN_POINT('',(4.315,-0.4,-0.63));
#11540=VECTOR('',#14319,0.23);
#11541=CARTESIAN_POINT('',(4.315,-0.4,-1.0));
#11542=CARTESIAN_POINT('',(4.315,-0.4,-0.63));
#11543=VECTOR('',#14320,0.37);
#11544=CARTESIAN_POINT('',(4.435,-0.4,-1.0));
#11545=CARTESIAN_POINT('',(4.315,-0.4,-1.0));
#11546=VECTOR('',#14321,0.12);
#11547=CARTESIAN_POINT('',(4.435,-0.4,-0.63));
#11548=CARTESIAN_POINT('',(4.435,-0.4,-0.63));
#11549=VECTOR('',#14322,0.37);
#11550=CARTESIAN_POINT('',(4.665,-0.4,-0.63));
#11551=CARTESIAN_POINT('',(4.665,-0.4,-0.63));
#11552=VECTOR('',#14323,0.23);
#11553=CARTESIAN_POINT('',(4.665,-0.4,-1.0));
#11554=CARTESIAN_POINT('',(4.665,-0.4,-0.63));
#11555=VECTOR('',#14324,0.37);
#11556=CARTESIAN_POINT('',(4.785,-0.4,-1.0));
#11557=CARTESIAN_POINT('',(4.665,-0.4,-1.0));
#11558=VECTOR('',#14325,0.12);
#11559=CARTESIAN_POINT('',(4.785,-0.4,-0.63));
#11560=CARTESIAN_POINT('',(4.785,-0.4,-0.63));
#11561=VECTOR('',#14326,0.37);
#11562=CARTESIAN_POINT('',(5.015,-0.4,-0.63));
#11563=CARTESIAN_POINT('',(5.015,-0.4,-0.63));
#11564=VECTOR('',#14327,0.23);
#11565=CARTESIAN_POINT('',(5.015,-0.4,-1.0));
#11566=CARTESIAN_POINT('',(5.015,-0.4,-0.63));
#11567=VECTOR('',#14328,0.37);
#11568=CARTESIAN_POINT('',(5.135,-0.4,-1.0));
#11569=CARTESIAN_POINT('',(5.015,-0.4,-1.0));
#11570=VECTOR('',#14329,0.12);
#11571=CARTESIAN_POINT('',(5.135,-0.4,-0.63));
#11572=CARTESIAN_POINT('',(5.135,-0.4,-0.63));
#11573=VECTOR('',#14330,0.37);
#11574=CARTESIAN_POINT('',(5.315,-0.4,-0.63));
#11575=CARTESIAN_POINT('',(5.315,-0.4,-0.63));
#11576=VECTOR('',#14331,0.18);
#11577=CARTESIAN_POINT('',(5.315,-0.4,-0.38));
#11578=CARTESIAN_POINT('',(5.315,-0.4,-0.63));
#11579=VECTOR('',#14332,0.25);
#11580=CARTESIAN_POINT('',(-5.315,-0.4,-0.38));
#11581=CARTESIAN_POINT('',(-5.315,-0.4,-0.38));
#11582=VECTOR('',#14333,10.63);
#11583=CARTESIAN_POINT('',(-5.315,-0.4,-0.63));
#11584=CARTESIAN_POINT('',(-5.315,-0.4,-0.38));
#11585=VECTOR('',#14334,0.25);
#11586=CARTESIAN_POINT('',(-5.135,-0.4,-0.63));
#11587=CARTESIAN_POINT('',(-5.135,-0.4,-0.63));
#11588=VECTOR('',#14335,0.18);
#11589=CARTESIAN_POINT('',(-5.135,-0.4,-1.0));
#11590=CARTESIAN_POINT('',(-5.135,-0.4,-0.63));
#11591=VECTOR('',#14336,0.37);
#11592=CARTESIAN_POINT('',(-5.015,-0.4,-1.0));
#11593=CARTESIAN_POINT('',(-5.135,-0.4,-1.0));
#11594=VECTOR('',#14337,0.12);
#11595=CARTESIAN_POINT('',(-5.015,-0.4,-0.63));
#11596=CARTESIAN_POINT('',(-5.015,-0.4,-0.63));
#11597=VECTOR('',#14338,0.37);
#11598=CARTESIAN_POINT('',(-4.785,-0.4,-0.63));
#11599=VECTOR('',#14339,0.23);
#11600=CARTESIAN_POINT('',(-5.805,-0.38,0.63));
#11601=CARTESIAN_POINT('',(-5.805,-0.05,0.63));
#11602=CARTESIAN_POINT('',(-5.805,-0.38,0.63));
#11603=VECTOR('',#14340,0.33);
#11604=CARTESIAN_POINT('',(-5.645,-0.38,0.63));
#11605=CARTESIAN_POINT('',(-5.805,-0.38,0.63));
#11606=VECTOR('',#14341,0.16);
#11607=CARTESIAN_POINT('',(-5.645,-0.05,0.63));
#11608=CARTESIAN_POINT('',(-5.645,-0.38,0.63));
#11609=VECTOR('',#14342,0.33);
#11610=CARTESIAN_POINT('',(-5.805,-0.05,0.63));
#11611=VECTOR('',#14343,0.16);
#11612=CARTESIAN_POINT('',(5.645,-0.38,0.63));
#11613=CARTESIAN_POINT('',(5.645,-0.05,0.63));
#11614=CARTESIAN_POINT('',(5.645,-0.38,0.63));
#11615=VECTOR('',#14344,0.33);
#11616=CARTESIAN_POINT('',(5.805,-0.38,0.63));
#11617=CARTESIAN_POINT('',(5.805,-0.38,0.63));
#11618=VECTOR('',#14345,0.16);
#11619=CARTESIAN_POINT('',(5.805,-0.05,0.63));
#11620=CARTESIAN_POINT('',(5.805,-0.38,0.63));
#11621=VECTOR('',#14346,0.33);
#11622=CARTESIAN_POINT('',(5.645,-0.05,0.63));
#11623=VECTOR('',#14347,0.16);
#11624=CARTESIAN_POINT('',(-5.315,0.31,0.63));
#11625=CARTESIAN_POINT('',(-5.315,-0.4,0.63));
#11626=VECTOR('',#14348,0.71);
#11627=CARTESIAN_POINT('',(-5.135,-0.34,0.63));
#11628=CARTESIAN_POINT('',(-5.135,-0.4,0.63));
#11629=VECTOR('',#14349,0.06);
#11630=CARTESIAN_POINT('',(-5.015,-0.34,0.63));
#11631=CARTESIAN_POINT('',(-5.135,-0.34,0.63));
#11632=VECTOR('',#14350,0.12);
#11633=CARTESIAN_POINT('',(-5.015,-0.4,0.63));
#11634=VECTOR('',#14351,0.06);
#11635=CARTESIAN_POINT('',(-4.785,-0.34,0.63));
#11636=CARTESIAN_POINT('',(-4.785,-0.4,0.63));
#11637=VECTOR('',#14352,0.06);
#11638=CARTESIAN_POINT('',(-4.665,-0.34,0.63));
#11639=CARTESIAN_POINT('',(-4.785,-0.34,0.63));
#11640=VECTOR('',#14353,0.12);
#11641=CARTESIAN_POINT('',(-4.665,-0.4,0.63));
#11642=VECTOR('',#14354,0.06);
#11643=CARTESIAN_POINT('',(-4.435,-0.34,0.63));
#11644=CARTESIAN_POINT('',(-4.435,-0.4,0.63));
#11645=VECTOR('',#14355,0.06);
#11646=CARTESIAN_POINT('',(-4.315,-0.34,0.63));
#11647=CARTESIAN_POINT('',(-4.435,-0.34,0.63));
#11648=VECTOR('',#14356,0.12);
#11649=CARTESIAN_POINT('',(-4.315,-0.4,0.63));
#11650=VECTOR('',#14357,0.06);
#11651=CARTESIAN_POINT('',(-4.085,-0.34,0.63));
#11652=CARTESIAN_POINT('',(-4.085,-0.4,0.63));
#11653=VECTOR('',#14358,0.06);
#11654=CARTESIAN_POINT('',(-3.965,-0.34,0.63));
#11655=CARTESIAN_POINT('',(-4.085,-0.34,0.63));
#11656=VECTOR('',#14359,0.12);
#11657=CARTESIAN_POINT('',(-3.965,-0.4,0.63));
#11658=VECTOR('',#14360,0.06);
#11659=CARTESIAN_POINT('',(-3.735,-0.34,0.63));
#11660=CARTESIAN_POINT('',(-3.735,-0.4,0.63));
#11661=VECTOR('',#14361,0.06);
#11662=CARTESIAN_POINT('',(-3.615,-0.34,0.63));
#11663=CARTESIAN_POINT('',(-3.735,-0.34,0.63));
#11664=VECTOR('',#14362,0.12);
#11665=CARTESIAN_POINT('',(-3.615,-0.4,0.63));
#11666=VECTOR('',#14363,0.06);
#11667=CARTESIAN_POINT('',(-3.385,-0.34,0.63));
#11668=CARTESIAN_POINT('',(-3.385,-0.4,0.63));
#11669=VECTOR('',#14364,0.06);
#11670=CARTESIAN_POINT('',(-3.265,-0.34,0.63));
#11671=CARTESIAN_POINT('',(-3.385,-0.34,0.63));
#11672=VECTOR('',#14365,0.12);
#11673=CARTESIAN_POINT('',(-3.265,-0.4,0.63));
#11674=VECTOR('',#14366,0.06);
#11675=CARTESIAN_POINT('',(-3.035,-0.34,0.63));
#11676=CARTESIAN_POINT('',(-3.035,-0.4,0.63));
#11677=VECTOR('',#14367,0.06);
#11678=CARTESIAN_POINT('',(-2.915,-0.34,0.63));
#11679=CARTESIAN_POINT('',(-3.035,-0.34,0.63));
#11680=VECTOR('',#14368,0.12);
#11681=CARTESIAN_POINT('',(-2.915,-0.4,0.63));
#11682=VECTOR('',#14369,0.06);
#11683=CARTESIAN_POINT('',(-2.685,-0.34,0.63));
#11684=CARTESIAN_POINT('',(-2.685,-0.4,0.63));
#11685=VECTOR('',#14370,0.06);
#11686=CARTESIAN_POINT('',(-2.565,-0.34,0.63));
#11687=CARTESIAN_POINT('',(-2.685,-0.34,0.63));
#11688=VECTOR('',#14371,0.12);
#11689=CARTESIAN_POINT('',(-2.565,-0.4,0.63));
#11690=VECTOR('',#14372,0.06);
#11691=CARTESIAN_POINT('',(-2.335,-0.34,0.63));
#11692=CARTESIAN_POINT('',(-2.335,-0.4,0.63));
#11693=VECTOR('',#14373,0.06);
#11694=CARTESIAN_POINT('',(-2.215,-0.34,0.63));
#11695=CARTESIAN_POINT('',(-2.335,-0.34,0.63));
#11696=VECTOR('',#14374,0.12);
#11697=CARTESIAN_POINT('',(-2.215,-0.4,0.63));
#11698=VECTOR('',#14375,0.06);
#11699=CARTESIAN_POINT('',(-1.985,-0.34,0.63));
#11700=CARTESIAN_POINT('',(-1.985,-0.4,0.63));
#11701=VECTOR('',#14376,0.06);
#11702=CARTESIAN_POINT('',(-1.865,-0.34,0.63));
#11703=CARTESIAN_POINT('',(-1.985,-0.34,0.63));
#11704=VECTOR('',#14377,0.12);
#11705=CARTESIAN_POINT('',(-1.865,-0.4,0.63));
#11706=VECTOR('',#14378,0.06);
#11707=CARTESIAN_POINT('',(-1.635,-0.34,0.63));
#11708=CARTESIAN_POINT('',(-1.635,-0.4,0.63));
#11709=VECTOR('',#14379,0.06);
#11710=CARTESIAN_POINT('',(-1.515,-0.34,0.63));
#11711=CARTESIAN_POINT('',(-1.635,-0.34,0.63));
#11712=VECTOR('',#14380,0.12);
#11713=CARTESIAN_POINT('',(-1.515,-0.4,0.63));
#11714=VECTOR('',#14381,0.06);
#11715=CARTESIAN_POINT('',(-1.285,-0.34,0.63));
#11716=CARTESIAN_POINT('',(-1.285,-0.4,0.63));
#11717=VECTOR('',#14382,0.06);
#11718=CARTESIAN_POINT('',(-1.165,-0.34,0.63));
#11719=CARTESIAN_POINT('',(-1.285,-0.34,0.63));
#11720=VECTOR('',#14383,0.12);
#11721=CARTESIAN_POINT('',(-1.165,-0.4,0.63));
#11722=VECTOR('',#14384,0.06);
#11723=CARTESIAN_POINT('',(-0.935,-0.34,0.63));
#11724=CARTESIAN_POINT('',(-0.935,-0.4,0.63));
#11725=VECTOR('',#14385,0.06);
#11726=CARTESIAN_POINT('',(-0.815,-0.34,0.63));
#11727=CARTESIAN_POINT('',(-0.935,-0.34,0.63));
#11728=VECTOR('',#14386,0.12);
#11729=CARTESIAN_POINT('',(-0.815,-0.4,0.63));
#11730=VECTOR('',#14387,0.06);
#11731=CARTESIAN_POINT('',(-0.585,-0.34,0.63));
#11732=CARTESIAN_POINT('',(-0.585,-0.4,0.63));
#11733=VECTOR('',#14388,0.06);
#11734=CARTESIAN_POINT('',(-0.465,-0.34,0.63));
#11735=CARTESIAN_POINT('',(-0.585,-0.34,0.63));
#11736=VECTOR('',#14389,0.12);
#11737=CARTESIAN_POINT('',(-0.465,-0.4,0.63));
#11738=VECTOR('',#14390,0.06);
#11739=CARTESIAN_POINT('',(-0.235,-0.34,0.63));
#11740=CARTESIAN_POINT('',(-0.235,-0.4,0.63));
#11741=VECTOR('',#14391,0.06);
#11742=CARTESIAN_POINT('',(-0.115,-0.34,0.63));
#11743=CARTESIAN_POINT('',(-0.235,-0.34,0.63));
#11744=VECTOR('',#14392,0.12);
#11745=CARTESIAN_POINT('',(-0.115,-0.4,0.63));
#11746=VECTOR('',#14393,0.06);
#11747=CARTESIAN_POINT('',(0.115,-0.34,0.63));
#11748=CARTESIAN_POINT('',(0.115,-0.4,0.63));
#11749=VECTOR('',#14394,0.06);
#11750=CARTESIAN_POINT('',(0.235,-0.34,0.63));
#11751=CARTESIAN_POINT('',(0.115,-0.34,0.63));
#11752=VECTOR('',#14395,0.12);
#11753=CARTESIAN_POINT('',(0.235,-0.4,0.63));
#11754=VECTOR('',#14396,0.06);
#11755=CARTESIAN_POINT('',(0.465,-0.34,0.63));
#11756=CARTESIAN_POINT('',(0.465,-0.4,0.63));
#11757=VECTOR('',#14397,0.06);
#11758=CARTESIAN_POINT('',(0.585,-0.34,0.63));
#11759=CARTESIAN_POINT('',(0.465,-0.34,0.63));
#11760=VECTOR('',#14398,0.12);
#11761=CARTESIAN_POINT('',(0.585,-0.4,0.63));
#11762=VECTOR('',#14399,0.06);
#11763=CARTESIAN_POINT('',(0.815,-0.34,0.63));
#11764=CARTESIAN_POINT('',(0.815,-0.4,0.63));
#11765=VECTOR('',#14400,0.06);
#11766=CARTESIAN_POINT('',(0.935,-0.34,0.63));
#11767=CARTESIAN_POINT('',(0.815,-0.34,0.63));
#11768=VECTOR('',#14401,0.12);
#11769=CARTESIAN_POINT('',(0.935,-0.4,0.63));
#11770=VECTOR('',#14402,0.06);
#11771=CARTESIAN_POINT('',(1.165,-0.34,0.63));
#11772=CARTESIAN_POINT('',(1.165,-0.4,0.63));
#11773=VECTOR('',#14403,0.06);
#11774=CARTESIAN_POINT('',(1.285,-0.34,0.63));
#11775=CARTESIAN_POINT('',(1.165,-0.34,0.63));
#11776=VECTOR('',#14404,0.12);
#11777=CARTESIAN_POINT('',(1.285,-0.4,0.63));
#11778=VECTOR('',#14405,0.06);
#11779=CARTESIAN_POINT('',(1.515,-0.34,0.63));
#11780=CARTESIAN_POINT('',(1.515,-0.4,0.63));
#11781=VECTOR('',#14406,0.06);
#11782=CARTESIAN_POINT('',(1.635,-0.34,0.63));
#11783=CARTESIAN_POINT('',(1.515,-0.34,0.63));
#11784=VECTOR('',#14407,0.12);
#11785=CARTESIAN_POINT('',(1.635,-0.4,0.63));
#11786=VECTOR('',#14408,0.06);
#11787=CARTESIAN_POINT('',(1.865,-0.34,0.63));
#11788=CARTESIAN_POINT('',(1.865,-0.4,0.63));
#11789=VECTOR('',#14409,0.06);
#11790=CARTESIAN_POINT('',(1.985,-0.34,0.63));
#11791=CARTESIAN_POINT('',(1.865,-0.34,0.63));
#11792=VECTOR('',#14410,0.12);
#11793=CARTESIAN_POINT('',(1.985,-0.4,0.63));
#11794=VECTOR('',#14411,0.06);
#11795=CARTESIAN_POINT('',(2.215,-0.34,0.63));
#11796=CARTESIAN_POINT('',(2.215,-0.4,0.63));
#11797=VECTOR('',#14412,0.06);
#11798=CARTESIAN_POINT('',(2.335,-0.34,0.63));
#11799=CARTESIAN_POINT('',(2.215,-0.34,0.63));
#11800=VECTOR('',#14413,0.12);
#11801=CARTESIAN_POINT('',(2.335,-0.4,0.63));
#11802=VECTOR('',#14414,0.06);
#11803=CARTESIAN_POINT('',(2.565,-0.34,0.63));
#11804=CARTESIAN_POINT('',(2.565,-0.4,0.63));
#11805=VECTOR('',#14415,0.06);
#11806=CARTESIAN_POINT('',(2.685,-0.34,0.63));
#11807=CARTESIAN_POINT('',(2.565,-0.34,0.63));
#11808=VECTOR('',#14416,0.12);
#11809=CARTESIAN_POINT('',(2.685,-0.4,0.63));
#11810=VECTOR('',#14417,0.06);
#11811=CARTESIAN_POINT('',(2.915,-0.34,0.63));
#11812=CARTESIAN_POINT('',(2.915,-0.4,0.63));
#11813=VECTOR('',#14418,0.06);
#11814=CARTESIAN_POINT('',(3.035,-0.34,0.63));
#11815=CARTESIAN_POINT('',(2.915,-0.34,0.63));
#11816=VECTOR('',#14419,0.12);
#11817=CARTESIAN_POINT('',(3.035,-0.4,0.63));
#11818=VECTOR('',#14420,0.06);
#11819=CARTESIAN_POINT('',(3.265,-0.34,0.63));
#11820=CARTESIAN_POINT('',(3.265,-0.4,0.63));
#11821=VECTOR('',#14421,0.06);
#11822=CARTESIAN_POINT('',(3.385,-0.34,0.63));
#11823=CARTESIAN_POINT('',(3.265,-0.34,0.63));
#11824=VECTOR('',#14422,0.12);
#11825=CARTESIAN_POINT('',(3.385,-0.4,0.63));
#11826=VECTOR('',#14423,0.06);
#11827=CARTESIAN_POINT('',(3.615,-0.34,0.63));
#11828=CARTESIAN_POINT('',(3.615,-0.4,0.63));
#11829=VECTOR('',#14424,0.06);
#11830=CARTESIAN_POINT('',(3.735,-0.34,0.63));
#11831=CARTESIAN_POINT('',(3.615,-0.34,0.63));
#11832=VECTOR('',#14425,0.12);
#11833=CARTESIAN_POINT('',(3.735,-0.4,0.63));
#11834=VECTOR('',#14426,0.06);
#11835=CARTESIAN_POINT('',(3.965,-0.34,0.63));
#11836=CARTESIAN_POINT('',(3.965,-0.4,0.63));
#11837=VECTOR('',#14427,0.06);
#11838=CARTESIAN_POINT('',(4.085,-0.34,0.63));
#11839=CARTESIAN_POINT('',(3.965,-0.34,0.63));
#11840=VECTOR('',#14428,0.12);
#11841=CARTESIAN_POINT('',(4.085,-0.4,0.63));
#11842=VECTOR('',#14429,0.06);
#11843=CARTESIAN_POINT('',(4.315,-0.34,0.63));
#11844=CARTESIAN_POINT('',(4.315,-0.4,0.63));
#11845=VECTOR('',#14430,0.06);
#11846=CARTESIAN_POINT('',(4.435,-0.34,0.63));
#11847=CARTESIAN_POINT('',(4.315,-0.34,0.63));
#11848=VECTOR('',#14431,0.12);
#11849=CARTESIAN_POINT('',(4.435,-0.4,0.63));
#11850=VECTOR('',#14432,0.06);
#11851=CARTESIAN_POINT('',(4.665,-0.34,0.63));
#11852=CARTESIAN_POINT('',(4.665,-0.4,0.63));
#11853=VECTOR('',#14433,0.06);
#11854=CARTESIAN_POINT('',(4.785,-0.34,0.63));
#11855=CARTESIAN_POINT('',(4.665,-0.34,0.63));
#11856=VECTOR('',#14434,0.12);
#11857=CARTESIAN_POINT('',(4.785,-0.4,0.63));
#11858=VECTOR('',#14435,0.06);
#11859=CARTESIAN_POINT('',(5.015,-0.34,0.63));
#11860=CARTESIAN_POINT('',(5.015,-0.4,0.63));
#11861=VECTOR('',#14436,0.06);
#11862=CARTESIAN_POINT('',(5.135,-0.34,0.63));
#11863=CARTESIAN_POINT('',(5.015,-0.34,0.63));
#11864=VECTOR('',#14437,0.12);
#11865=CARTESIAN_POINT('',(5.135,-0.4,0.63));
#11866=VECTOR('',#14438,0.06);
#11867=CARTESIAN_POINT('',(5.315,0.31,0.63));
#11868=CARTESIAN_POINT('',(5.315,-0.4,0.63));
#11869=VECTOR('',#14439,0.71);
#11870=CARTESIAN_POINT('',(-5.315,0.31,0.63));
#11871=VECTOR('',#14440,10.63);
#11872=CARTESIAN_POINT('',(-5.815,-0.05,-0.23));
#11873=CARTESIAN_POINT('',(-5.815,-0.05,-0.53));
#11874=CARTESIAN_POINT('',(-5.815,-0.05,-0.23));
#11875=VECTOR('',#14441,0.3);
#11876=CARTESIAN_POINT('',(-5.805,-0.05,-0.54));
#11877=AXIS2_PLACEMENT_3D('',#14442,#14443,#14444);
#11878=CARTESIAN_POINT('',(-5.645,-0.05,-0.54));
#11879=CARTESIAN_POINT('',(-5.805,-0.05,-0.54));
#11880=VECTOR('',#14445,0.16);
#11881=CARTESIAN_POINT('',(-5.645,-0.05,-0.63));
#11882=CARTESIAN_POINT('',(-5.645,-0.05,-0.63));
#11883=VECTOR('',#14446,0.09);
#11884=CARTESIAN_POINT('',(-5.805,-0.05,-0.63));
#11885=CARTESIAN_POINT('',(-5.645,-0.05,-0.63));
#11886=VECTOR('',#14447,0.16);
#11887=CARTESIAN_POINT('',(-5.905,-0.05,-0.53));
#11888=AXIS2_PLACEMENT_3D('',#14448,#14449,#14450);
#11889=CARTESIAN_POINT('',(-5.905,-0.05,-0.23));
#11890=CARTESIAN_POINT('',(-5.905,-0.05,-0.53));
#11891=VECTOR('',#14451,0.3);
#11892=CARTESIAN_POINT('',(-5.815,-0.05,-0.23));
#11893=VECTOR('',#14452,0.09);
#11894=CARTESIAN_POINT('',(-5.905,-0.05,0.23));
#11895=CARTESIAN_POINT('',(-5.905,-0.05,0.53));
#11896=CARTESIAN_POINT('',(-5.905,-0.05,0.23));
#11897=VECTOR('',#14453,0.3);
#11898=AXIS2_PLACEMENT_3D('',#14454,#14455,#14456);
#11899=CARTESIAN_POINT('',(-5.645,-0.05,0.54));
#11900=CARTESIAN_POINT('',(-5.645,-0.05,0.54));
#11901=VECTOR('',#14457,0.09);
#11902=CARTESIAN_POINT('',(-5.805,-0.05,0.54));
#11903=CARTESIAN_POINT('',(-5.645,-0.05,0.54));
#11904=VECTOR('',#14458,0.16);
#11905=CARTESIAN_POINT('',(-5.815,-0.05,0.53));
#11906=AXIS2_PLACEMENT_3D('',#14459,#14460,#14461);
#11907=CARTESIAN_POINT('',(-5.815,-0.05,0.23));
#11908=CARTESIAN_POINT('',(-5.815,-0.05,0.53));
#11909=VECTOR('',#14462,0.3);
#11910=CARTESIAN_POINT('',(-5.905,-0.05,0.23));
#11911=VECTOR('',#14463,0.09);
#11912=CARTESIAN_POINT('',(5.905,-0.05,-0.23));
#11913=CARTESIAN_POINT('',(5.905,-0.05,-0.53));
#11914=CARTESIAN_POINT('',(5.905,-0.05,-0.23));
#11915=VECTOR('',#14464,0.3);
#11916=CARTESIAN_POINT('',(5.805,-0.05,-0.63));
#11917=AXIS2_PLACEMENT_3D('',#14465,#14466,#14467);
#11918=CARTESIAN_POINT('',(5.645,-0.05,-0.63));
#11919=CARTESIAN_POINT('',(5.805,-0.05,-0.63));
#11920=VECTOR('',#14468,0.16);
#11921=CARTESIAN_POINT('',(5.645,-0.05,-0.54));
#11922=CARTESIAN_POINT('',(5.645,-0.05,-0.54));
#11923=VECTOR('',#14469,0.09);
#11924=CARTESIAN_POINT('',(5.805,-0.05,-0.54));
#11925=CARTESIAN_POINT('',(5.645,-0.05,-0.54));
#11926=VECTOR('',#14470,0.16);
#11927=CARTESIAN_POINT('',(5.815,-0.05,-0.53));
#11928=AXIS2_PLACEMENT_3D('',#14471,#14472,#14473);
#11929=CARTESIAN_POINT('',(5.815,-0.05,-0.23));
#11930=CARTESIAN_POINT('',(5.815,-0.05,-0.53));
#11931=VECTOR('',#14474,0.3);
#11932=CARTESIAN_POINT('',(5.905,-0.05,-0.23));
#11933=VECTOR('',#14475,0.09);
#11934=CARTESIAN_POINT('',(5.815,-0.05,0.23));
#11935=CARTESIAN_POINT('',(5.815,-0.05,0.53));
#11936=CARTESIAN_POINT('',(5.815,-0.05,0.23));
#11937=VECTOR('',#14476,0.3);
#11938=CARTESIAN_POINT('',(5.805,-0.05,0.54));
#11939=AXIS2_PLACEMENT_3D('',#14477,#14478,#14479);
#11940=CARTESIAN_POINT('',(5.645,-0.05,0.54));
#11941=CARTESIAN_POINT('',(5.805,-0.05,0.54));
#11942=VECTOR('',#14480,0.16);
#11943=CARTESIAN_POINT('',(5.645,-0.05,0.63));
#11944=VECTOR('',#14481,0.09);
#11945=CARTESIAN_POINT('',(5.905,-0.05,0.53));
#11946=AXIS2_PLACEMENT_3D('',#14482,#14483,#14484);
#11947=CARTESIAN_POINT('',(5.905,-0.05,0.23));
#11948=CARTESIAN_POINT('',(5.905,-0.05,0.53));
#11949=VECTOR('',#14485,0.3);
#11950=CARTESIAN_POINT('',(5.815,-0.05,0.23));
#11951=VECTOR('',#14486,0.09);
#11952=CARTESIAN_POINT('',(-5.815,-0.14,-0.14));
#11953=CARTESIAN_POINT('',(-5.905,-0.14,-0.14));
#11954=CARTESIAN_POINT('',(-5.815,-0.14,-0.14));
#11955=VECTOR('',#14487,0.09);
#11956=CARTESIAN_POINT('',(-5.815,-0.05,-0.23));
#11957=VECTOR('',#14488,0.1272792206136);
#11958=CARTESIAN_POINT('',(-5.905,-0.14,-0.14));
#11959=VECTOR('',#14489,0.1272792206136);
#11960=CARTESIAN_POINT('',(-5.905,-0.33,-0.35));
#11961=CARTESIAN_POINT('',(-5.905,-0.33,-0.14));
#11962=CARTESIAN_POINT('',(-5.905,-0.33,-0.35));
#11963=VECTOR('',#14490,0.21);
#11964=CARTESIAN_POINT('',(-5.905,-0.33,-0.14));
#11965=VECTOR('',#14491,0.19);
#11966=CARTESIAN_POINT('',(-5.905,-0.38,-0.53));
#11967=CARTESIAN_POINT('',(-5.905,-0.38,-0.53));
#11968=VECTOR('',#14492,0.33);
#11969=CARTESIAN_POINT('',(-5.905,-0.38,-0.4));
#11970=CARTESIAN_POINT('',(-5.905,-0.38,-0.53));
#11971=VECTOR('',#14493,0.13);
#11972=CARTESIAN_POINT('',(-5.905,-0.38,-0.4));
#11973=VECTOR('',#14494,0.07071067811865);
#11974=CARTESIAN_POINT('',(-5.905,-0.38,0.4));
#11975=CARTESIAN_POINT('',(-5.905,-0.38,0.53));
#11976=CARTESIAN_POINT('',(-5.905,-0.38,0.4));
#11977=VECTOR('',#14495,0.13);
#11978=CARTESIAN_POINT('',(-5.905,-0.38,0.53));
#11979=VECTOR('',#14496,0.33);
#11980=CARTESIAN_POINT('',(-5.905,-0.14,0.14));
#11981=CARTESIAN_POINT('',(-5.905,-0.05,0.23));
#11982=VECTOR('',#14497,0.1272792206136);
#11983=CARTESIAN_POINT('',(-5.905,-0.33,0.14));
#11984=CARTESIAN_POINT('',(-5.905,-0.33,0.14));
#11985=VECTOR('',#14498,0.19);
#11986=CARTESIAN_POINT('',(-5.905,-0.33,0.35));
#11987=CARTESIAN_POINT('',(-5.905,-0.33,0.14));
#11988=VECTOR('',#14499,0.21);
#11989=CARTESIAN_POINT('',(-5.905,-0.33,0.35));
#11990=VECTOR('',#14500,0.07071067811865);
#11991=CARTESIAN_POINT('',(-5.655000002023,-0.3799999992703,-0.3999999992703));
#11992=CARTESIAN_POINT('',(-5.655000002023,-0.3799999992703,-0.3999999992703));
#11993=VECTOR('',#14501,0.2499999979771);
#11994=CARTESIAN_POINT('',(-5.655000001686,-0.3299999993919,-0.3499999993919));
#11995=CARTESIAN_POINT('',(-5.655000002023,-0.3799999992703,-0.3999999992703));
#11996=VECTOR('',#14502,0.07071067794666);
#11997=CARTESIAN_POINT('',(-5.655000001686,-0.3299999993919,-0.3499999993919));
#11998=VECTOR('',#14503,0.2499999983143);
#11999=CARTESIAN_POINT('',(-5.405,-0.33,-0.1));
#12000=AXIS2_PLACEMENT_3D('',#14504,#14505,#14506);
#12001=CARTESIAN_POINT('',(-5.405000000608,-0.3299999993919,0.09999999831427));
#12002=CARTESIAN_POINT('',(-5.405000000608,-0.3299999993919,0.09999999831427));
#12003=VECTOR('',#14507,0.2000000029719);
#12004=CARTESIAN_POINT('',(-5.655,-0.33,0.35));
#12005=AXIS2_PLACEMENT_3D('',#14508,#14509,#14510);
#12006=CARTESIAN_POINT('',(-5.905,-0.33,0.35));
#12007=VECTOR('',#14511,0.2500000093155);
#12008=CARTESIAN_POINT('',(-5.795,-0.33,0.14));
#12009=CARTESIAN_POINT('',(-5.905,-0.33,0.14));
#12010=VECTOR('',#14512,0.11);
#12011=CARTESIAN_POINT('',(-5.795,-0.33,-0.14));
#12012=CARTESIAN_POINT('',(-5.795,-0.33,0.14));
#12013=VECTOR('',#14513,0.28);
#12014=CARTESIAN_POINT('',(-5.795,-0.33,-0.14));
#12015=VECTOR('',#14514,0.11);
#12016=CARTESIAN_POINT('',(5.405,-0.33,0.1));
#12017=CARTESIAN_POINT('',(5.655000001686,-0.3299999993919,0.3499999993919));
#12018=AXIS2_PLACEMENT_3D('',#14515,#14516,#14517);
#12019=CARTESIAN_POINT('',(5.405000000608,-0.3299999993919,-0.09999999831428));
#12020=CARTESIAN_POINT('',(5.405000000608,-0.3299999993919,-0.09999999831428));
#12021=VECTOR('',#14518,0.2000000029719);
#12022=CARTESIAN_POINT('',(5.655,-0.33,-0.35));
#12023=AXIS2_PLACEMENT_3D('',#14519,#14520,#14521);
#12024=CARTESIAN_POINT('',(5.905,-0.33,-0.35));
#12025=CARTESIAN_POINT('',(5.905,-0.33,-0.35));
#12026=VECTOR('',#14522,0.2500000093155);
#12027=CARTESIAN_POINT('',(5.905,-0.33,-0.14));
#12028=CARTESIAN_POINT('',(5.905,-0.33,-0.35));
#12029=VECTOR('',#14523,0.21);
#12030=CARTESIAN_POINT('',(5.795,-0.33,-0.14));
#12031=CARTESIAN_POINT('',(5.905,-0.33,-0.14));
#12032=VECTOR('',#14524,0.11);
#12033=CARTESIAN_POINT('',(5.795,-0.33,0.14));
#12034=CARTESIAN_POINT('',(5.795,-0.33,-0.14));
#12035=VECTOR('',#14525,0.28);
#12036=CARTESIAN_POINT('',(5.905,-0.33,0.14));
#12037=CARTESIAN_POINT('',(5.795,-0.33,0.14));
#12038=VECTOR('',#14526,0.11);
#12039=CARTESIAN_POINT('',(5.905,-0.33,0.35));
#12040=CARTESIAN_POINT('',(5.905,-0.33,0.14));
#12041=VECTOR('',#14527,0.21);
#12042=CARTESIAN_POINT('',(5.655000001686,-0.3299999993919,0.3499999993919));
#12043=VECTOR('',#14528,0.2499999983143);
#12044=CARTESIAN_POINT('',(-5.815,-0.09,-0.14));
#12045=CARTESIAN_POINT('',(-5.815,-0.09,-0.14));
#12046=VECTOR('',#14529,0.05);
#12047=CARTESIAN_POINT('',(-5.795,-0.09,-0.14));
#12048=CARTESIAN_POINT('',(-5.795,-0.09,-0.14));
#12049=VECTOR('',#14530,0.24);
#12050=CARTESIAN_POINT('',(-5.795,-0.09,-0.14));
#12051=VECTOR('',#14531,0.02);
#12052=CARTESIAN_POINT('',(-5.795,-0.12,-0.11));
#12053=CARTESIAN_POINT('',(-5.895,-0.12,-0.11));
#12054=CARTESIAN_POINT('',(-5.795,-0.12,-0.11));
#12055=VECTOR('',#14532,0.1);
#12056=CARTESIAN_POINT('',(-5.895,-0.03,-0.2));
#12057=CARTESIAN_POINT('',(-5.895,-0.12,-0.11));
#12058=VECTOR('',#14533,0.1272792206136);
#12059=CARTESIAN_POINT('',(-5.815,-0.03,-0.2));
#12060=CARTESIAN_POINT('',(-5.815,-0.03,-0.2));
#12061=VECTOR('',#14534,0.08);
#12062=CARTESIAN_POINT('',(-5.815,-0.09,-0.14));
#12063=VECTOR('',#14535,0.08485281374239);
#12064=CARTESIAN_POINT('',(-5.795,-0.09,-0.14));
#12065=VECTOR('',#14536,0.04242640687119);
#12066=CARTESIAN_POINT('',(-5.795,-0.09,0.14));
#12067=CARTESIAN_POINT('',(-5.795,-0.09,0.14));
#12068=VECTOR('',#14537,0.24);
#12069=CARTESIAN_POINT('',(-5.795,-0.12,0.11));
#12070=CARTESIAN_POINT('',(-5.795,-0.09,0.14));
#12071=VECTOR('',#14538,0.04242640687119);
#12072=CARTESIAN_POINT('',(-5.795,-0.29,0.11));
#12073=CARTESIAN_POINT('',(-5.795,-0.29,0.11));
#12074=VECTOR('',#14539,0.17);
#12075=CARTESIAN_POINT('',(-5.795,-0.29,-0.11));
#12076=CARTESIAN_POINT('',(-5.795,-0.29,-0.11));
#12077=VECTOR('',#14540,0.22);
#12078=CARTESIAN_POINT('',(-5.795,-0.12,-0.11));
#12079=VECTOR('',#14541,0.17);
#12080=CARTESIAN_POINT('',(-5.895,-0.29,-0.11));
#12081=CARTESIAN_POINT('',(-5.795,-0.29,-0.11));
#12082=VECTOR('',#14542,0.1);
#12083=CARTESIAN_POINT('',(-5.895,-0.29,-0.11));
#12084=VECTOR('',#14543,0.17);
#12085=CARTESIAN_POINT('',(-5.895,-0.03,-0.49));
#12086=CARTESIAN_POINT('',(-5.895,0.31,-0.49));
#12087=CARTESIAN_POINT('',(-5.895,-0.03,-0.49));
#12088=VECTOR('',#14544,0.34);
#12089=CARTESIAN_POINT('',(-5.895,-0.03,-0.2));
#12090=VECTOR('',#14545,0.29);
#12091=CARTESIAN_POINT('',(-5.895,-0.29,0.11));
#12092=CARTESIAN_POINT('',(-5.895,-0.29,0.11));
#12093=VECTOR('',#14546,0.22);
#12094=CARTESIAN_POINT('',(-5.895,-0.12,0.11));
#12095=CARTESIAN_POINT('',(-5.895,-0.12,0.11));
#12096=VECTOR('',#14547,0.17);
#12097=CARTESIAN_POINT('',(-5.895,-0.03,0.2));
#12098=CARTESIAN_POINT('',(-5.895,-0.03,0.2));
#12099=VECTOR('',#14548,0.1272792206136);
#12100=CARTESIAN_POINT('',(-5.895,-0.03,0.49));
#12101=CARTESIAN_POINT('',(-5.895,-0.03,0.49));
#12102=VECTOR('',#14549,0.29);
#12103=CARTESIAN_POINT('',(-5.895,0.31,0.49));
#12104=CARTESIAN_POINT('',(-5.895,0.31,0.49));
#12105=VECTOR('',#14550,0.34);
#12106=CARTESIAN_POINT('',(-5.895,0.31,0.49));
#12107=VECTOR('',#14551,0.98);
#12108=CARTESIAN_POINT('',(-5.815,0.39972135955,0.49));
#12109=AXIS2_PLACEMENT_3D('',#14552,#14553,#14554);
#12110=CARTESIAN_POINT('',(-5.805,0.4,0.49));
#12111=CARTESIAN_POINT('',(-5.805,0.4,0.49));
#12112=CARTESIAN_POINT('',(-5.806694100057,0.4,0.49));
#12113=CARTESIAN_POINT('',(-5.81005486678,0.400139320225,0.49));
#12114=CARTESIAN_POINT('',(-5.813360766723,0.39972135955,0.49));
#12115=CARTESIAN_POINT('',(-5.815,0.39972135955,0.49));
#12116=CARTESIAN_POINT('',(-5.805,0.4,-0.49));
#12117=CARTESIAN_POINT('',(-5.805,0.4,0.49));
#12118=VECTOR('',#14555,0.98);
#12119=CARTESIAN_POINT('',(-5.815,0.3994427191,-0.49));
#12120=CARTESIAN_POINT('',(-5.815,0.39972135955,-0.49));
#12121=CARTESIAN_POINT('',(-5.813360766723,0.39972135955,-0.49));
#12122=CARTESIAN_POINT('',(-5.81005486678,0.400139320225,-0.49));
#12123=CARTESIAN_POINT('',(-5.806694100057,0.4,-0.49));
#12124=CARTESIAN_POINT('',(-5.805,0.4,-0.49));
#12125=AXIS2_PLACEMENT_3D('',#14556,#14557,#14558);
#12126=CARTESIAN_POINT('',(-5.815,-0.03,-0.49));
#12127=CARTESIAN_POINT('',(-5.815,-0.03,-0.49));
#12128=VECTOR('',#14559,0.42972135955);
#12129=CARTESIAN_POINT('',(-5.815,-0.03,-0.49));
#12130=VECTOR('',#14560,0.08);
#12131=CARTESIAN_POINT('',(-5.815,-0.03,-0.49));
#12132=VECTOR('',#14561,0.29);
#12133=CARTESIAN_POINT('',(-5.815,0.4,-0.53));
#12134=CARTESIAN_POINT('',(-5.815,0.39972135955,-0.49));
#12135=VECTOR('',#14562,0.04000097049448);
#12136=CARTESIAN_POINT('',(-5.815,0.4,-0.53));
#12137=VECTOR('',#14563,0.45);
#12138=CARTESIAN_POINT('',(-5.805,0.4,-0.54));
#12139=CARTESIAN_POINT('',(-5.805,0.4,-0.54));
#12140=VECTOR('',#14564,0.45);
#12141=AXIS2_PLACEMENT_3D('',#14565,#14566,#14567);
#12142=CARTESIAN_POINT('',(-5.775,0.4,-0.52));
#12143=CARTESIAN_POINT('',(-5.775,0.4,-0.54));
#12144=CARTESIAN_POINT('',(-5.775,0.4,-0.52));
#12145=VECTOR('',#14568,0.02);
#12146=CARTESIAN_POINT('',(-5.775,0.4,-0.54));
#12147=VECTOR('',#14569,0.03);
#12148=CARTESIAN_POINT('',(-5.815,0.4,0.53));
#12149=CARTESIAN_POINT('',(-5.815,0.4,0.53));
#12150=VECTOR('',#14570,0.04000097049448);
#12151=CARTESIAN_POINT('',(-5.805,0.4,0.54));
#12152=AXIS2_PLACEMENT_3D('',#14571,#14572,#14573);
#12153=CARTESIAN_POINT('',(-5.775,0.4,0.54));
#12154=CARTESIAN_POINT('',(-5.805,0.4,0.54));
#12155=VECTOR('',#14574,0.03);
#12156=CARTESIAN_POINT('',(-5.775,0.4,0.52));
#12157=CARTESIAN_POINT('',(-5.775,0.4,0.52));
#12158=VECTOR('',#14575,0.02);
#12159=CARTESIAN_POINT('',(-5.315,0.4,0.52));
#12160=CARTESIAN_POINT('',(-5.315,0.4,0.52));
#12161=VECTOR('',#14576,0.46);
#12162=CARTESIAN_POINT('',(-5.315,0.4,0.54));
#12163=CARTESIAN_POINT('',(-5.315,0.4,0.54));
#12164=VECTOR('',#14577,0.02);
#12165=CARTESIAN_POINT('',(5.315,0.4,0.54));
#12166=CARTESIAN_POINT('',(-5.315,0.4,0.54));
#12167=VECTOR('',#14578,10.63);
#12168=CARTESIAN_POINT('',(5.315,0.4,0.52));
#12169=CARTESIAN_POINT('',(5.315,0.4,0.54));
#12170=VECTOR('',#14579,0.02);
#12171=CARTESIAN_POINT('',(5.775,0.4,0.52));
#12172=CARTESIAN_POINT('',(5.775,0.4,0.52));
#12173=VECTOR('',#14580,0.46);
#12174=CARTESIAN_POINT('',(5.775,0.4,0.54));
#12175=CARTESIAN_POINT('',(5.775,0.4,0.52));
#12176=VECTOR('',#14581,0.02);
#12177=CARTESIAN_POINT('',(5.805,0.4,0.54));
#12178=CARTESIAN_POINT('',(5.775,0.4,0.54));
#12179=VECTOR('',#14582,0.03);
#12180=CARTESIAN_POINT('',(5.815,0.4,0.53));
#12181=AXIS2_PLACEMENT_3D('',#14583,#14584,#14585);
#12182=CARTESIAN_POINT('',(5.815,0.3994427191,0.49));
#12183=CARTESIAN_POINT('',(5.815,0.39972135955,0.49));
#12184=VECTOR('',#14586,0.04000097049448);
#12185=CARTESIAN_POINT('',(5.805,0.4,0.49));
#12186=CARTESIAN_POINT('',(5.815,0.39972135955,0.49));
#12187=CARTESIAN_POINT('',(5.813360766723,0.39972135955,0.49));
#12188=CARTESIAN_POINT('',(5.81005486678,0.400139320225,0.49));
#12189=CARTESIAN_POINT('',(5.806694100057,0.4,0.49));
#12190=CARTESIAN_POINT('',(5.805,0.4,0.49));
#12191=CARTESIAN_POINT('',(5.805,0.4,-0.49));
#12192=CARTESIAN_POINT('',(5.805,0.4,-0.49));
#12193=VECTOR('',#14587,0.98);
#12194=CARTESIAN_POINT('',(5.815,0.39972135955,-0.49));
#12195=CARTESIAN_POINT('',(5.805,0.4,-0.49));
#12196=CARTESIAN_POINT('',(5.806694100057,0.4,-0.49));
#12197=CARTESIAN_POINT('',(5.81005486678,0.400139320225,-0.49));
#12198=CARTESIAN_POINT('',(5.813360766723,0.39972135955,-0.49));
#12199=CARTESIAN_POINT('',(5.815,0.39972135955,-0.49));
#12200=CARTESIAN_POINT('',(5.815,0.4,-0.53));
#12201=CARTESIAN_POINT('',(5.815,0.4,-0.53));
#12202=VECTOR('',#14588,0.04000097049448);
#12203=CARTESIAN_POINT('',(5.805,0.4,-0.54));
#12204=AXIS2_PLACEMENT_3D('',#14589,#14590,#14591);
#12205=CARTESIAN_POINT('',(5.775,0.4,-0.54));
#12206=CARTESIAN_POINT('',(5.805,0.4,-0.54));
#12207=VECTOR('',#14592,0.03);
#12208=CARTESIAN_POINT('',(5.775,0.4,-0.52));
#12209=CARTESIAN_POINT('',(5.775,0.4,-0.52));
#12210=VECTOR('',#14593,0.02);
#12211=CARTESIAN_POINT('',(5.315,0.4,-0.52));
#12212=CARTESIAN_POINT('',(5.315,0.4,-0.52));
#12213=VECTOR('',#14594,0.46);
#12214=CARTESIAN_POINT('',(5.315,0.4,-0.54));
#12215=CARTESIAN_POINT('',(5.315,0.4,-0.54));
#12216=VECTOR('',#14595,0.02);
#12217=CARTESIAN_POINT('',(-5.315,0.4,-0.54));
#12218=CARTESIAN_POINT('',(5.315,0.4,-0.54));
#12219=VECTOR('',#14596,10.63);
#12220=CARTESIAN_POINT('',(-5.315,0.4,-0.52));
#12221=CARTESIAN_POINT('',(-5.315,0.4,-0.54));
#12222=VECTOR('',#14597,0.02);
#12223=CARTESIAN_POINT('',(-5.775,0.4,-0.52));
#12224=VECTOR('',#14598,0.46);
#12225=CARTESIAN_POINT('',(5.645,0.4,0.44));
#12226=CARTESIAN_POINT('',(-5.645,0.4,0.44));
#12227=CARTESIAN_POINT('',(5.645,0.4,0.44));
#12228=VECTOR('',#14599,11.29);
#12229=CARTESIAN_POINT('',(-5.645,0.4,-0.44));
#12230=CARTESIAN_POINT('',(-5.645,0.4,0.44));
#12231=VECTOR('',#14600,0.88);
#12232=CARTESIAN_POINT('',(5.645,0.4,-0.44));
#12233=CARTESIAN_POINT('',(-5.645,0.4,-0.44));
#12234=VECTOR('',#14601,11.29);
#12235=CARTESIAN_POINT('',(5.645,0.4,-0.44));
#12236=VECTOR('',#14602,0.88);
#12237=CARTESIAN_POINT('',(5.555,0.31,-0.35));
#12238=CARTESIAN_POINT('',(5.555,0.31,-0.35));
#12239=CARTESIAN_POINT('',(5.555,0.3171985208765,-0.35));
#12240=CARTESIAN_POINT('',(5.556741180593,0.3318242902495,-0.3517411805933));
#12241=CARTESIAN_POINT('',(5.564853129577,0.3530812708872,-0.3598531295769));
#12242=CARTESIAN_POINT('',(5.578569098985,0.3721933287513,-0.3735690989848));
#12243=CARTESIAN_POINT('',(5.596525248096,0.3870516927548,-0.3915252480963));
#12244=CARTESIAN_POINT('',(5.618816827739,0.3973228016429,-0.4138168277388));
#12245=CARTESIAN_POINT('',(5.635982565666,0.4,-0.4309825656661));
#12246=CARTESIAN_POINT('',(5.645,0.4,-0.44));
#12247=CARTESIAN_POINT('',(5.555,0.31,0.35));
#12248=CARTESIAN_POINT('',(5.555,0.31,-0.35));
#12249=VECTOR('',#14603,0.7);
#12250=CARTESIAN_POINT('',(5.555,0.31,0.35));
#12251=CARTESIAN_POINT('',(5.555,0.3171985208765,0.35));
#12252=CARTESIAN_POINT('',(5.556741180593,0.3318242902495,0.3517411805933));
#12253=CARTESIAN_POINT('',(5.564853129577,0.3530812708872,0.3598531295769));
#12254=CARTESIAN_POINT('',(5.578569098985,0.3721933287513,0.3735690989848));
#12255=CARTESIAN_POINT('',(5.596525248096,0.3870516927548,0.3915252480963));
#12256=CARTESIAN_POINT('',(5.618816827739,0.3973228016429,0.4138168277388));
#12257=CARTESIAN_POINT('',(5.635982565666,0.4,0.4309825656661));
#12258=CARTESIAN_POINT('',(5.645,0.4,0.44));
#12259=CARTESIAN_POINT('',(-5.555,0.31,0.35));
#12260=CARTESIAN_POINT('',(5.555,0.31,0.35));
#12261=VECTOR('',#14604,11.11);
#12262=CARTESIAN_POINT('',(-5.555,0.31,0.35));
#12263=CARTESIAN_POINT('',(-5.555,0.3171985208765,0.35));
#12264=CARTESIAN_POINT('',(-5.556741180593,0.3318242902495,0.3517411805933));
#12265=CARTESIAN_POINT('',(-5.564853129577,0.3530812708872,0.3598531295769));
#12266=CARTESIAN_POINT('',(-5.578569098985,0.3721933287513,0.3735690989848));
#12267=CARTESIAN_POINT('',(-5.596525248096,0.3870516927548,0.3915252480963));
#12268=CARTESIAN_POINT('',(-5.618816827739,0.3973228016429,0.4138168277388));
#12269=CARTESIAN_POINT('',(-5.635982565666,0.4,0.4309825656661));
#12270=CARTESIAN_POINT('',(-5.645,0.4,0.44));
#12271=CARTESIAN_POINT('',(-5.555,0.31,-0.35));
#12272=CARTESIAN_POINT('',(-5.555,0.31,-0.35));
#12273=CARTESIAN_POINT('',(-5.555,0.3171985208765,-0.35));
#12274=CARTESIAN_POINT('',(-5.556741180593,0.3318242902495,-0.3517411805933));
#12275=CARTESIAN_POINT('',(-5.564853129577,0.3530812708872,-0.3598531295769));
#12276=CARTESIAN_POINT('',(-5.578569098985,0.3721933287513,-0.3735690989848));
#12277=CARTESIAN_POINT('',(-5.596525248096,0.3870516927548,-0.3915252480963));
#12278=CARTESIAN_POINT('',(-5.618816827739,0.3973228016429,-0.4138168277388));
#12279=CARTESIAN_POINT('',(-5.635982565666,0.4,-0.4309825656661));
#12280=CARTESIAN_POINT('',(-5.645,0.4,-0.44));
#12281=CARTESIAN_POINT('',(-5.555,0.31,0.35));
#12282=VECTOR('',#14605,0.7);
#12283=CARTESIAN_POINT('',(-5.555,-0.08,0.35));
#12284=CARTESIAN_POINT('',(-5.555,0.31,0.35));
#12285=VECTOR('',#14606,0.39);
#12286=CARTESIAN_POINT('',(-5.555,-0.08,-0.35));
#12287=CARTESIAN_POINT('',(-5.555,-0.08,-0.35));
#12288=VECTOR('',#14607,0.7);
#12289=CARTESIAN_POINT('',(-5.555,0.31,-0.35));
#12290=VECTOR('',#14608,0.39);
#12291=CARTESIAN_POINT('',(5.555,-0.08,-0.35));
#12292=CARTESIAN_POINT('',(5.555,-0.08,-0.35));
#12293=VECTOR('',#14609,11.11);
#12294=CARTESIAN_POINT('',(5.555,0.31,-0.35));
#12295=VECTOR('',#14610,0.39);
#12296=CARTESIAN_POINT('',(-5.555,0.31,-0.35));
#12297=VECTOR('',#14611,11.11);
#12298=CARTESIAN_POINT('',(5.555,-0.08,0.35));
#12299=CARTESIAN_POINT('',(5.555,-0.08,0.35));
#12300=VECTOR('',#14612,0.7);
#12301=CARTESIAN_POINT('',(5.555,0.31,0.35));
#12302=VECTOR('',#14613,0.39);
#12303=CARTESIAN_POINT('',(-5.555,-0.08,0.35));
#12304=VECTOR('',#14614,11.11);
#12305=CARTESIAN_POINT('',(-5.315,0.31,-0.61));
#12306=AXIS2_PLACEMENT_3D('',#14615,#14616,#14617);
#12307=CARTESIAN_POINT('',(-5.775,0.31,-0.61));
#12308=CARTESIAN_POINT('',(-5.775,0.31,-0.61));
#12309=VECTOR('',#14618,0.46);
#12310=CARTESIAN_POINT('',(-5.775,0.3977496438739,-0.54));
#12311=AXIS2_PLACEMENT_3D('',#14619,#14620,#14621);
#12312=AXIS2_PLACEMENT_3D('',#14622,#14623,#14624);
#12313=CARTESIAN_POINT('',(-5.775,0.4,-0.54));
#12314=VECTOR('',#14625,0.002250356126078);
#12315=CARTESIAN_POINT('',(-5.62,-0.27,-0.54));
#12316=CARTESIAN_POINT('',(-5.525,-0.27,-0.54));
#12317=CARTESIAN_POINT('',(-5.62,-0.27,-0.54));
#12318=VECTOR('',#14626,0.095);
#12319=CARTESIAN_POINT('',(-5.525,-0.38,-0.54));
#12320=CARTESIAN_POINT('',(-5.525,-0.38,-0.54));
#12321=VECTOR('',#14627,0.11);
#12322=CARTESIAN_POINT('',(-5.645,-0.38,-0.54));
#12323=CARTESIAN_POINT('',(-5.645,-0.38,-0.54));
#12324=VECTOR('',#14628,0.12);
#12325=CARTESIAN_POINT('',(-5.645,-0.245,-0.54));
#12326=CARTESIAN_POINT('',(-5.645,-0.245,-0.54));
#12327=VECTOR('',#14629,0.135);
#12328=CARTESIAN_POINT('',(-5.645,-0.245,-0.54));
#12329=VECTOR('',#14630,0.03535533905933);
#12330=CARTESIAN_POINT('',(-5.375,-0.335,-0.54));
#12331=CARTESIAN_POINT('',(-5.328110657368,-0.2837516873684,-0.54));
#12332=CARTESIAN_POINT('',(-5.375,-0.335,-0.54));
#12333=VECTOR('',#14631,0.06946221994725);
#12334=CARTESIAN_POINT('',(-5.315,-0.25,-0.54));
#12335=AXIS2_PLACEMENT_3D('',#14632,#14633,#14634);
#12336=CARTESIAN_POINT('',(-5.315,-0.38,-0.54));
#12337=CARTESIAN_POINT('',(-5.315,-0.25,-0.54));
#12338=VECTOR('',#14635,0.13);
#12339=CARTESIAN_POINT('',(-5.375,-0.38,-0.54));
#12340=CARTESIAN_POINT('',(-5.375,-0.38,-0.54));
#12341=VECTOR('',#14636,0.06);
#12342=CARTESIAN_POINT('',(-5.375,-0.38,-0.54));
#12343=VECTOR('',#14637,0.045);
#12344=CARTESIAN_POINT('',(-5.775,-0.009999999999998,-0.54));
#12345=CARTESIAN_POINT('',(-5.775,0.3977496438739,-0.54));
#12346=VECTOR('',#14638,0.4077496438739);
#12347=CARTESIAN_POINT('',(-5.625,-0.009999999999998,-0.54));
#12348=CARTESIAN_POINT('',(-5.775,-0.009999999999998,-0.54));
#12349=VECTOR('',#14639,0.15);
#12350=CARTESIAN_POINT('',(-5.625,-0.11,-0.54));
#12351=CARTESIAN_POINT('',(-5.625,-0.009999999999998,-0.54));
#12352=VECTOR('',#14640,0.1);
#12353=CARTESIAN_POINT('',(-5.645,-0.11,-0.54));
#12354=CARTESIAN_POINT('',(-5.625,-0.11,-0.54));
#12355=VECTOR('',#14641,0.02);
#12356=CARTESIAN_POINT('',(-5.645,-0.05,-0.54));
#12357=VECTOR('',#14642,0.06);
#12358=CARTESIAN_POINT('',(-5.62,-0.27,-0.61));
#12359=CARTESIAN_POINT('',(-5.62,-0.27,-0.54));
#12360=VECTOR('',#14643,0.07);
#12361=CARTESIAN_POINT('',(-5.645,-0.245,-0.61));
#12362=CARTESIAN_POINT('',(-5.645,-0.245,-0.54));
#12363=VECTOR('',#14644,0.07);
#12364=CARTESIAN_POINT('',(-5.645,-0.245,-0.61));
#12365=VECTOR('',#14645,0.03535533905933);
#12366=CARTESIAN_POINT('',(-5.315,-0.25,-0.61));
#12367=CARTESIAN_POINT('',(-5.315,-0.25,-0.61));
#12368=VECTOR('',#14646,0.56);
#12369=CARTESIAN_POINT('',(-5.328110657368,-0.2837516873684,-0.61));
#12370=AXIS2_PLACEMENT_3D('',#14647,#14648,#14649);
#12371=CARTESIAN_POINT('',(-5.375,-0.335,-0.61));
#12372=CARTESIAN_POINT('',(-5.375,-0.335,-0.61));
#12373=VECTOR('',#14650,0.06946221994725);
#12374=CARTESIAN_POINT('',(-5.375,-0.34,-0.61));
#12375=CARTESIAN_POINT('',(-5.375,-0.34,-0.61));
#12376=VECTOR('',#14651,0.005000000000002);
#12377=CARTESIAN_POINT('',(-5.525,-0.34,-0.61));
#12378=CARTESIAN_POINT('',(-5.525,-0.34,-0.61));
#12379=VECTOR('',#14652,0.15);
#12380=CARTESIAN_POINT('',(-5.525,-0.27,-0.61));
#12381=CARTESIAN_POINT('',(-5.525,-0.27,-0.61));
#12382=VECTOR('',#14653,0.07);
#12383=CARTESIAN_POINT('',(-5.62,-0.27,-0.61));
#12384=VECTOR('',#14654,0.095);
#12385=CARTESIAN_POINT('',(-5.645,-0.11,-0.61));
#12386=CARTESIAN_POINT('',(-5.645,-0.245,-0.61));
#12387=VECTOR('',#14655,0.135);
#12388=CARTESIAN_POINT('',(-5.625,-0.11,-0.61));
#12389=CARTESIAN_POINT('',(-5.625,-0.11,-0.61));
#12390=VECTOR('',#14656,0.02);
#12391=CARTESIAN_POINT('',(-5.625,-0.009999999999998,-0.61));
#12392=CARTESIAN_POINT('',(-5.625,-0.009999999999998,-0.61));
#12393=VECTOR('',#14657,0.1);
#12394=CARTESIAN_POINT('',(-5.775,-0.009999999999998,-0.61));
#12395=CARTESIAN_POINT('',(-5.775,-0.009999999999998,-0.61));
#12396=VECTOR('',#14658,0.15);
#12397=CARTESIAN_POINT('',(-5.775,0.31,-0.61));
#12398=VECTOR('',#14659,0.32);
#12399=CARTESIAN_POINT('',(5.775,-0.01,-0.61));
#12400=CARTESIAN_POINT('',(5.775,0.31,-0.61));
#12401=CARTESIAN_POINT('',(5.775,-0.01,-0.61));
#12402=VECTOR('',#14660,0.32);
#12403=CARTESIAN_POINT('',(5.625,-0.01,-0.61));
#12404=CARTESIAN_POINT('',(5.625,-0.01,-0.61));
#12405=VECTOR('',#14661,0.15);
#12406=CARTESIAN_POINT('',(5.625,-0.11,-0.61));
#12407=CARTESIAN_POINT('',(5.625,-0.11,-0.61));
#12408=VECTOR('',#14662,0.1);
#12409=CARTESIAN_POINT('',(5.645,-0.11,-0.61));
#12410=CARTESIAN_POINT('',(5.645,-0.11,-0.61));
#12411=VECTOR('',#14663,0.02);
#12412=CARTESIAN_POINT('',(5.645,-0.245,-0.61));
#12413=CARTESIAN_POINT('',(5.645,-0.245,-0.61));
#12414=VECTOR('',#14664,0.135);
#12415=CARTESIAN_POINT('',(5.62,-0.27,-0.61));
#12416=CARTESIAN_POINT('',(5.62,-0.27,-0.61));
#12417=VECTOR('',#14665,0.03535533905933);
#12418=CARTESIAN_POINT('',(5.525,-0.27,-0.61));
#12419=CARTESIAN_POINT('',(5.525,-0.27,-0.61));
#12420=VECTOR('',#14666,0.095);
#12421=CARTESIAN_POINT('',(5.525,-0.34,-0.61));
#12422=CARTESIAN_POINT('',(5.525,-0.34,-0.61));
#12423=VECTOR('',#14667,0.07);
#12424=CARTESIAN_POINT('',(5.375,-0.34,-0.61));
#12425=CARTESIAN_POINT('',(5.375,-0.34,-0.61));
#12426=VECTOR('',#14668,0.15);
#12427=CARTESIAN_POINT('',(5.375,-0.335,-0.61));
#12428=CARTESIAN_POINT('',(5.375,-0.335,-0.61));
#12429=VECTOR('',#14669,0.005);
#12430=CARTESIAN_POINT('',(5.328110657368,-0.2837516873684,-0.61));
#12431=CARTESIAN_POINT('',(5.328110657368,-0.2837516873684,-0.61));
#12432=VECTOR('',#14670,0.06946221994725);
#12433=CARTESIAN_POINT('',(5.315,-0.25,-0.61));
#12434=AXIS2_PLACEMENT_3D('',#14671,#14672,#14673);
#12435=CARTESIAN_POINT('',(5.315,0.31,-0.61));
#12436=CARTESIAN_POINT('',(5.315,-0.25,-0.61));
#12437=VECTOR('',#14674,0.56);
#12438=CARTESIAN_POINT('',(5.315,0.31,-0.61));
#12439=VECTOR('',#14675,0.46);
#12440=CARTESIAN_POINT('',(-5.775,-0.009999999999998,-0.54));
#12441=VECTOR('',#14676,0.07);
#12442=CARTESIAN_POINT('',(-5.625,-0.009999999999998,-0.54));
#12443=VECTOR('',#14677,0.07);
#12444=CARTESIAN_POINT('',(-5.625,-0.11,-0.54));
#12445=VECTOR('',#14678,0.07);
#12446=CARTESIAN_POINT('',(-5.645,-0.11,-0.54));
#12447=VECTOR('',#14679,0.07);
#12448=CARTESIAN_POINT('',(-5.645,-0.38,-0.63));
#12449=CARTESIAN_POINT('',(-5.645,-0.38,-0.63));
#12450=VECTOR('',#14680,0.09);
#12451=CARTESIAN_POINT('',(-5.645,-0.38,-0.63));
#12452=VECTOR('',#14681,0.33);
#12453=CARTESIAN_POINT('',(5.805,-0.38,-0.63));
#12454=CARTESIAN_POINT('',(5.805,-0.38,-0.63));
#12455=VECTOR('',#14682,0.33);
#12456=CARTESIAN_POINT('',(5.645,-0.38,-0.63));
#12457=CARTESIAN_POINT('',(5.805,-0.38,-0.63));
#12458=VECTOR('',#14683,0.16);
#12459=CARTESIAN_POINT('',(5.645,-0.38,-0.63));
#12460=VECTOR('',#14684,0.33);
#12461=CARTESIAN_POINT('',(-5.805,-0.38,-0.63));
#12462=CARTESIAN_POINT('',(-5.805,-0.38,-0.63));
#12463=VECTOR('',#14685,0.16);
#12464=CARTESIAN_POINT('',(-5.805,-0.38,-0.63));
#12465=VECTOR('',#14686,0.33);
#12466=CARTESIAN_POINT('',(5.315,0.31,-0.63));
#12467=CARTESIAN_POINT('',(5.315,-0.4,-0.63));
#12468=VECTOR('',#14687,0.71);
#12469=CARTESIAN_POINT('',(5.135,-0.34,-0.63));
#12470=CARTESIAN_POINT('',(5.135,-0.4,-0.63));
#12471=VECTOR('',#14688,0.06);
#12472=CARTESIAN_POINT('',(5.015,-0.34,-0.63));
#12473=CARTESIAN_POINT('',(5.015,-0.34,-0.63));
#12474=VECTOR('',#14689,0.12);
#12475=CARTESIAN_POINT('',(5.015,-0.4,-0.63));
#12476=VECTOR('',#14690,0.06);
#12477=CARTESIAN_POINT('',(4.785,-0.34,-0.63));
#12478=CARTESIAN_POINT('',(4.785,-0.4,-0.63));
#12479=VECTOR('',#14691,0.06);
#12480=CARTESIAN_POINT('',(4.665,-0.34,-0.63));
#12481=CARTESIAN_POINT('',(4.665,-0.34,-0.63));
#12482=VECTOR('',#14692,0.12);
#12483=CARTESIAN_POINT('',(4.665,-0.4,-0.63));
#12484=VECTOR('',#14693,0.06);
#12485=CARTESIAN_POINT('',(4.435,-0.34,-0.63));
#12486=CARTESIAN_POINT('',(4.435,-0.4,-0.63));
#12487=VECTOR('',#14694,0.06);
#12488=CARTESIAN_POINT('',(4.315,-0.34,-0.63));
#12489=CARTESIAN_POINT('',(4.315,-0.34,-0.63));
#12490=VECTOR('',#14695,0.12);
#12491=CARTESIAN_POINT('',(4.315,-0.4,-0.63));
#12492=VECTOR('',#14696,0.06);
#12493=CARTESIAN_POINT('',(4.085,-0.34,-0.63));
#12494=CARTESIAN_POINT('',(4.085,-0.4,-0.63));
#12495=VECTOR('',#14697,0.06);
#12496=CARTESIAN_POINT('',(3.965,-0.34,-0.63));
#12497=CARTESIAN_POINT('',(3.965,-0.34,-0.63));
#12498=VECTOR('',#14698,0.12);
#12499=CARTESIAN_POINT('',(3.965,-0.4,-0.63));
#12500=VECTOR('',#14699,0.06);
#12501=CARTESIAN_POINT('',(3.735,-0.34,-0.63));
#12502=CARTESIAN_POINT('',(3.735,-0.4,-0.63));
#12503=VECTOR('',#14700,0.06);
#12504=CARTESIAN_POINT('',(3.615,-0.34,-0.63));
#12505=CARTESIAN_POINT('',(3.615,-0.34,-0.63));
#12506=VECTOR('',#14701,0.12);
#12507=CARTESIAN_POINT('',(3.615,-0.4,-0.63));
#12508=VECTOR('',#14702,0.06);
#12509=CARTESIAN_POINT('',(3.385,-0.34,-0.63));
#12510=CARTESIAN_POINT('',(3.385,-0.4,-0.63));
#12511=VECTOR('',#14703,0.06);
#12512=CARTESIAN_POINT('',(3.265,-0.34,-0.63));
#12513=CARTESIAN_POINT('',(3.265,-0.34,-0.63));
#12514=VECTOR('',#14704,0.12);
#12515=CARTESIAN_POINT('',(3.265,-0.4,-0.63));
#12516=VECTOR('',#14705,0.06);
#12517=CARTESIAN_POINT('',(3.035,-0.34,-0.63));
#12518=CARTESIAN_POINT('',(3.035,-0.4,-0.63));
#12519=VECTOR('',#14706,0.06);
#12520=CARTESIAN_POINT('',(2.915,-0.34,-0.63));
#12521=CARTESIAN_POINT('',(2.915,-0.34,-0.63));
#12522=VECTOR('',#14707,0.12);
#12523=CARTESIAN_POINT('',(2.915,-0.4,-0.63));
#12524=VECTOR('',#14708,0.06);
#12525=CARTESIAN_POINT('',(2.685,-0.34,-0.63));
#12526=CARTESIAN_POINT('',(2.685,-0.4,-0.63));
#12527=VECTOR('',#14709,0.06);
#12528=CARTESIAN_POINT('',(2.565,-0.34,-0.63));
#12529=CARTESIAN_POINT('',(2.565,-0.34,-0.63));
#12530=VECTOR('',#14710,0.12);
#12531=CARTESIAN_POINT('',(2.565,-0.4,-0.63));
#12532=VECTOR('',#14711,0.06);
#12533=CARTESIAN_POINT('',(2.335,-0.34,-0.63));
#12534=CARTESIAN_POINT('',(2.335,-0.4,-0.63));
#12535=VECTOR('',#14712,0.06);
#12536=CARTESIAN_POINT('',(2.215,-0.34,-0.63));
#12537=CARTESIAN_POINT('',(2.215,-0.34,-0.63));
#12538=VECTOR('',#14713,0.12);
#12539=CARTESIAN_POINT('',(2.215,-0.4,-0.63));
#12540=VECTOR('',#14714,0.06);
#12541=CARTESIAN_POINT('',(1.985,-0.34,-0.63));
#12542=CARTESIAN_POINT('',(1.985,-0.4,-0.63));
#12543=VECTOR('',#14715,0.06);
#12544=CARTESIAN_POINT('',(1.865,-0.34,-0.63));
#12545=CARTESIAN_POINT('',(1.865,-0.34,-0.63));
#12546=VECTOR('',#14716,0.12);
#12547=CARTESIAN_POINT('',(1.865,-0.4,-0.63));
#12548=VECTOR('',#14717,0.06);
#12549=CARTESIAN_POINT('',(1.635,-0.34,-0.63));
#12550=CARTESIAN_POINT('',(1.635,-0.4,-0.63));
#12551=VECTOR('',#14718,0.06);
#12552=CARTESIAN_POINT('',(1.515,-0.34,-0.63));
#12553=CARTESIAN_POINT('',(1.515,-0.34,-0.63));
#12554=VECTOR('',#14719,0.12);
#12555=CARTESIAN_POINT('',(1.515,-0.4,-0.63));
#12556=VECTOR('',#14720,0.06);
#12557=CARTESIAN_POINT('',(1.285,-0.34,-0.63));
#12558=CARTESIAN_POINT('',(1.285,-0.4,-0.63));
#12559=VECTOR('',#14721,0.06);
#12560=CARTESIAN_POINT('',(1.165,-0.34,-0.63));
#12561=CARTESIAN_POINT('',(1.165,-0.34,-0.63));
#12562=VECTOR('',#14722,0.12);
#12563=CARTESIAN_POINT('',(1.165,-0.4,-0.63));
#12564=VECTOR('',#14723,0.06);
#12565=CARTESIAN_POINT('',(0.935,-0.34,-0.63));
#12566=CARTESIAN_POINT('',(0.935,-0.4,-0.63));
#12567=VECTOR('',#14724,0.06);
#12568=CARTESIAN_POINT('',(0.815,-0.34,-0.63));
#12569=CARTESIAN_POINT('',(0.815,-0.34,-0.63));
#12570=VECTOR('',#14725,0.12);
#12571=CARTESIAN_POINT('',(0.815,-0.4,-0.63));
#12572=VECTOR('',#14726,0.06);
#12573=CARTESIAN_POINT('',(0.585,-0.34,-0.63));
#12574=CARTESIAN_POINT('',(0.585,-0.4,-0.63));
#12575=VECTOR('',#14727,0.06);
#12576=CARTESIAN_POINT('',(0.465,-0.34,-0.63));
#12577=CARTESIAN_POINT('',(0.465,-0.34,-0.63));
#12578=VECTOR('',#14728,0.12);
#12579=CARTESIAN_POINT('',(0.465,-0.4,-0.63));
#12580=VECTOR('',#14729,0.06);
#12581=CARTESIAN_POINT('',(0.235,-0.34,-0.63));
#12582=CARTESIAN_POINT('',(0.235,-0.4,-0.63));
#12583=VECTOR('',#14730,0.06);
#12584=CARTESIAN_POINT('',(0.115,-0.34,-0.63));
#12585=CARTESIAN_POINT('',(0.115,-0.34,-0.63));
#12586=VECTOR('',#14731,0.12);
#12587=CARTESIAN_POINT('',(0.115,-0.4,-0.63));
#12588=VECTOR('',#14732,0.06);
#12589=CARTESIAN_POINT('',(-0.115,-0.34,-0.63));
#12590=CARTESIAN_POINT('',(-0.115,-0.4,-0.63));
#12591=VECTOR('',#14733,0.06);
#12592=CARTESIAN_POINT('',(-0.235,-0.34,-0.63));
#12593=CARTESIAN_POINT('',(-0.235,-0.34,-0.63));
#12594=VECTOR('',#14734,0.12);
#12595=CARTESIAN_POINT('',(-0.235,-0.4,-0.63));
#12596=VECTOR('',#14735,0.06);
#12597=CARTESIAN_POINT('',(-0.465,-0.34,-0.63));
#12598=CARTESIAN_POINT('',(-0.465,-0.4,-0.63));
#12599=VECTOR('',#14736,0.06);
#12600=CARTESIAN_POINT('',(-0.585,-0.34,-0.63));
#12601=CARTESIAN_POINT('',(-0.585,-0.34,-0.63));
#12602=VECTOR('',#14737,0.12);
#12603=CARTESIAN_POINT('',(-0.585,-0.4,-0.63));
#12604=VECTOR('',#14738,0.06);
#12605=CARTESIAN_POINT('',(-0.815,-0.34,-0.63));
#12606=CARTESIAN_POINT('',(-0.815,-0.4,-0.63));
#12607=VECTOR('',#14739,0.06);
#12608=CARTESIAN_POINT('',(-0.935,-0.34,-0.63));
#12609=CARTESIAN_POINT('',(-0.935,-0.34,-0.63));
#12610=VECTOR('',#14740,0.12);
#12611=CARTESIAN_POINT('',(-0.935,-0.4,-0.63));
#12612=VECTOR('',#14741,0.06);
#12613=CARTESIAN_POINT('',(-1.165,-0.34,-0.63));
#12614=CARTESIAN_POINT('',(-1.165,-0.4,-0.63));
#12615=VECTOR('',#14742,0.06);
#12616=CARTESIAN_POINT('',(-1.285,-0.34,-0.63));
#12617=CARTESIAN_POINT('',(-1.285,-0.34,-0.63));
#12618=VECTOR('',#14743,0.12);
#12619=CARTESIAN_POINT('',(-1.285,-0.4,-0.63));
#12620=VECTOR('',#14744,0.06);
#12621=CARTESIAN_POINT('',(-1.515,-0.34,-0.63));
#12622=CARTESIAN_POINT('',(-1.515,-0.4,-0.63));
#12623=VECTOR('',#14745,0.06);
#12624=CARTESIAN_POINT('',(-1.635,-0.34,-0.63));
#12625=CARTESIAN_POINT('',(-1.635,-0.34,-0.63));
#12626=VECTOR('',#14746,0.12);
#12627=CARTESIAN_POINT('',(-1.635,-0.4,-0.63));
#12628=VECTOR('',#14747,0.06);
#12629=CARTESIAN_POINT('',(-1.865,-0.34,-0.63));
#12630=CARTESIAN_POINT('',(-1.865,-0.4,-0.63));
#12631=VECTOR('',#14748,0.06);
#12632=CARTESIAN_POINT('',(-1.985,-0.34,-0.63));
#12633=CARTESIAN_POINT('',(-1.985,-0.34,-0.63));
#12634=VECTOR('',#14749,0.12);
#12635=CARTESIAN_POINT('',(-1.985,-0.4,-0.63));
#12636=VECTOR('',#14750,0.06);
#12637=CARTESIAN_POINT('',(-2.215,-0.34,-0.63));
#12638=CARTESIAN_POINT('',(-2.215,-0.4,-0.63));
#12639=VECTOR('',#14751,0.06);
#12640=CARTESIAN_POINT('',(-2.335,-0.34,-0.63));
#12641=CARTESIAN_POINT('',(-2.335,-0.34,-0.63));
#12642=VECTOR('',#14752,0.12);
#12643=CARTESIAN_POINT('',(-2.335,-0.4,-0.63));
#12644=VECTOR('',#14753,0.06);
#12645=CARTESIAN_POINT('',(-2.565,-0.34,-0.63));
#12646=CARTESIAN_POINT('',(-2.565,-0.4,-0.63));
#12647=VECTOR('',#14754,0.06);
#12648=CARTESIAN_POINT('',(-2.685,-0.34,-0.63));
#12649=CARTESIAN_POINT('',(-2.685,-0.34,-0.63));
#12650=VECTOR('',#14755,0.12);
#12651=CARTESIAN_POINT('',(-2.685,-0.4,-0.63));
#12652=VECTOR('',#14756,0.06);
#12653=CARTESIAN_POINT('',(-2.915,-0.34,-0.63));
#12654=CARTESIAN_POINT('',(-2.915,-0.4,-0.63));
#12655=VECTOR('',#14757,0.06);
#12656=CARTESIAN_POINT('',(-3.035,-0.34,-0.63));
#12657=CARTESIAN_POINT('',(-3.035,-0.34,-0.63));
#12658=VECTOR('',#14758,0.12);
#12659=CARTESIAN_POINT('',(-3.035,-0.4,-0.63));
#12660=VECTOR('',#14759,0.06);
#12661=CARTESIAN_POINT('',(-3.265,-0.34,-0.63));
#12662=CARTESIAN_POINT('',(-3.265,-0.4,-0.63));
#12663=VECTOR('',#14760,0.06);
#12664=CARTESIAN_POINT('',(-3.385,-0.34,-0.63));
#12665=CARTESIAN_POINT('',(-3.385,-0.34,-0.63));
#12666=VECTOR('',#14761,0.12);
#12667=CARTESIAN_POINT('',(-3.385,-0.4,-0.63));
#12668=VECTOR('',#14762,0.06);
#12669=CARTESIAN_POINT('',(-3.615,-0.34,-0.63));
#12670=CARTESIAN_POINT('',(-3.615,-0.4,-0.63));
#12671=VECTOR('',#14763,0.06);
#12672=CARTESIAN_POINT('',(-3.735,-0.34,-0.63));
#12673=CARTESIAN_POINT('',(-3.735,-0.34,-0.63));
#12674=VECTOR('',#14764,0.12);
#12675=CARTESIAN_POINT('',(-3.735,-0.4,-0.63));
#12676=VECTOR('',#14765,0.06);
#12677=CARTESIAN_POINT('',(-3.965,-0.34,-0.63));
#12678=CARTESIAN_POINT('',(-3.965,-0.4,-0.63));
#12679=VECTOR('',#14766,0.06);
#12680=CARTESIAN_POINT('',(-4.085,-0.34,-0.63));
#12681=CARTESIAN_POINT('',(-4.085,-0.34,-0.63));
#12682=VECTOR('',#14767,0.12);
#12683=CARTESIAN_POINT('',(-4.085,-0.4,-0.63));
#12684=VECTOR('',#14768,0.06);
#12685=CARTESIAN_POINT('',(-4.315,-0.34,-0.63));
#12686=CARTESIAN_POINT('',(-4.315,-0.4,-0.63));
#12687=VECTOR('',#14769,0.06);
#12688=CARTESIAN_POINT('',(-4.435,-0.34,-0.63));
#12689=CARTESIAN_POINT('',(-4.435,-0.34,-0.63));
#12690=VECTOR('',#14770,0.12);
#12691=CARTESIAN_POINT('',(-4.435,-0.4,-0.63));
#12692=VECTOR('',#14771,0.06);
#12693=CARTESIAN_POINT('',(-4.665,-0.34,-0.63));
#12694=CARTESIAN_POINT('',(-4.665,-0.4,-0.63));
#12695=VECTOR('',#14772,0.06);
#12696=CARTESIAN_POINT('',(-4.785,-0.34,-0.63));
#12697=CARTESIAN_POINT('',(-4.785,-0.34,-0.63));
#12698=VECTOR('',#14773,0.12);
#12699=CARTESIAN_POINT('',(-4.785,-0.4,-0.63));
#12700=VECTOR('',#14774,0.06);
#12701=CARTESIAN_POINT('',(-5.015,-0.34,-0.63));
#12702=CARTESIAN_POINT('',(-5.015,-0.4,-0.63));
#12703=VECTOR('',#14775,0.06);
#12704=CARTESIAN_POINT('',(-5.135,-0.34,-0.63));
#12705=CARTESIAN_POINT('',(-5.135,-0.34,-0.63));
#12706=VECTOR('',#14776,0.12);
#12707=CARTESIAN_POINT('',(-5.135,-0.4,-0.63));
#12708=VECTOR('',#14777,0.06);
#12709=CARTESIAN_POINT('',(-5.315,0.31,-0.63));
#12710=CARTESIAN_POINT('',(-5.315,-0.4,-0.63));
#12711=VECTOR('',#14778,0.71);
#12712=CARTESIAN_POINT('',(5.315,0.31,-0.63));
#12713=VECTOR('',#14779,10.63);
#12714=CARTESIAN_POINT('',(5.645,-0.11,-0.54));
#12715=CARTESIAN_POINT('',(5.645,-0.11,-0.54));
#12716=VECTOR('',#14780,0.07);
#12717=CARTESIAN_POINT('',(5.645,-0.05,-0.54));
#12718=VECTOR('',#14781,0.06);
#12719=CARTESIAN_POINT('',(5.645,-0.38,-0.54));
#12720=CARTESIAN_POINT('',(5.645,-0.38,-0.54));
#12721=VECTOR('',#14782,0.09);
#12722=CARTESIAN_POINT('',(5.645,-0.245,-0.54));
#12723=CARTESIAN_POINT('',(5.645,-0.245,-0.54));
#12724=VECTOR('',#14783,0.135);
#12725=CARTESIAN_POINT('',(5.645,-0.245,-0.54));
#12726=VECTOR('',#14784,0.07);
#12727=CARTESIAN_POINT('',(5.62,-0.27,-0.54));
#12728=CARTESIAN_POINT('',(5.62,-0.27,-0.54));
#12729=VECTOR('',#14785,0.03535533905933);
#12730=CARTESIAN_POINT('',(5.62,-0.27,-0.54));
#12731=VECTOR('',#14786,0.07);
#12732=CARTESIAN_POINT('',(5.525,-0.27,-0.54));
#12733=CARTESIAN_POINT('',(5.525,-0.27,-0.54));
#12734=VECTOR('',#14787,0.095);
#12735=CARTESIAN_POINT('',(5.525,-0.27,-0.54));
#12736=VECTOR('',#14788,0.07);
#12737=CARTESIAN_POINT('',(5.525,-0.38,-0.54));
#12738=CARTESIAN_POINT('',(5.525,-0.38,-0.54));
#12739=VECTOR('',#14789,0.11);
#12740=CARTESIAN_POINT('',(5.525,-0.4,-0.54));
#12741=CARTESIAN_POINT('',(5.525,-0.4,-0.54));
#12742=VECTOR('',#14790,0.02);
#12743=CARTESIAN_POINT('',(5.525,-0.4,-0.885));
#12744=CARTESIAN_POINT('',(5.525,-0.4,-0.885));
#12745=VECTOR('',#14791,0.345);
#12746=CARTESIAN_POINT('',(5.525,-0.34,-0.885));
#12747=CARTESIAN_POINT('',(5.525,-0.4,-0.885));
#12748=VECTOR('',#14792,0.06);
#12749=CARTESIAN_POINT('',(5.525,-0.34,-0.61));
#12750=VECTOR('',#14793,0.275);
#12751=CARTESIAN_POINT('',(5.375,-0.34,-0.885));
#12752=CARTESIAN_POINT('',(5.525,-0.34,-0.885));
#12753=VECTOR('',#14794,0.15);
#12754=CARTESIAN_POINT('',(5.375,-0.34,-0.885));
#12755=VECTOR('',#14795,0.275);
#12756=CARTESIAN_POINT('',(-5.375,-0.34,-0.885));
#12757=CARTESIAN_POINT('',(-5.375,-0.34,-0.61));
#12758=VECTOR('',#14796,0.275);
#12759=CARTESIAN_POINT('',(-5.525,-0.34,-0.885));
#12760=CARTESIAN_POINT('',(-5.375,-0.34,-0.885));
#12761=VECTOR('',#14797,0.15);
#12762=CARTESIAN_POINT('',(-5.525,-0.34,-0.885));
#12763=VECTOR('',#14798,0.275);
#12764=CARTESIAN_POINT('',(5.375,-0.38,-0.54));
#12765=CARTESIAN_POINT('',(5.375,-0.4,-0.54));
#12766=CARTESIAN_POINT('',(5.375,-0.38,-0.54));
#12767=VECTOR('',#14799,0.02);
#12768=CARTESIAN_POINT('',(5.375,-0.335,-0.54));
#12769=CARTESIAN_POINT('',(5.375,-0.38,-0.54));
#12770=VECTOR('',#14800,0.045);
#12771=CARTESIAN_POINT('',(5.375,-0.335,-0.54));
#12772=VECTOR('',#14801,0.07);
#12773=CARTESIAN_POINT('',(5.375,-0.4,-0.885));
#12774=CARTESIAN_POINT('',(5.375,-0.4,-0.885));
#12775=VECTOR('',#14802,0.06);
#12776=CARTESIAN_POINT('',(5.375,-0.4,-0.54));
#12777=VECTOR('',#14803,0.345);
#12778=CARTESIAN_POINT('',(-5.375,-0.4,-0.885));
#12779=CARTESIAN_POINT('',(-5.525,-0.4,-0.885));
#12780=CARTESIAN_POINT('',(-5.375,-0.4,-0.885));
#12781=VECTOR('',#14804,0.15);
#12782=CARTESIAN_POINT('',(-5.375,-0.4,-0.54));
#12783=CARTESIAN_POINT('',(-5.375,-0.4,-0.885));
#12784=VECTOR('',#14805,0.345);
#12785=CARTESIAN_POINT('',(-5.525,-0.4,-0.54));
#12786=CARTESIAN_POINT('',(-5.525,-0.4,-0.54));
#12787=VECTOR('',#14806,0.15);
#12788=CARTESIAN_POINT('',(-5.525,-0.4,-0.54));
#12789=VECTOR('',#14807,0.345);
#12790=CARTESIAN_POINT('',(5.375,-0.4,-0.54));
#12791=VECTOR('',#14808,0.15);
#12792=CARTESIAN_POINT('',(5.525,-0.4,-0.885));
#12793=VECTOR('',#14809,0.15);
#12794=CARTESIAN_POINT('',(-5.525,-0.38,-0.54));
#12795=VECTOR('',#14810,0.02);
#12796=CARTESIAN_POINT('',(-5.525,-0.27,-0.54));
#12797=VECTOR('',#14811,0.07);
#12798=CARTESIAN_POINT('',(-5.525,-0.4,-0.885));
#12799=VECTOR('',#14812,0.06);
#12800=CARTESIAN_POINT('',(-5.375,-0.4,-0.885));
#12801=VECTOR('',#14813,0.06);
#12802=CARTESIAN_POINT('',(-5.375,-0.335,-0.54));
#12803=VECTOR('',#14814,0.07);
#12804=CARTESIAN_POINT('',(-5.375,-0.4,-0.54));
#12805=VECTOR('',#14815,0.02);
#12806=CARTESIAN_POINT('',(5.375,-0.38,-0.54));
#12807=VECTOR('',#14816,0.15);
#12808=CARTESIAN_POINT('',(-5.525,-0.38,-0.54));
#12809=VECTOR('',#14817,0.15);
#12810=AXIS2_PLACEMENT_3D('',#14818,#14819,#14820);
#12811=CARTESIAN_POINT('',(-5.315,-0.38,-0.38));
#12812=CARTESIAN_POINT('',(-5.315,-0.38,-0.54));
#12813=VECTOR('',#14821,0.16);
#12814=CARTESIAN_POINT('',(5.315,-0.38,-0.38));
#12815=CARTESIAN_POINT('',(-5.315,-0.38,-0.38));
#12816=VECTOR('',#14822,10.63);
#12817=CARTESIAN_POINT('',(5.315,-0.38,-0.54));
#12818=CARTESIAN_POINT('',(5.315,-0.38,-0.54));
#12819=VECTOR('',#14823,0.16);
#12820=CARTESIAN_POINT('',(5.315,-0.38,-0.54));
#12821=VECTOR('',#14824,0.06);
#12822=CARTESIAN_POINT('',(5.525,-0.38,-0.54));
#12823=VECTOR('',#14825,0.12);
#12824=CARTESIAN_POINT('',(5.905,-0.38,-0.53));
#12825=AXIS2_PLACEMENT_3D('',#14826,#14827,#14828);
#12826=CARTESIAN_POINT('',(5.905,-0.38,-0.4));
#12827=CARTESIAN_POINT('',(5.905,-0.38,-0.4));
#12828=VECTOR('',#14829,0.13);
#12829=CARTESIAN_POINT('',(5.655,-0.38,-0.4));
#12830=CARTESIAN_POINT('',(5.905,-0.38,-0.4));
#12831=VECTOR('',#14830,0.2500000055891);
#12832=CARTESIAN_POINT('',(5.35500000073,-0.3799999992703,-0.09999999797713));
#12833=AXIS2_PLACEMENT_3D('',#14831,#14832,#14833);
#12834=CARTESIAN_POINT('',(5.355,-0.38,0.1));
#12835=CARTESIAN_POINT('',(5.35500000073,-0.3799999992703,-0.09999999797713));
#12836=VECTOR('',#14834,0.2000000035662);
#12837=CARTESIAN_POINT('',(5.655000002023,-0.3799999992703,0.3999999992703));
#12838=AXIS2_PLACEMENT_3D('',#14835,#14836,#14837);
#12839=CARTESIAN_POINT('',(5.905,-0.38,0.4));
#12840=CARTESIAN_POINT('',(5.655000002023,-0.3799999992703,0.3999999992703));
#12841=VECTOR('',#14838,0.2499999979771);
#12842=CARTESIAN_POINT('',(5.905,-0.38,0.53));
#12843=CARTESIAN_POINT('',(5.905,-0.38,0.53));
#12844=VECTOR('',#14839,0.13);
#12845=AXIS2_PLACEMENT_3D('',#14840,#14841,#14842);
#12846=CARTESIAN_POINT('',(5.645,-0.38,0.54));
#12847=CARTESIAN_POINT('',(5.645,-0.38,0.63));
#12848=VECTOR('',#14843,0.09);
#12849=CARTESIAN_POINT('',(5.525,-0.38,0.54));
#12850=CARTESIAN_POINT('',(5.645,-0.38,0.54));
#12851=VECTOR('',#14844,0.12);
#12852=CARTESIAN_POINT('',(5.375,-0.38,0.54));
#12853=CARTESIAN_POINT('',(5.375,-0.38,0.54));
#12854=VECTOR('',#14845,0.15);
#12855=CARTESIAN_POINT('',(5.315,-0.38,0.54));
#12856=CARTESIAN_POINT('',(5.375,-0.38,0.54));
#12857=VECTOR('',#14846,0.06);
#12858=CARTESIAN_POINT('',(5.315,-0.38,0.38));
#12859=CARTESIAN_POINT('',(5.315,-0.38,0.38));
#12860=VECTOR('',#14847,0.16);
#12861=CARTESIAN_POINT('',(-5.315,-0.38,0.38));
#12862=CARTESIAN_POINT('',(-5.315,-0.38,0.38));
#12863=VECTOR('',#14848,10.63);
#12864=CARTESIAN_POINT('',(-5.315,-0.38,0.54));
#12865=CARTESIAN_POINT('',(-5.315,-0.38,0.38));
#12866=VECTOR('',#14849,0.16);
#12867=CARTESIAN_POINT('',(-5.375,-0.38,0.54));
#12868=CARTESIAN_POINT('',(-5.315,-0.38,0.54));
#12869=VECTOR('',#14850,0.06);
#12870=CARTESIAN_POINT('',(-5.525,-0.38,0.54));
#12871=CARTESIAN_POINT('',(-5.525,-0.38,0.54));
#12872=VECTOR('',#14851,0.15);
#12873=CARTESIAN_POINT('',(-5.645,-0.38,0.54));
#12874=CARTESIAN_POINT('',(-5.525,-0.38,0.54));
#12875=VECTOR('',#14852,0.12);
#12876=CARTESIAN_POINT('',(-5.645,-0.38,0.54));
#12877=VECTOR('',#14853,0.09);
#12878=AXIS2_PLACEMENT_3D('',#14854,#14855,#14856);
#12879=CARTESIAN_POINT('',(-5.655,-0.38,0.4));
#12880=CARTESIAN_POINT('',(-5.905,-0.38,0.4));
#12881=VECTOR('',#14857,0.2500000055891);
#12882=CARTESIAN_POINT('',(-5.35500000073,-0.3799999992703,0.09999999797713));
#12883=AXIS2_PLACEMENT_3D('',#14858,#14859,#14860);
#12884=CARTESIAN_POINT('',(-5.355,-0.38,-0.1));
#12885=CARTESIAN_POINT('',(-5.35500000073,-0.3799999992703,0.09999999797713));
#12886=VECTOR('',#14861,0.2000000035662);
#12887=AXIS2_PLACEMENT_3D('',#14862,#14863,#14864);
#12888=CARTESIAN_POINT('',(-5.355000000655,-0.3799999993446,-0.1000000055891));
#12889=VECTOR('',#14865,0.07071067796417);
#12890=CARTESIAN_POINT('',(-5.35500000073,-0.3799999992703,0.09999999797713));
#12891=VECTOR('',#14866,0.07071067794666);
#12892=CARTESIAN_POINT('',(-5.654999994411,-0.3799999993446,0.3999999993446));
#12893=VECTOR('',#14867,0.07071067873658);
#12894=CARTESIAN_POINT('',(-5.645,-0.11,0.54));
#12895=CARTESIAN_POINT('',(-5.645,-0.11,0.61));
#12896=CARTESIAN_POINT('',(-5.645,-0.11,0.54));
#12897=VECTOR('',#14868,0.07);
#12898=CARTESIAN_POINT('',(-5.645,-0.05,0.54));
#12899=VECTOR('',#14869,0.06);
#12900=CARTESIAN_POINT('',(-5.645,-0.245,0.54));
#12901=CARTESIAN_POINT('',(-5.645,-0.245,0.54));
#12902=VECTOR('',#14870,0.135);
#12903=CARTESIAN_POINT('',(-5.645,-0.245,0.61));
#12904=CARTESIAN_POINT('',(-5.645,-0.245,0.54));
#12905=VECTOR('',#14871,0.07);
#12906=CARTESIAN_POINT('',(-5.645,-0.245,0.61));
#12907=VECTOR('',#14872,0.135);
#12908=CARTESIAN_POINT('',(-5.775,0.31,0.61));
#12909=CARTESIAN_POINT('',(-5.775,-0.009999999999998,0.61));
#12910=CARTESIAN_POINT('',(-5.775,0.31,0.61));
#12911=VECTOR('',#14873,0.32);
#12912=CARTESIAN_POINT('',(-5.625,-0.009999999999998,0.61));
#12913=CARTESIAN_POINT('',(-5.775,-0.009999999999998,0.61));
#12914=VECTOR('',#14874,0.15);
#12915=CARTESIAN_POINT('',(-5.625,-0.11,0.61));
#12916=CARTESIAN_POINT('',(-5.625,-0.009999999999998,0.61));
#12917=VECTOR('',#14875,0.1);
#12918=CARTESIAN_POINT('',(-5.625,-0.11,0.61));
#12919=VECTOR('',#14876,0.02);
#12920=CARTESIAN_POINT('',(-5.62,-0.27,0.61));
#12921=CARTESIAN_POINT('',(-5.645,-0.245,0.61));
#12922=VECTOR('',#14877,0.03535533905933);
#12923=CARTESIAN_POINT('',(-5.525,-0.27,0.61));
#12924=CARTESIAN_POINT('',(-5.62,-0.27,0.61));
#12925=VECTOR('',#14878,0.095);
#12926=CARTESIAN_POINT('',(-5.525,-0.34,0.61));
#12927=CARTESIAN_POINT('',(-5.525,-0.27,0.61));
#12928=VECTOR('',#14879,0.07);
#12929=CARTESIAN_POINT('',(-5.375,-0.34,0.61));
#12930=CARTESIAN_POINT('',(-5.525,-0.34,0.61));
#12931=VECTOR('',#14880,0.15);
#12932=CARTESIAN_POINT('',(-5.375,-0.335,0.61));
#12933=CARTESIAN_POINT('',(-5.375,-0.34,0.61));
#12934=VECTOR('',#14881,0.005000000000002);
#12935=CARTESIAN_POINT('',(-5.328110657368,-0.2837516873684,0.61));
#12936=CARTESIAN_POINT('',(-5.375,-0.335,0.61));
#12937=VECTOR('',#14882,0.06946221994725);
#12938=CARTESIAN_POINT('',(-5.315,-0.25,0.61));
#12939=AXIS2_PLACEMENT_3D('',#14883,#14884,#14885);
#12940=CARTESIAN_POINT('',(-5.315,0.31,0.61));
#12941=CARTESIAN_POINT('',(-5.315,-0.25,0.61));
#12942=VECTOR('',#14886,0.56);
#12943=CARTESIAN_POINT('',(-5.315,0.31,0.61));
#12944=VECTOR('',#14887,0.46);
#12945=CARTESIAN_POINT('',(5.315,-0.25,0.61));
#12946=CARTESIAN_POINT('',(5.315,0.31,0.61));
#12947=CARTESIAN_POINT('',(5.315,-0.25,0.61));
#12948=VECTOR('',#14888,0.56);
#12949=CARTESIAN_POINT('',(5.328110657368,-0.2837516873684,0.61));
#12950=AXIS2_PLACEMENT_3D('',#14889,#14890,#14891);
#12951=CARTESIAN_POINT('',(5.375,-0.335,0.61));
#12952=CARTESIAN_POINT('',(5.328110657368,-0.2837516873684,0.61));
#12953=VECTOR('',#14892,0.06946221994725);
#12954=CARTESIAN_POINT('',(5.375,-0.34,0.61));
#12955=CARTESIAN_POINT('',(5.375,-0.335,0.61));
#12956=VECTOR('',#14893,0.005);
#12957=CARTESIAN_POINT('',(5.525,-0.34,0.61));
#12958=CARTESIAN_POINT('',(5.375,-0.34,0.61));
#12959=VECTOR('',#14894,0.15);
#12960=CARTESIAN_POINT('',(5.525,-0.27,0.61));
#12961=CARTESIAN_POINT('',(5.525,-0.34,0.61));
#12962=VECTOR('',#14895,0.07);
#12963=CARTESIAN_POINT('',(5.62,-0.27,0.61));
#12964=CARTESIAN_POINT('',(5.525,-0.27,0.61));
#12965=VECTOR('',#14896,0.095);
#12966=CARTESIAN_POINT('',(5.645,-0.245,0.61));
#12967=CARTESIAN_POINT('',(5.62,-0.27,0.61));
#12968=VECTOR('',#14897,0.03535533905933);
#12969=CARTESIAN_POINT('',(5.645,-0.11,0.61));
#12970=CARTESIAN_POINT('',(5.645,-0.245,0.61));
#12971=VECTOR('',#14898,0.135);
#12972=CARTESIAN_POINT('',(5.625,-0.11,0.61));
#12973=CARTESIAN_POINT('',(5.645,-0.11,0.61));
#12974=VECTOR('',#14899,0.02);
#12975=CARTESIAN_POINT('',(5.625,-0.01,0.61));
#12976=CARTESIAN_POINT('',(5.625,-0.11,0.61));
#12977=VECTOR('',#14900,0.1);
#12978=CARTESIAN_POINT('',(5.775,-0.01,0.61));
#12979=CARTESIAN_POINT('',(5.625,-0.01,0.61));
#12980=VECTOR('',#14901,0.15);
#12981=CARTESIAN_POINT('',(5.775,0.31,0.61));
#12982=CARTESIAN_POINT('',(5.775,-0.01,0.61));
#12983=VECTOR('',#14902,0.32);
#12984=CARTESIAN_POINT('',(5.775,0.31,0.61));
#12985=VECTOR('',#14903,0.46);
#12986=AXIS2_PLACEMENT_3D('',#14904,#14905,#14906);
#12987=CARTESIAN_POINT('',(-5.775,0.3977496438739,0.54));
#12988=AXIS2_PLACEMENT_3D('',#14907,#14908,#14909);
#12989=AXIS2_PLACEMENT_3D('',#14910,#14911,#14912);
#12990=CARTESIAN_POINT('',(-5.775,-0.009999999999998,0.54));
#12991=CARTESIAN_POINT('',(-5.775,0.3977496438739,0.54));
#12992=VECTOR('',#14913,0.4077496438739);
#12993=CARTESIAN_POINT('',(-5.775,-0.009999999999998,0.54));
#12994=VECTOR('',#14914,0.07);
#12995=CARTESIAN_POINT('',(-5.625,-0.009999999999998,0.54));
#12996=CARTESIAN_POINT('',(-5.625,-0.009999999999998,0.54));
#12997=VECTOR('',#14915,0.07);
#12998=CARTESIAN_POINT('',(-5.775,-0.009999999999998,0.54));
#12999=VECTOR('',#14916,0.15);
#13000=CARTESIAN_POINT('',(-5.525,-0.27,0.54));
#13001=CARTESIAN_POINT('',(-5.525,-0.38,0.54));
#13002=VECTOR('',#14917,0.11);
#13003=CARTESIAN_POINT('',(-5.62,-0.27,0.54));
#13004=CARTESIAN_POINT('',(-5.62,-0.27,0.54));
#13005=VECTOR('',#14918,0.095);
#13006=CARTESIAN_POINT('',(-5.645,-0.245,0.54));
#13007=VECTOR('',#14919,0.03535533905933);
#13008=CARTESIAN_POINT('',(-5.315,-0.25,0.54));
#13009=CARTESIAN_POINT('',(-5.315,-0.25,0.54));
#13010=VECTOR('',#14920,0.13);
#13011=CARTESIAN_POINT('',(-5.328110657368,-0.2837516873684,0.54));
#13012=AXIS2_PLACEMENT_3D('',#14921,#14922,#14923);
#13013=CARTESIAN_POINT('',(-5.375,-0.335,0.54));
#13014=CARTESIAN_POINT('',(-5.375,-0.335,0.54));
#13015=VECTOR('',#14924,0.06946221994725);
#13016=CARTESIAN_POINT('',(-5.375,-0.38,0.54));
#13017=VECTOR('',#14925,0.045);
#13018=CARTESIAN_POINT('',(-5.805,0.4,0.54));
#13019=VECTOR('',#14926,0.45);
#13020=CARTESIAN_POINT('',(-5.625,-0.11,0.54));
#13021=CARTESIAN_POINT('',(-5.625,-0.11,0.54));
#13022=VECTOR('',#14927,0.02);
#13023=CARTESIAN_POINT('',(-5.625,-0.009999999999998,0.54));
#13024=VECTOR('',#14928,0.1);
#13025=CARTESIAN_POINT('',(-5.775,0.4,0.54));
#13026=VECTOR('',#14929,0.002250356126078);
#13027=CARTESIAN_POINT('',(-5.62,-0.27,0.54));
#13028=VECTOR('',#14930,0.07);
#13029=CARTESIAN_POINT('',(-5.525,-0.27,0.54));
#13030=VECTOR('',#14931,0.07);
#13031=CARTESIAN_POINT('',(-5.525,-0.4,0.54));
#13032=CARTESIAN_POINT('',(-5.525,-0.38,0.54));
#13033=VECTOR('',#14932,0.02);
#13034=CARTESIAN_POINT('',(-5.525,-0.4,0.885));
#13035=CARTESIAN_POINT('',(-5.525,-0.4,0.885));
#13036=VECTOR('',#14933,0.345);
#13037=CARTESIAN_POINT('',(-5.525,-0.34,0.885));
#13038=CARTESIAN_POINT('',(-5.525,-0.4,0.885));
#13039=VECTOR('',#14934,0.06);
#13040=CARTESIAN_POINT('',(-5.525,-0.34,0.885));
#13041=VECTOR('',#14935,0.275);
#13042=CARTESIAN_POINT('',(-5.375,-0.34,0.885));
#13043=CARTESIAN_POINT('',(-5.375,-0.34,0.885));
#13044=VECTOR('',#14936,0.15);
#13045=CARTESIAN_POINT('',(-5.375,-0.34,0.61));
#13046=VECTOR('',#14937,0.275);
#13047=CARTESIAN_POINT('',(5.375,-0.34,0.885));
#13048=CARTESIAN_POINT('',(5.375,-0.34,0.885));
#13049=VECTOR('',#14938,0.275);
#13050=CARTESIAN_POINT('',(5.525,-0.34,0.885));
#13051=CARTESIAN_POINT('',(5.525,-0.34,0.885));
#13052=VECTOR('',#14939,0.15);
#13053=CARTESIAN_POINT('',(5.525,-0.34,0.61));
#13054=VECTOR('',#14940,0.275);
#13055=CARTESIAN_POINT('',(-5.375,-0.4,0.54));
#13056=CARTESIAN_POINT('',(-5.375,-0.4,0.54));
#13057=VECTOR('',#14941,0.02);
#13058=CARTESIAN_POINT('',(-5.375,-0.335,0.54));
#13059=VECTOR('',#14942,0.07);
#13060=CARTESIAN_POINT('',(-5.375,-0.4,0.885));
#13061=CARTESIAN_POINT('',(-5.375,-0.4,0.885));
#13062=VECTOR('',#14943,0.06);
#13063=CARTESIAN_POINT('',(-5.375,-0.4,0.54));
#13064=VECTOR('',#14944,0.345);
#13065=CARTESIAN_POINT('',(-5.375,-0.4,0.885));
#13066=VECTOR('',#14945,0.15);
#13067=CARTESIAN_POINT('',(-5.525,-0.4,0.54));
#13068=VECTOR('',#14946,0.15);
#13069=CARTESIAN_POINT('',(5.375,-0.4,0.54));
#13070=CARTESIAN_POINT('',(5.525,-0.4,0.54));
#13071=CARTESIAN_POINT('',(5.375,-0.4,0.54));
#13072=VECTOR('',#14947,0.15);
#13073=CARTESIAN_POINT('',(5.525,-0.4,0.885));
#13074=CARTESIAN_POINT('',(5.525,-0.4,0.54));
#13075=VECTOR('',#14948,0.345);
#13076=CARTESIAN_POINT('',(5.375,-0.4,0.885));
#13077=CARTESIAN_POINT('',(5.525,-0.4,0.885));
#13078=VECTOR('',#14949,0.15);
#13079=CARTESIAN_POINT('',(5.375,-0.4,0.885));
#13080=VECTOR('',#14950,0.345);
#13081=CARTESIAN_POINT('',(5.525,-0.4,0.54));
#13082=VECTOR('',#14951,0.02);
#13083=CARTESIAN_POINT('',(5.375,-0.38,0.54));
#13084=VECTOR('',#14952,0.02);
#13085=CARTESIAN_POINT('',(5.375,-0.335,0.54));
#13086=CARTESIAN_POINT('',(5.375,-0.335,0.54));
#13087=VECTOR('',#14953,0.07);
#13088=CARTESIAN_POINT('',(5.375,-0.38,0.54));
#13089=VECTOR('',#14954,0.045);
#13090=CARTESIAN_POINT('',(5.375,-0.4,0.885));
#13091=VECTOR('',#14955,0.06);
#13092=CARTESIAN_POINT('',(5.525,-0.4,0.885));
#13093=VECTOR('',#14956,0.06);
#13094=CARTESIAN_POINT('',(5.525,-0.27,0.54));
#13095=CARTESIAN_POINT('',(5.525,-0.38,0.54));
#13096=VECTOR('',#14957,0.11);
#13097=CARTESIAN_POINT('',(5.525,-0.27,0.54));
#13098=VECTOR('',#14958,0.07);
#13099=CARTESIAN_POINT('',(5.62,-0.27,0.54));
#13100=CARTESIAN_POINT('',(5.62,-0.27,0.54));
#13101=VECTOR('',#14959,0.07);
#13102=CARTESIAN_POINT('',(5.525,-0.27,0.54));
#13103=VECTOR('',#14960,0.095);
#13104=CARTESIAN_POINT('',(5.315,-0.25,0.54));
#13105=CARTESIAN_POINT('',(5.315,-0.25,0.54));
#13106=VECTOR('',#14961,0.13);
#13107=CARTESIAN_POINT('',(5.328110657368,-0.2837516873684,0.54));
#13108=CARTESIAN_POINT('',(5.328110657368,-0.2837516873684,0.54));
#13109=VECTOR('',#14962,0.06946221994725);
#13110=AXIS2_PLACEMENT_3D('',#14963,#14964,#14965);
#13111=CARTESIAN_POINT('',(5.645,-0.245,0.54));
#13112=CARTESIAN_POINT('',(5.645,-0.245,0.54));
#13113=VECTOR('',#14966,0.135);
#13114=CARTESIAN_POINT('',(5.62,-0.27,0.54));
#13115=VECTOR('',#14967,0.03535533905933);
#13116=CARTESIAN_POINT('',(5.775,0.3977496438739,0.54));
#13117=CARTESIAN_POINT('',(5.775,-0.01,0.54));
#13118=CARTESIAN_POINT('',(5.775,0.3977496438739,0.54));
#13119=VECTOR('',#14968,0.4077496438739);
#13120=CARTESIAN_POINT('',(5.625,-0.01,0.54));
#13121=CARTESIAN_POINT('',(5.625,-0.01,0.54));
#13122=VECTOR('',#14969,0.15);
#13123=CARTESIAN_POINT('',(5.625,-0.11,0.54));
#13124=CARTESIAN_POINT('',(5.625,-0.11,0.54));
#13125=VECTOR('',#14970,0.1);
#13126=CARTESIAN_POINT('',(5.645,-0.11,0.54));
#13127=CARTESIAN_POINT('',(5.645,-0.11,0.54));
#13128=VECTOR('',#14971,0.02);
#13129=CARTESIAN_POINT('',(5.645,-0.05,0.54));
#13130=VECTOR('',#14972,0.06);
#13131=CARTESIAN_POINT('',(5.805,0.4,0.54));
#13132=VECTOR('',#14973,0.45);
#13133=CARTESIAN_POINT('',(5.775,0.4,0.54));
#13134=VECTOR('',#14974,0.002250356126077);
#13135=CARTESIAN_POINT('',(5.328110657368,-0.2837516873684,0.54));
#13136=VECTOR('',#14975,0.07);
#13137=CARTESIAN_POINT('',(5.315,-0.25,0.54));
#13138=VECTOR('',#14976,0.07);
#13139=CARTESIAN_POINT('',(5.315,-0.25,-0.54));
#13140=CARTESIAN_POINT('',(5.315,-0.25,-0.61));
#13141=VECTOR('',#14977,0.07);
#13142=CARTESIAN_POINT('',(5.315,-0.25,-0.54));
#13143=VECTOR('',#14978,0.13);
#13144=CARTESIAN_POINT('',(5.315,-0.4,-0.38));
#13145=VECTOR('',#14979,0.02);
#13146=AXIS2_PLACEMENT_3D('',#14980,#14981,#14982);
#13147=AXIS2_PLACEMENT_3D('',#14983,#14984,#14985);
#13148=CARTESIAN_POINT('',(5.315,-0.4,0.38));
#13149=VECTOR('',#14986,0.02);
#13150=AXIS2_PLACEMENT_3D('',#14987,#14988,#14989);
#13151=AXIS2_PLACEMENT_3D('',#14990,#14991,#14992);
#13152=CARTESIAN_POINT('',(5.775,0.3977496438739,-0.54));
#13153=AXIS2_PLACEMENT_3D('',#14993,#14994,#14995);
#13154=AXIS2_PLACEMENT_3D('',#14996,#14997,#14998);
#13155=CARTESIAN_POINT('',(5.775,-0.01,-0.54));
#13156=CARTESIAN_POINT('',(5.775,0.3977496438739,-0.54));
#13157=VECTOR('',#14999,0.4077496438739);
#13158=CARTESIAN_POINT('',(5.775,-0.01,-0.54));
#13159=VECTOR('',#15000,0.07);
#13160=CARTESIAN_POINT('',(5.625,-0.01,-0.54));
#13161=CARTESIAN_POINT('',(5.625,-0.01,-0.54));
#13162=VECTOR('',#15001,0.15);
#13163=CARTESIAN_POINT('',(5.625,-0.01,-0.54));
#13164=VECTOR('',#15002,0.07);
#13165=CARTESIAN_POINT('',(5.625,-0.11,-0.54));
#13166=CARTESIAN_POINT('',(5.625,-0.11,-0.54));
#13167=VECTOR('',#15003,0.1);
#13168=CARTESIAN_POINT('',(5.625,-0.11,-0.54));
#13169=VECTOR('',#15004,0.07);
#13170=CARTESIAN_POINT('',(5.645,-0.11,-0.54));
#13171=VECTOR('',#15005,0.02);
#13172=CARTESIAN_POINT('',(5.328110657368,-0.2837516873684,-0.54));
#13173=CARTESIAN_POINT('',(5.328110657368,-0.2837516873684,-0.54));
#13174=VECTOR('',#15006,0.06946221994725);
#13175=AXIS2_PLACEMENT_3D('',#15007,#15008,#15009);
#13176=CARTESIAN_POINT('',(5.805,0.4,-0.54));
#13177=VECTOR('',#15010,0.45);
#13178=CARTESIAN_POINT('',(5.775,0.4,-0.54));
#13179=VECTOR('',#15011,0.002250356126077);
#13180=CARTESIAN_POINT('',(5.328110657368,-0.2837516873684,-0.54));
#13181=VECTOR('',#15012,0.07);
#13182=CARTESIAN_POINT('',(5.815,0.4,-0.53));
#13183=VECTOR('',#15013,0.45);
#13184=CARTESIAN_POINT('',(5.815,-0.03,-0.49));
#13185=CARTESIAN_POINT('',(5.815,-0.03,-0.2));
#13186=CARTESIAN_POINT('',(5.815,-0.03,-0.49));
#13187=VECTOR('',#15014,0.29);
#13188=CARTESIAN_POINT('',(5.815,-0.09,-0.14));
#13189=CARTESIAN_POINT('',(5.815,-0.09,-0.14));
#13190=VECTOR('',#15015,0.08485281374239);
#13191=CARTESIAN_POINT('',(5.815,-0.14,-0.14));
#13192=CARTESIAN_POINT('',(5.815,-0.14,-0.14));
#13193=VECTOR('',#15016,0.05);
#13194=CARTESIAN_POINT('',(5.815,-0.14,-0.14));
#13195=VECTOR('',#15017,0.1272792206136);
#13196=CARTESIAN_POINT('',(5.815,0.39972135955,-0.49));
#13197=VECTOR('',#15018,0.42972135955);
#13198=CARTESIAN_POINT('',(5.895,0.31,-0.49));
#13199=CARTESIAN_POINT('',(5.895,-0.03,-0.49));
#13200=CARTESIAN_POINT('',(5.895,0.31,-0.49));
#13201=VECTOR('',#15019,0.34);
#13202=CARTESIAN_POINT('',(5.895,-0.03,-0.49));
#13203=VECTOR('',#15020,0.08);
#13204=AXIS2_PLACEMENT_3D('',#15021,#15022,#15023);
#13205=CARTESIAN_POINT('',(5.895,0.31,0.49));
#13206=CARTESIAN_POINT('',(5.895,0.31,-0.49));
#13207=VECTOR('',#15024,0.98);
#13208=AXIS2_PLACEMENT_3D('',#15025,#15026,#15027);
#13209=CARTESIAN_POINT('',(5.815,-0.03,0.49));
#13210=CARTESIAN_POINT('',(5.815,0.39972135955,0.49));
#13211=VECTOR('',#15028,0.42972135955);
#13212=CARTESIAN_POINT('',(5.895,-0.03,0.49));
#13213=CARTESIAN_POINT('',(5.895,-0.03,0.49));
#13214=VECTOR('',#15029,0.08);
#13215=CARTESIAN_POINT('',(5.895,-0.03,0.49));
#13216=VECTOR('',#15030,0.34);
#13217=CARTESIAN_POINT('',(5.895,-0.03,0.2));
#13218=CARTESIAN_POINT('',(5.895,-0.03,0.2));
#13219=VECTOR('',#15031,0.29);
#13220=CARTESIAN_POINT('',(5.895,-0.12,0.11));
#13221=CARTESIAN_POINT('',(5.895,-0.12,0.11));
#13222=VECTOR('',#15032,0.1272792206136);
#13223=CARTESIAN_POINT('',(5.895,-0.29,0.11));
#13224=CARTESIAN_POINT('',(5.895,-0.29,0.11));
#13225=VECTOR('',#15033,0.17);
#13226=CARTESIAN_POINT('',(5.895,-0.29,-0.11));
#13227=CARTESIAN_POINT('',(5.895,-0.29,-0.11));
#13228=VECTOR('',#15034,0.22);
#13229=CARTESIAN_POINT('',(5.895,-0.12,-0.11));
#13230=CARTESIAN_POINT('',(5.895,-0.12,-0.11));
#13231=VECTOR('',#15035,0.17);
#13232=CARTESIAN_POINT('',(5.895,-0.03,-0.2));
#13233=CARTESIAN_POINT('',(5.895,-0.03,-0.2));
#13234=VECTOR('',#15036,0.1272792206136);
#13235=CARTESIAN_POINT('',(5.895,-0.03,-0.49));
#13236=VECTOR('',#15037,0.29);
#13237=CARTESIAN_POINT('',(5.895,-0.03,-0.2));
#13238=VECTOR('',#15038,0.08);
#13239=CARTESIAN_POINT('',(5.795,-0.09,-0.14));
#13240=CARTESIAN_POINT('',(5.795,-0.12,-0.11));
#13241=CARTESIAN_POINT('',(5.795,-0.09,-0.14));
#13242=VECTOR('',#15039,0.04242640687119);
#13243=CARTESIAN_POINT('',(5.795,-0.09,-0.14));
#13244=VECTOR('',#15040,0.02);
#13245=CARTESIAN_POINT('',(5.895,-0.12,-0.11));
#13246=VECTOR('',#15041,0.1);
#13247=CARTESIAN_POINT('',(5.795,-0.29,-0.11));
#13248=CARTESIAN_POINT('',(5.895,-0.29,-0.11));
#13249=VECTOR('',#15042,0.1);
#13250=CARTESIAN_POINT('',(5.795,-0.12,-0.11));
#13251=VECTOR('',#15043,0.17);
#13252=CARTESIAN_POINT('',(5.795,-0.29,0.11));
#13253=CARTESIAN_POINT('',(5.795,-0.29,-0.11));
#13254=VECTOR('',#15044,0.22);
#13255=CARTESIAN_POINT('',(5.795,-0.12,0.11));
#13256=CARTESIAN_POINT('',(5.795,-0.29,0.11));
#13257=VECTOR('',#15045,0.17);
#13258=CARTESIAN_POINT('',(5.795,-0.09,0.14));
#13259=CARTESIAN_POINT('',(5.795,-0.09,0.14));
#13260=VECTOR('',#15046,0.04242640687119);
#13261=CARTESIAN_POINT('',(5.795,-0.09,0.14));
#13262=VECTOR('',#15047,0.24);
#13263=CARTESIAN_POINT('',(5.795,-0.09,-0.14));
#13264=VECTOR('',#15048,0.24);
#13265=CARTESIAN_POINT('',(5.905,-0.14,-0.14));
#13266=CARTESIAN_POINT('',(5.905,-0.33,-0.14));
#13267=VECTOR('',#15049,0.19);
#13268=CARTESIAN_POINT('',(5.905,-0.14,-0.14));
#13269=VECTOR('',#15050,0.09);
#13270=CARTESIAN_POINT('',(5.905,-0.05,-0.23));
#13271=VECTOR('',#15051,0.1272792206136);
#13272=CARTESIAN_POINT('',(5.905,-0.14,0.14));
#13273=CARTESIAN_POINT('',(5.905,-0.33,0.14));
#13274=VECTOR('',#15052,0.19);
#13275=CARTESIAN_POINT('',(5.905,-0.14,0.14));
#13276=VECTOR('',#15053,0.1272792206136);
#13277=CARTESIAN_POINT('',(5.905,-0.38,0.53));
#13278=VECTOR('',#15054,0.33);
#13279=CARTESIAN_POINT('',(5.905,-0.38,0.4));
#13280=VECTOR('',#15055,0.07071067811865);
#13281=CARTESIAN_POINT('',(5.905,-0.38,-0.53));
#13282=VECTOR('',#15056,0.33);
#13283=CARTESIAN_POINT('',(5.905,-0.33,-0.35));
#13284=VECTOR('',#15057,0.07071067811865);
#13285=CARTESIAN_POINT('',(5.655000002023,-0.3799999992703,0.3999999992703));
#13286=VECTOR('',#15058,0.07071067794666);
#13287=CARTESIAN_POINT('',(5.355000000655,-0.3799999993446,0.1000000055891));
#13288=VECTOR('',#15059,0.07071067796417);
#13289=CARTESIAN_POINT('',(5.35500000073,-0.3799999992703,-0.09999999797713));
#13290=VECTOR('',#15060,0.07071067794666);
#13291=CARTESIAN_POINT('',(5.654999994411,-0.3799999993446,-0.3999999993446));
#13292=VECTOR('',#15061,0.07071067873658);
#13293=CARTESIAN_POINT('',(5.815,-0.14,0.14));
#13294=CARTESIAN_POINT('',(5.815,-0.14,0.14));
#13295=VECTOR('',#15062,0.09);
#13296=CARTESIAN_POINT('',(5.815,-0.05,0.23));
#13297=VECTOR('',#15063,0.1272792206136);
#13298=CARTESIAN_POINT('',(5.815,0.4,0.53));
#13299=VECTOR('',#15064,0.45);
#13300=CARTESIAN_POINT('',(5.815,-0.09,0.14));
#13301=CARTESIAN_POINT('',(5.815,-0.09,0.14));
#13302=VECTOR('',#15065,0.05);
#13303=CARTESIAN_POINT('',(5.815,-0.03,0.2));
#13304=CARTESIAN_POINT('',(5.815,-0.09,0.14));
#13305=VECTOR('',#15066,0.08485281374239);
#13306=CARTESIAN_POINT('',(5.815,-0.03,0.2));
#13307=VECTOR('',#15067,0.29);
#13308=CARTESIAN_POINT('',(5.895,-0.03,0.2));
#13309=VECTOR('',#15068,0.08);
#13310=CARTESIAN_POINT('',(5.795,-0.09,0.14));
#13311=VECTOR('',#15069,0.02);
#13312=CARTESIAN_POINT('',(5.895,-0.12,0.11));
#13313=VECTOR('',#15070,0.1);
#13314=CARTESIAN_POINT('',(5.895,-0.29,0.11));
#13315=VECTOR('',#15071,0.1);
#13316=AXIS2_PLACEMENT_3D('',#15072,#15073,#15074);
#13317=CARTESIAN_POINT('',(-5.315,-0.4,-0.38));
#13318=VECTOR('',#15075,0.02);
#13319=CARTESIAN_POINT('',(-5.315,-0.25,-0.61));
#13320=VECTOR('',#15076,0.07);
#13321=CARTESIAN_POINT('',(-5.315,-0.25,0.54));
#13322=VECTOR('',#15077,0.07);
#13323=CARTESIAN_POINT('',(-5.315,-0.4,0.38));
#13324=VECTOR('',#15078,0.02);
#13325=AXIS2_PLACEMENT_3D('',#15079,#15080,#15081);
#13326=CARTESIAN_POINT('',(-5.328110657368,-0.2837516873684,-0.54));
#13327=VECTOR('',#15082,0.07);
#13328=CARTESIAN_POINT('',(-5.328110657368,-0.2837516873684,0.54));
#13329=VECTOR('',#15083,0.07);
#13330=AXIS2_PLACEMENT_3D('',#15084,#15085,#15086);
#13331=AXIS2_PLACEMENT_3D('',#15087,#15088,#15089);
#13332=CARTESIAN_POINT('',(5.775,-0.01,0.54));
#13333=VECTOR('',#15090,0.07);
#13334=CARTESIAN_POINT('',(5.625,-0.01,0.54));
#13335=VECTOR('',#15091,0.07);
#13336=CARTESIAN_POINT('',(5.625,-0.11,0.54));
#13337=VECTOR('',#15092,0.07);
#13338=CARTESIAN_POINT('',(5.645,-0.11,0.54));
#13339=VECTOR('',#15093,0.07);
#13340=CARTESIAN_POINT('',(5.645,-0.245,0.54));
#13341=VECTOR('',#15094,0.07);
#13342=CARTESIAN_POINT('',(-5.625,-0.11,0.54));
#13343=VECTOR('',#15095,0.07);
#13344=CARTESIAN_POINT('',(-5.815,0.4,0.53));
#13345=VECTOR('',#15096,0.45);
#13346=CARTESIAN_POINT('',(-5.815,-0.03,0.2));
#13347=CARTESIAN_POINT('',(-5.815,-0.03,0.49));
#13348=CARTESIAN_POINT('',(-5.815,-0.03,0.2));
#13349=VECTOR('',#15097,0.29);
#13350=CARTESIAN_POINT('',(-5.815,-0.09,0.14));
#13351=CARTESIAN_POINT('',(-5.815,-0.09,0.14));
#13352=VECTOR('',#15098,0.08485281374239);
#13353=CARTESIAN_POINT('',(-5.815,-0.14,0.14));
#13354=CARTESIAN_POINT('',(-5.815,-0.14,0.14));
#13355=VECTOR('',#15099,0.05);
#13356=CARTESIAN_POINT('',(-5.815,-0.14,0.14));
#13357=VECTOR('',#15100,0.1272792206136);
#13358=CARTESIAN_POINT('',(-5.815,-0.03,0.49));
#13359=VECTOR('',#15101,0.42972135955);
#13360=CARTESIAN_POINT('',(-5.815,-0.03,0.49));
#13361=VECTOR('',#15102,0.08);
#13362=CARTESIAN_POINT('',(-5.815,-0.03,0.2));
#13363=VECTOR('',#15103,0.08);
#13364=CARTESIAN_POINT('',(-5.795,-0.12,0.11));
#13365=VECTOR('',#15104,0.1);
#13366=CARTESIAN_POINT('',(-5.795,-0.09,0.14));
#13367=VECTOR('',#15105,0.02);
#13368=CARTESIAN_POINT('',(-5.905,-0.14,0.14));
#13369=VECTOR('',#15106,0.09);
#13370=CARTESIAN_POINT('',(-5.795,-0.29,0.11));
#13371=VECTOR('',#15107,0.1);
#13372=CARTESIAN_POINT('',(-5.135,-0.34,1.0));
#13373=CARTESIAN_POINT('',(-5.135,-0.34,1.0));
#13374=VECTOR('',#15108,0.06);
#13375=CARTESIAN_POINT('',(-5.135,-0.34,0.63));
#13376=VECTOR('',#15109,0.37);
#13377=CARTESIAN_POINT('',(-5.135,-0.34,-1.0));
#13378=CARTESIAN_POINT('',(-5.135,-0.34,-1.0));
#13379=VECTOR('',#15110,0.37);
#13380=CARTESIAN_POINT('',(-5.135,-0.4,-1.0));
#13381=VECTOR('',#15111,0.06);
#13382=CARTESIAN_POINT('',(-5.015,-0.34,1.0));
#13383=CARTESIAN_POINT('',(-5.135,-0.34,1.0));
#13384=VECTOR('',#15112,0.12);
#13385=CARTESIAN_POINT('',(-5.015,-0.34,0.63));
#13386=VECTOR('',#15113,0.37);
#13387=CARTESIAN_POINT('',(-5.015,-0.34,1.0));
#13388=VECTOR('',#15114,0.06);
#13389=CARTESIAN_POINT('',(-5.015,-0.34,-1.0));
#13390=CARTESIAN_POINT('',(-5.015,-0.4,-1.0));
#13391=VECTOR('',#15115,0.06);
#13392=CARTESIAN_POINT('',(-5.015,-0.34,-1.0));
#13393=VECTOR('',#15116,0.37);
#13394=CARTESIAN_POINT('',(-5.135,-0.34,-1.0));
#13395=VECTOR('',#15117,0.12);
#13396=CARTESIAN_POINT('',(-4.785,-0.34,1.0));
#13397=CARTESIAN_POINT('',(-4.785,-0.34,1.0));
#13398=VECTOR('',#15118,0.06);
#13399=CARTESIAN_POINT('',(-4.785,-0.34,0.63));
#13400=VECTOR('',#15119,0.37);
#13401=CARTESIAN_POINT('',(-4.785,-0.34,-1.0));
#13402=CARTESIAN_POINT('',(-4.785,-0.34,-1.0));
#13403=VECTOR('',#15120,0.37);
#13404=CARTESIAN_POINT('',(-4.785,-0.4,-1.0));
#13405=VECTOR('',#15121,0.06);
#13406=CARTESIAN_POINT('',(-4.665,-0.34,1.0));
#13407=CARTESIAN_POINT('',(-4.785,-0.34,1.0));
#13408=VECTOR('',#15122,0.12);
#13409=CARTESIAN_POINT('',(-4.665,-0.34,0.63));
#13410=VECTOR('',#15123,0.37);
#13411=CARTESIAN_POINT('',(-4.665,-0.34,1.0));
#13412=VECTOR('',#15124,0.06);
#13413=CARTESIAN_POINT('',(-4.665,-0.34,-1.0));
#13414=CARTESIAN_POINT('',(-4.665,-0.4,-1.0));
#13415=VECTOR('',#15125,0.06);
#13416=CARTESIAN_POINT('',(-4.665,-0.34,-1.0));
#13417=VECTOR('',#15126,0.37);
#13418=CARTESIAN_POINT('',(-4.785,-0.34,-1.0));
#13419=VECTOR('',#15127,0.12);
#13420=CARTESIAN_POINT('',(-4.435,-0.34,1.0));
#13421=CARTESIAN_POINT('',(-4.435,-0.34,1.0));
#13422=VECTOR('',#15128,0.06);
#13423=CARTESIAN_POINT('',(-4.435,-0.34,0.63));
#13424=VECTOR('',#15129,0.37);
#13425=CARTESIAN_POINT('',(-4.435,-0.34,-1.0));
#13426=CARTESIAN_POINT('',(-4.435,-0.34,-1.0));
#13427=VECTOR('',#15130,0.37);
#13428=CARTESIAN_POINT('',(-4.435,-0.4,-1.0));
#13429=VECTOR('',#15131,0.06);
#13430=CARTESIAN_POINT('',(-4.315,-0.34,1.0));
#13431=CARTESIAN_POINT('',(-4.435,-0.34,1.0));
#13432=VECTOR('',#15132,0.12);
#13433=CARTESIAN_POINT('',(-4.315,-0.34,0.63));
#13434=VECTOR('',#15133,0.37);
#13435=CARTESIAN_POINT('',(-4.315,-0.34,1.0));
#13436=VECTOR('',#15134,0.06);
#13437=CARTESIAN_POINT('',(-4.315,-0.34,-1.0));
#13438=CARTESIAN_POINT('',(-4.315,-0.4,-1.0));
#13439=VECTOR('',#15135,0.06);
#13440=CARTESIAN_POINT('',(-4.315,-0.34,-1.0));
#13441=VECTOR('',#15136,0.37);
#13442=CARTESIAN_POINT('',(-4.435,-0.34,-1.0));
#13443=VECTOR('',#15137,0.12);
#13444=CARTESIAN_POINT('',(-4.085,-0.34,1.0));
#13445=CARTESIAN_POINT('',(-4.085,-0.34,1.0));
#13446=VECTOR('',#15138,0.06);
#13447=CARTESIAN_POINT('',(-4.085,-0.34,0.63));
#13448=VECTOR('',#15139,0.37);
#13449=CARTESIAN_POINT('',(-4.085,-0.34,-1.0));
#13450=CARTESIAN_POINT('',(-4.085,-0.34,-1.0));
#13451=VECTOR('',#15140,0.37);
#13452=CARTESIAN_POINT('',(-4.085,-0.4,-1.0));
#13453=VECTOR('',#15141,0.06);
#13454=CARTESIAN_POINT('',(-3.965,-0.34,1.0));
#13455=CARTESIAN_POINT('',(-4.085,-0.34,1.0));
#13456=VECTOR('',#15142,0.12);
#13457=CARTESIAN_POINT('',(-3.965,-0.34,0.63));
#13458=VECTOR('',#15143,0.37);
#13459=CARTESIAN_POINT('',(-3.965,-0.34,1.0));
#13460=VECTOR('',#15144,0.06);
#13461=CARTESIAN_POINT('',(-3.965,-0.34,-1.0));
#13462=CARTESIAN_POINT('',(-3.965,-0.4,-1.0));
#13463=VECTOR('',#15145,0.06);
#13464=CARTESIAN_POINT('',(-3.965,-0.34,-1.0));
#13465=VECTOR('',#15146,0.37);
#13466=CARTESIAN_POINT('',(-4.085,-0.34,-1.0));
#13467=VECTOR('',#15147,0.12);
#13468=CARTESIAN_POINT('',(-3.735,-0.34,1.0));
#13469=CARTESIAN_POINT('',(-3.735,-0.34,1.0));
#13470=VECTOR('',#15148,0.06);
#13471=CARTESIAN_POINT('',(-3.735,-0.34,0.63));
#13472=VECTOR('',#15149,0.37);
#13473=CARTESIAN_POINT('',(-3.735,-0.34,-1.0));
#13474=CARTESIAN_POINT('',(-3.735,-0.34,-1.0));
#13475=VECTOR('',#15150,0.37);
#13476=CARTESIAN_POINT('',(-3.735,-0.4,-1.0));
#13477=VECTOR('',#15151,0.06);
#13478=CARTESIAN_POINT('',(-3.615,-0.34,1.0));
#13479=CARTESIAN_POINT('',(-3.735,-0.34,1.0));
#13480=VECTOR('',#15152,0.12);
#13481=CARTESIAN_POINT('',(-3.615,-0.34,0.63));
#13482=VECTOR('',#15153,0.37);
#13483=CARTESIAN_POINT('',(-3.615,-0.34,1.0));
#13484=VECTOR('',#15154,0.06);
#13485=CARTESIAN_POINT('',(-3.615,-0.34,-1.0));
#13486=CARTESIAN_POINT('',(-3.615,-0.4,-1.0));
#13487=VECTOR('',#15155,0.06);
#13488=CARTESIAN_POINT('',(-3.615,-0.34,-1.0));
#13489=VECTOR('',#15156,0.37);
#13490=CARTESIAN_POINT('',(-3.735,-0.34,-1.0));
#13491=VECTOR('',#15157,0.12);
#13492=CARTESIAN_POINT('',(-3.385,-0.34,1.0));
#13493=CARTESIAN_POINT('',(-3.385,-0.34,1.0));
#13494=VECTOR('',#15158,0.06);
#13495=CARTESIAN_POINT('',(-3.385,-0.34,0.63));
#13496=VECTOR('',#15159,0.37);
#13497=CARTESIAN_POINT('',(-3.385,-0.34,-1.0));
#13498=CARTESIAN_POINT('',(-3.385,-0.34,-1.0));
#13499=VECTOR('',#15160,0.37);
#13500=CARTESIAN_POINT('',(-3.385,-0.4,-1.0));
#13501=VECTOR('',#15161,0.06);
#13502=CARTESIAN_POINT('',(-3.265,-0.34,1.0));
#13503=CARTESIAN_POINT('',(-3.385,-0.34,1.0));
#13504=VECTOR('',#15162,0.12);
#13505=CARTESIAN_POINT('',(-3.265,-0.34,0.63));
#13506=VECTOR('',#15163,0.37);
#13507=CARTESIAN_POINT('',(-3.265,-0.34,1.0));
#13508=VECTOR('',#15164,0.06);
#13509=CARTESIAN_POINT('',(-3.265,-0.34,-1.0));
#13510=CARTESIAN_POINT('',(-3.265,-0.4,-1.0));
#13511=VECTOR('',#15165,0.06);
#13512=CARTESIAN_POINT('',(-3.265,-0.34,-1.0));
#13513=VECTOR('',#15166,0.37);
#13514=CARTESIAN_POINT('',(-3.385,-0.34,-1.0));
#13515=VECTOR('',#15167,0.12);
#13516=CARTESIAN_POINT('',(-3.035,-0.34,1.0));
#13517=CARTESIAN_POINT('',(-3.035,-0.34,1.0));
#13518=VECTOR('',#15168,0.06);
#13519=CARTESIAN_POINT('',(-3.035,-0.34,0.63));
#13520=VECTOR('',#15169,0.37);
#13521=CARTESIAN_POINT('',(-3.035,-0.34,-1.0));
#13522=CARTESIAN_POINT('',(-3.035,-0.34,-1.0));
#13523=VECTOR('',#15170,0.37);
#13524=CARTESIAN_POINT('',(-3.035,-0.4,-1.0));
#13525=VECTOR('',#15171,0.06);
#13526=CARTESIAN_POINT('',(-2.915,-0.34,1.0));
#13527=CARTESIAN_POINT('',(-3.035,-0.34,1.0));
#13528=VECTOR('',#15172,0.12);
#13529=CARTESIAN_POINT('',(-2.915,-0.34,0.63));
#13530=VECTOR('',#15173,0.37);
#13531=CARTESIAN_POINT('',(-2.915,-0.34,1.0));
#13532=VECTOR('',#15174,0.06);
#13533=CARTESIAN_POINT('',(-2.915,-0.34,-1.0));
#13534=CARTESIAN_POINT('',(-2.915,-0.4,-1.0));
#13535=VECTOR('',#15175,0.06);
#13536=CARTESIAN_POINT('',(-2.915,-0.34,-1.0));
#13537=VECTOR('',#15176,0.37);
#13538=CARTESIAN_POINT('',(-3.035,-0.34,-1.0));
#13539=VECTOR('',#15177,0.12);
#13540=CARTESIAN_POINT('',(-2.685,-0.34,1.0));
#13541=CARTESIAN_POINT('',(-2.685,-0.34,1.0));
#13542=VECTOR('',#15178,0.06);
#13543=CARTESIAN_POINT('',(-2.685,-0.34,0.63));
#13544=VECTOR('',#15179,0.37);
#13545=CARTESIAN_POINT('',(-2.685,-0.34,-1.0));
#13546=CARTESIAN_POINT('',(-2.685,-0.34,-1.0));
#13547=VECTOR('',#15180,0.37);
#13548=CARTESIAN_POINT('',(-2.685,-0.4,-1.0));
#13549=VECTOR('',#15181,0.06);
#13550=CARTESIAN_POINT('',(-2.565,-0.34,1.0));
#13551=CARTESIAN_POINT('',(-2.685,-0.34,1.0));
#13552=VECTOR('',#15182,0.12);
#13553=CARTESIAN_POINT('',(-2.565,-0.34,0.63));
#13554=VECTOR('',#15183,0.37);
#13555=CARTESIAN_POINT('',(-2.565,-0.34,1.0));
#13556=VECTOR('',#15184,0.06);
#13557=CARTESIAN_POINT('',(-2.565,-0.34,-1.0));
#13558=CARTESIAN_POINT('',(-2.565,-0.4,-1.0));
#13559=VECTOR('',#15185,0.06);
#13560=CARTESIAN_POINT('',(-2.565,-0.34,-1.0));
#13561=VECTOR('',#15186,0.37);
#13562=CARTESIAN_POINT('',(-2.685,-0.34,-1.0));
#13563=VECTOR('',#15187,0.12);
#13564=CARTESIAN_POINT('',(-2.335,-0.34,1.0));
#13565=CARTESIAN_POINT('',(-2.335,-0.34,1.0));
#13566=VECTOR('',#15188,0.06);
#13567=CARTESIAN_POINT('',(-2.335,-0.34,0.63));
#13568=VECTOR('',#15189,0.37);
#13569=CARTESIAN_POINT('',(-2.335,-0.34,-1.0));
#13570=CARTESIAN_POINT('',(-2.335,-0.34,-1.0));
#13571=VECTOR('',#15190,0.37);
#13572=CARTESIAN_POINT('',(-2.335,-0.4,-1.0));
#13573=VECTOR('',#15191,0.06);
#13574=CARTESIAN_POINT('',(-2.215,-0.34,1.0));
#13575=CARTESIAN_POINT('',(-2.335,-0.34,1.0));
#13576=VECTOR('',#15192,0.12);
#13577=CARTESIAN_POINT('',(-2.215,-0.34,0.63));
#13578=VECTOR('',#15193,0.37);
#13579=CARTESIAN_POINT('',(-2.215,-0.34,1.0));
#13580=VECTOR('',#15194,0.06);
#13581=CARTESIAN_POINT('',(-2.215,-0.34,-1.0));
#13582=CARTESIAN_POINT('',(-2.215,-0.4,-1.0));
#13583=VECTOR('',#15195,0.06);
#13584=CARTESIAN_POINT('',(-2.215,-0.34,-1.0));
#13585=VECTOR('',#15196,0.37);
#13586=CARTESIAN_POINT('',(-2.335,-0.34,-1.0));
#13587=VECTOR('',#15197,0.12);
#13588=CARTESIAN_POINT('',(-1.985,-0.34,1.0));
#13589=CARTESIAN_POINT('',(-1.985,-0.34,1.0));
#13590=VECTOR('',#15198,0.06);
#13591=CARTESIAN_POINT('',(-1.985,-0.34,0.63));
#13592=VECTOR('',#15199,0.37);
#13593=CARTESIAN_POINT('',(-1.985,-0.34,-1.0));
#13594=CARTESIAN_POINT('',(-1.985,-0.34,-1.0));
#13595=VECTOR('',#15200,0.37);
#13596=CARTESIAN_POINT('',(-1.985,-0.4,-1.0));
#13597=VECTOR('',#15201,0.06);
#13598=CARTESIAN_POINT('',(-1.865,-0.34,1.0));
#13599=CARTESIAN_POINT('',(-1.985,-0.34,1.0));
#13600=VECTOR('',#15202,0.12);
#13601=CARTESIAN_POINT('',(-1.865,-0.34,0.63));
#13602=VECTOR('',#15203,0.37);
#13603=CARTESIAN_POINT('',(-1.865,-0.34,1.0));
#13604=VECTOR('',#15204,0.06);
#13605=CARTESIAN_POINT('',(-1.865,-0.34,-1.0));
#13606=CARTESIAN_POINT('',(-1.865,-0.4,-1.0));
#13607=VECTOR('',#15205,0.06);
#13608=CARTESIAN_POINT('',(-1.865,-0.34,-1.0));
#13609=VECTOR('',#15206,0.37);
#13610=CARTESIAN_POINT('',(-1.985,-0.34,-1.0));
#13611=VECTOR('',#15207,0.12);
#13612=CARTESIAN_POINT('',(-1.635,-0.34,1.0));
#13613=CARTESIAN_POINT('',(-1.635,-0.34,1.0));
#13614=VECTOR('',#15208,0.06);
#13615=CARTESIAN_POINT('',(-1.635,-0.34,0.63));
#13616=VECTOR('',#15209,0.37);
#13617=CARTESIAN_POINT('',(-1.635,-0.34,-1.0));
#13618=CARTESIAN_POINT('',(-1.635,-0.34,-1.0));
#13619=VECTOR('',#15210,0.37);
#13620=CARTESIAN_POINT('',(-1.635,-0.4,-1.0));
#13621=VECTOR('',#15211,0.06);
#13622=CARTESIAN_POINT('',(-1.515,-0.34,1.0));
#13623=CARTESIAN_POINT('',(-1.635,-0.34,1.0));
#13624=VECTOR('',#15212,0.12);
#13625=CARTESIAN_POINT('',(-1.515,-0.34,0.63));
#13626=VECTOR('',#15213,0.37);
#13627=CARTESIAN_POINT('',(-1.515,-0.34,1.0));
#13628=VECTOR('',#15214,0.06);
#13629=CARTESIAN_POINT('',(-1.515,-0.34,-1.0));
#13630=CARTESIAN_POINT('',(-1.515,-0.4,-1.0));
#13631=VECTOR('',#15215,0.06);
#13632=CARTESIAN_POINT('',(-1.515,-0.34,-1.0));
#13633=VECTOR('',#15216,0.37);
#13634=CARTESIAN_POINT('',(-1.635,-0.34,-1.0));
#13635=VECTOR('',#15217,0.12);
#13636=CARTESIAN_POINT('',(-1.285,-0.34,1.0));
#13637=CARTESIAN_POINT('',(-1.285,-0.34,1.0));
#13638=VECTOR('',#15218,0.06);
#13639=CARTESIAN_POINT('',(-1.285,-0.34,0.63));
#13640=VECTOR('',#15219,0.37);
#13641=CARTESIAN_POINT('',(-1.285,-0.34,-1.0));
#13642=CARTESIAN_POINT('',(-1.285,-0.34,-1.0));
#13643=VECTOR('',#15220,0.37);
#13644=CARTESIAN_POINT('',(-1.285,-0.4,-1.0));
#13645=VECTOR('',#15221,0.06);
#13646=CARTESIAN_POINT('',(-1.165,-0.34,1.0));
#13647=CARTESIAN_POINT('',(-1.285,-0.34,1.0));
#13648=VECTOR('',#15222,0.12);
#13649=CARTESIAN_POINT('',(-1.165,-0.34,0.63));
#13650=VECTOR('',#15223,0.37);
#13651=CARTESIAN_POINT('',(-1.165,-0.34,1.0));
#13652=VECTOR('',#15224,0.06);
#13653=CARTESIAN_POINT('',(-1.165,-0.34,-1.0));
#13654=CARTESIAN_POINT('',(-1.165,-0.4,-1.0));
#13655=VECTOR('',#15225,0.06);
#13656=CARTESIAN_POINT('',(-1.165,-0.34,-1.0));
#13657=VECTOR('',#15226,0.37);
#13658=CARTESIAN_POINT('',(-1.285,-0.34,-1.0));
#13659=VECTOR('',#15227,0.12);
#13660=CARTESIAN_POINT('',(-0.935,-0.34,1.0));
#13661=CARTESIAN_POINT('',(-0.935,-0.34,1.0));
#13662=VECTOR('',#15228,0.06);
#13663=CARTESIAN_POINT('',(-0.935,-0.34,0.63));
#13664=VECTOR('',#15229,0.37);
#13665=CARTESIAN_POINT('',(-0.935,-0.34,-1.0));
#13666=CARTESIAN_POINT('',(-0.935,-0.34,-1.0));
#13667=VECTOR('',#15230,0.37);
#13668=CARTESIAN_POINT('',(-0.935,-0.4,-1.0));
#13669=VECTOR('',#15231,0.06);
#13670=CARTESIAN_POINT('',(-0.815,-0.34,1.0));
#13671=CARTESIAN_POINT('',(-0.935,-0.34,1.0));
#13672=VECTOR('',#15232,0.12);
#13673=CARTESIAN_POINT('',(-0.815,-0.34,0.63));
#13674=VECTOR('',#15233,0.37);
#13675=CARTESIAN_POINT('',(-0.815,-0.34,1.0));
#13676=VECTOR('',#15234,0.06);
#13677=CARTESIAN_POINT('',(-0.815,-0.34,-1.0));
#13678=CARTESIAN_POINT('',(-0.815,-0.4,-1.0));
#13679=VECTOR('',#15235,0.06);
#13680=CARTESIAN_POINT('',(-0.815,-0.34,-1.0));
#13681=VECTOR('',#15236,0.37);
#13682=CARTESIAN_POINT('',(-0.935,-0.34,-1.0));
#13683=VECTOR('',#15237,0.12);
#13684=CARTESIAN_POINT('',(-0.585,-0.34,1.0));
#13685=CARTESIAN_POINT('',(-0.585,-0.34,1.0));
#13686=VECTOR('',#15238,0.06);
#13687=CARTESIAN_POINT('',(-0.585,-0.34,0.63));
#13688=VECTOR('',#15239,0.37);
#13689=CARTESIAN_POINT('',(-0.585,-0.34,-1.0));
#13690=CARTESIAN_POINT('',(-0.585,-0.34,-1.0));
#13691=VECTOR('',#15240,0.37);
#13692=CARTESIAN_POINT('',(-0.585,-0.4,-1.0));
#13693=VECTOR('',#15241,0.06);
#13694=CARTESIAN_POINT('',(-0.465,-0.34,1.0));
#13695=CARTESIAN_POINT('',(-0.585,-0.34,1.0));
#13696=VECTOR('',#15242,0.12);
#13697=CARTESIAN_POINT('',(-0.465,-0.34,0.63));
#13698=VECTOR('',#15243,0.37);
#13699=CARTESIAN_POINT('',(-0.465,-0.34,1.0));
#13700=VECTOR('',#15244,0.06);
#13701=CARTESIAN_POINT('',(-0.465,-0.34,-1.0));
#13702=CARTESIAN_POINT('',(-0.465,-0.4,-1.0));
#13703=VECTOR('',#15245,0.06);
#13704=CARTESIAN_POINT('',(-0.465,-0.34,-1.0));
#13705=VECTOR('',#15246,0.37);
#13706=CARTESIAN_POINT('',(-0.585,-0.34,-1.0));
#13707=VECTOR('',#15247,0.12);
#13708=CARTESIAN_POINT('',(-0.235,-0.34,1.0));
#13709=CARTESIAN_POINT('',(-0.235,-0.34,1.0));
#13710=VECTOR('',#15248,0.06);
#13711=CARTESIAN_POINT('',(-0.235,-0.34,0.63));
#13712=VECTOR('',#15249,0.37);
#13713=CARTESIAN_POINT('',(-0.235,-0.34,-1.0));
#13714=CARTESIAN_POINT('',(-0.235,-0.34,-1.0));
#13715=VECTOR('',#15250,0.37);
#13716=CARTESIAN_POINT('',(-0.235,-0.4,-1.0));
#13717=VECTOR('',#15251,0.06);
#13718=CARTESIAN_POINT('',(-0.115,-0.34,1.0));
#13719=CARTESIAN_POINT('',(-0.235,-0.34,1.0));
#13720=VECTOR('',#15252,0.12);
#13721=CARTESIAN_POINT('',(-0.115,-0.34,0.63));
#13722=VECTOR('',#15253,0.37);
#13723=CARTESIAN_POINT('',(-0.115,-0.34,1.0));
#13724=VECTOR('',#15254,0.06);
#13725=CARTESIAN_POINT('',(-0.115,-0.34,-1.0));
#13726=CARTESIAN_POINT('',(-0.115,-0.4,-1.0));
#13727=VECTOR('',#15255,0.06);
#13728=CARTESIAN_POINT('',(-0.115,-0.34,-1.0));
#13729=VECTOR('',#15256,0.37);
#13730=CARTESIAN_POINT('',(-0.235,-0.34,-1.0));
#13731=VECTOR('',#15257,0.12);
#13732=CARTESIAN_POINT('',(0.115,-0.34,1.0));
#13733=CARTESIAN_POINT('',(0.115,-0.34,1.0));
#13734=VECTOR('',#15258,0.06);
#13735=CARTESIAN_POINT('',(0.115,-0.34,0.63));
#13736=VECTOR('',#15259,0.37);
#13737=CARTESIAN_POINT('',(0.115,-0.34,-1.0));
#13738=CARTESIAN_POINT('',(0.115,-0.34,-1.0));
#13739=VECTOR('',#15260,0.37);
#13740=CARTESIAN_POINT('',(0.115,-0.4,-1.0));
#13741=VECTOR('',#15261,0.06);
#13742=CARTESIAN_POINT('',(0.235,-0.34,1.0));
#13743=CARTESIAN_POINT('',(0.115,-0.34,1.0));
#13744=VECTOR('',#15262,0.12);
#13745=CARTESIAN_POINT('',(0.235,-0.34,0.63));
#13746=VECTOR('',#15263,0.37);
#13747=CARTESIAN_POINT('',(0.235,-0.34,1.0));
#13748=VECTOR('',#15264,0.06);
#13749=CARTESIAN_POINT('',(0.235,-0.34,-1.0));
#13750=CARTESIAN_POINT('',(0.235,-0.4,-1.0));
#13751=VECTOR('',#15265,0.06);
#13752=CARTESIAN_POINT('',(0.235,-0.34,-1.0));
#13753=VECTOR('',#15266,0.37);
#13754=CARTESIAN_POINT('',(0.115,-0.34,-1.0));
#13755=VECTOR('',#15267,0.12);
#13756=CARTESIAN_POINT('',(0.465,-0.34,1.0));
#13757=CARTESIAN_POINT('',(0.465,-0.34,1.0));
#13758=VECTOR('',#15268,0.06);
#13759=CARTESIAN_POINT('',(0.465,-0.34,0.63));
#13760=VECTOR('',#15269,0.37);
#13761=CARTESIAN_POINT('',(0.465,-0.34,-1.0));
#13762=CARTESIAN_POINT('',(0.465,-0.34,-1.0));
#13763=VECTOR('',#15270,0.37);
#13764=CARTESIAN_POINT('',(0.465,-0.4,-1.0));
#13765=VECTOR('',#15271,0.06);
#13766=CARTESIAN_POINT('',(0.585,-0.34,1.0));
#13767=CARTESIAN_POINT('',(0.465,-0.34,1.0));
#13768=VECTOR('',#15272,0.12);
#13769=CARTESIAN_POINT('',(0.585,-0.34,0.63));
#13770=VECTOR('',#15273,0.37);
#13771=CARTESIAN_POINT('',(0.585,-0.34,1.0));
#13772=VECTOR('',#15274,0.06);
#13773=CARTESIAN_POINT('',(0.585,-0.34,-1.0));
#13774=CARTESIAN_POINT('',(0.585,-0.4,-1.0));
#13775=VECTOR('',#15275,0.06);
#13776=CARTESIAN_POINT('',(0.585,-0.34,-1.0));
#13777=VECTOR('',#15276,0.37);
#13778=CARTESIAN_POINT('',(0.465,-0.34,-1.0));
#13779=VECTOR('',#15277,0.12);
#13780=CARTESIAN_POINT('',(0.815,-0.34,1.0));
#13781=CARTESIAN_POINT('',(0.815,-0.34,1.0));
#13782=VECTOR('',#15278,0.06);
#13783=CARTESIAN_POINT('',(0.815,-0.34,0.63));
#13784=VECTOR('',#15279,0.37);
#13785=CARTESIAN_POINT('',(0.815,-0.34,-1.0));
#13786=CARTESIAN_POINT('',(0.815,-0.34,-1.0));
#13787=VECTOR('',#15280,0.37);
#13788=CARTESIAN_POINT('',(0.815,-0.4,-1.0));
#13789=VECTOR('',#15281,0.06);
#13790=CARTESIAN_POINT('',(0.935,-0.34,1.0));
#13791=CARTESIAN_POINT('',(0.815,-0.34,1.0));
#13792=VECTOR('',#15282,0.12);
#13793=CARTESIAN_POINT('',(0.935,-0.34,0.63));
#13794=VECTOR('',#15283,0.37);
#13795=CARTESIAN_POINT('',(0.935,-0.34,1.0));
#13796=VECTOR('',#15284,0.06);
#13797=CARTESIAN_POINT('',(0.935,-0.34,-1.0));
#13798=CARTESIAN_POINT('',(0.935,-0.4,-1.0));
#13799=VECTOR('',#15285,0.06);
#13800=CARTESIAN_POINT('',(0.935,-0.34,-1.0));
#13801=VECTOR('',#15286,0.37);
#13802=CARTESIAN_POINT('',(0.815,-0.34,-1.0));
#13803=VECTOR('',#15287,0.12);
#13804=CARTESIAN_POINT('',(1.165,-0.34,1.0));
#13805=CARTESIAN_POINT('',(1.165,-0.34,1.0));
#13806=VECTOR('',#15288,0.06);
#13807=CARTESIAN_POINT('',(1.165,-0.34,0.63));
#13808=VECTOR('',#15289,0.37);
#13809=CARTESIAN_POINT('',(1.165,-0.34,-1.0));
#13810=CARTESIAN_POINT('',(1.165,-0.34,-1.0));
#13811=VECTOR('',#15290,0.37);
#13812=CARTESIAN_POINT('',(1.165,-0.4,-1.0));
#13813=VECTOR('',#15291,0.06);
#13814=CARTESIAN_POINT('',(1.285,-0.34,1.0));
#13815=CARTESIAN_POINT('',(1.165,-0.34,1.0));
#13816=VECTOR('',#15292,0.12);
#13817=CARTESIAN_POINT('',(1.285,-0.34,0.63));
#13818=VECTOR('',#15293,0.37);
#13819=CARTESIAN_POINT('',(1.285,-0.34,1.0));
#13820=VECTOR('',#15294,0.06);
#13821=CARTESIAN_POINT('',(1.285,-0.34,-1.0));
#13822=CARTESIAN_POINT('',(1.285,-0.4,-1.0));
#13823=VECTOR('',#15295,0.06);
#13824=CARTESIAN_POINT('',(1.285,-0.34,-1.0));
#13825=VECTOR('',#15296,0.37);
#13826=CARTESIAN_POINT('',(1.165,-0.34,-1.0));
#13827=VECTOR('',#15297,0.12);
#13828=CARTESIAN_POINT('',(1.515,-0.34,1.0));
#13829=CARTESIAN_POINT('',(1.515,-0.34,1.0));
#13830=VECTOR('',#15298,0.06);
#13831=CARTESIAN_POINT('',(1.515,-0.34,0.63));
#13832=VECTOR('',#15299,0.37);
#13833=CARTESIAN_POINT('',(1.515,-0.34,-1.0));
#13834=CARTESIAN_POINT('',(1.515,-0.34,-1.0));
#13835=VECTOR('',#15300,0.37);
#13836=CARTESIAN_POINT('',(1.515,-0.4,-1.0));
#13837=VECTOR('',#15301,0.06);
#13838=CARTESIAN_POINT('',(1.635,-0.34,1.0));
#13839=CARTESIAN_POINT('',(1.515,-0.34,1.0));
#13840=VECTOR('',#15302,0.12);
#13841=CARTESIAN_POINT('',(1.635,-0.34,0.63));
#13842=VECTOR('',#15303,0.37);
#13843=CARTESIAN_POINT('',(1.635,-0.34,1.0));
#13844=VECTOR('',#15304,0.06);
#13845=CARTESIAN_POINT('',(1.635,-0.34,-1.0));
#13846=CARTESIAN_POINT('',(1.635,-0.4,-1.0));
#13847=VECTOR('',#15305,0.06);
#13848=CARTESIAN_POINT('',(1.635,-0.34,-1.0));
#13849=VECTOR('',#15306,0.37);
#13850=CARTESIAN_POINT('',(1.515,-0.34,-1.0));
#13851=VECTOR('',#15307,0.12);
#13852=CARTESIAN_POINT('',(1.865,-0.34,1.0));
#13853=CARTESIAN_POINT('',(1.865,-0.34,1.0));
#13854=VECTOR('',#15308,0.06);
#13855=CARTESIAN_POINT('',(1.865,-0.34,0.63));
#13856=VECTOR('',#15309,0.37);
#13857=CARTESIAN_POINT('',(1.865,-0.34,-1.0));
#13858=CARTESIAN_POINT('',(1.865,-0.34,-1.0));
#13859=VECTOR('',#15310,0.37);
#13860=CARTESIAN_POINT('',(1.865,-0.4,-1.0));
#13861=VECTOR('',#15311,0.06);
#13862=CARTESIAN_POINT('',(1.985,-0.34,1.0));
#13863=CARTESIAN_POINT('',(1.865,-0.34,1.0));
#13864=VECTOR('',#15312,0.12);
#13865=CARTESIAN_POINT('',(1.985,-0.34,0.63));
#13866=VECTOR('',#15313,0.37);
#13867=CARTESIAN_POINT('',(1.985,-0.34,1.0));
#13868=VECTOR('',#15314,0.06);
#13869=CARTESIAN_POINT('',(1.985,-0.34,-1.0));
#13870=CARTESIAN_POINT('',(1.985,-0.4,-1.0));
#13871=VECTOR('',#15315,0.06);
#13872=CARTESIAN_POINT('',(1.985,-0.34,-1.0));
#13873=VECTOR('',#15316,0.37);
#13874=CARTESIAN_POINT('',(1.865,-0.34,-1.0));
#13875=VECTOR('',#15317,0.12);
#13876=CARTESIAN_POINT('',(2.215,-0.34,1.0));
#13877=CARTESIAN_POINT('',(2.215,-0.34,1.0));
#13878=VECTOR('',#15318,0.06);
#13879=CARTESIAN_POINT('',(2.215,-0.34,0.63));
#13880=VECTOR('',#15319,0.37);
#13881=CARTESIAN_POINT('',(2.215,-0.34,-1.0));
#13882=CARTESIAN_POINT('',(2.215,-0.34,-1.0));
#13883=VECTOR('',#15320,0.37);
#13884=CARTESIAN_POINT('',(2.215,-0.4,-1.0));
#13885=VECTOR('',#15321,0.06);
#13886=CARTESIAN_POINT('',(2.335,-0.34,1.0));
#13887=CARTESIAN_POINT('',(2.215,-0.34,1.0));
#13888=VECTOR('',#15322,0.12);
#13889=CARTESIAN_POINT('',(2.335,-0.34,0.63));
#13890=VECTOR('',#15323,0.37);
#13891=CARTESIAN_POINT('',(2.335,-0.34,1.0));
#13892=VECTOR('',#15324,0.06);
#13893=CARTESIAN_POINT('',(2.335,-0.34,-1.0));
#13894=CARTESIAN_POINT('',(2.335,-0.4,-1.0));
#13895=VECTOR('',#15325,0.06);
#13896=CARTESIAN_POINT('',(2.335,-0.34,-1.0));
#13897=VECTOR('',#15326,0.37);
#13898=CARTESIAN_POINT('',(2.215,-0.34,-1.0));
#13899=VECTOR('',#15327,0.12);
#13900=CARTESIAN_POINT('',(2.565,-0.34,1.0));
#13901=CARTESIAN_POINT('',(2.565,-0.34,1.0));
#13902=VECTOR('',#15328,0.06);
#13903=CARTESIAN_POINT('',(2.565,-0.34,0.63));
#13904=VECTOR('',#15329,0.37);
#13905=CARTESIAN_POINT('',(2.565,-0.34,-1.0));
#13906=CARTESIAN_POINT('',(2.565,-0.34,-1.0));
#13907=VECTOR('',#15330,0.37);
#13908=CARTESIAN_POINT('',(2.565,-0.4,-1.0));
#13909=VECTOR('',#15331,0.06);
#13910=CARTESIAN_POINT('',(2.685,-0.34,1.0));
#13911=CARTESIAN_POINT('',(2.565,-0.34,1.0));
#13912=VECTOR('',#15332,0.12);
#13913=CARTESIAN_POINT('',(2.685,-0.34,0.63));
#13914=VECTOR('',#15333,0.37);
#13915=CARTESIAN_POINT('',(2.685,-0.34,1.0));
#13916=VECTOR('',#15334,0.06);
#13917=CARTESIAN_POINT('',(2.685,-0.34,-1.0));
#13918=CARTESIAN_POINT('',(2.685,-0.4,-1.0));
#13919=VECTOR('',#15335,0.06);
#13920=CARTESIAN_POINT('',(2.685,-0.34,-1.0));
#13921=VECTOR('',#15336,0.37);
#13922=CARTESIAN_POINT('',(2.565,-0.34,-1.0));
#13923=VECTOR('',#15337,0.12);
#13924=CARTESIAN_POINT('',(2.915,-0.34,1.0));
#13925=CARTESIAN_POINT('',(2.915,-0.34,1.0));
#13926=VECTOR('',#15338,0.06);
#13927=CARTESIAN_POINT('',(2.915,-0.34,0.63));
#13928=VECTOR('',#15339,0.37);
#13929=CARTESIAN_POINT('',(2.915,-0.34,-1.0));
#13930=CARTESIAN_POINT('',(2.915,-0.34,-1.0));
#13931=VECTOR('',#15340,0.37);
#13932=CARTESIAN_POINT('',(2.915,-0.4,-1.0));
#13933=VECTOR('',#15341,0.06);
#13934=CARTESIAN_POINT('',(3.035,-0.34,1.0));
#13935=CARTESIAN_POINT('',(2.915,-0.34,1.0));
#13936=VECTOR('',#15342,0.12);
#13937=CARTESIAN_POINT('',(3.035,-0.34,0.63));
#13938=VECTOR('',#15343,0.37);
#13939=CARTESIAN_POINT('',(3.035,-0.34,1.0));
#13940=VECTOR('',#15344,0.06);
#13941=CARTESIAN_POINT('',(3.035,-0.34,-1.0));
#13942=CARTESIAN_POINT('',(3.035,-0.4,-1.0));
#13943=VECTOR('',#15345,0.06);
#13944=CARTESIAN_POINT('',(3.035,-0.34,-1.0));
#13945=VECTOR('',#15346,0.37);
#13946=CARTESIAN_POINT('',(2.915,-0.34,-1.0));
#13947=VECTOR('',#15347,0.12);
#13948=CARTESIAN_POINT('',(3.265,-0.34,1.0));
#13949=CARTESIAN_POINT('',(3.265,-0.34,1.0));
#13950=VECTOR('',#15348,0.06);
#13951=CARTESIAN_POINT('',(3.265,-0.34,0.63));
#13952=VECTOR('',#15349,0.37);
#13953=CARTESIAN_POINT('',(3.265,-0.34,-1.0));
#13954=CARTESIAN_POINT('',(3.265,-0.34,-1.0));
#13955=VECTOR('',#15350,0.37);
#13956=CARTESIAN_POINT('',(3.265,-0.4,-1.0));
#13957=VECTOR('',#15351,0.06);
#13958=CARTESIAN_POINT('',(3.385,-0.34,1.0));
#13959=CARTESIAN_POINT('',(3.265,-0.34,1.0));
#13960=VECTOR('',#15352,0.12);
#13961=CARTESIAN_POINT('',(3.385,-0.34,0.63));
#13962=VECTOR('',#15353,0.37);
#13963=CARTESIAN_POINT('',(3.385,-0.34,1.0));
#13964=VECTOR('',#15354,0.06);
#13965=CARTESIAN_POINT('',(3.385,-0.34,-1.0));
#13966=CARTESIAN_POINT('',(3.385,-0.4,-1.0));
#13967=VECTOR('',#15355,0.06);
#13968=CARTESIAN_POINT('',(3.385,-0.34,-1.0));
#13969=VECTOR('',#15356,0.37);
#13970=CARTESIAN_POINT('',(3.265,-0.34,-1.0));
#13971=VECTOR('',#15357,0.12);
#13972=CARTESIAN_POINT('',(3.615,-0.34,1.0));
#13973=CARTESIAN_POINT('',(3.615,-0.34,1.0));
#13974=VECTOR('',#15358,0.06);
#13975=CARTESIAN_POINT('',(3.615,-0.34,0.63));
#13976=VECTOR('',#15359,0.37);
#13977=CARTESIAN_POINT('',(3.615,-0.34,-1.0));
#13978=CARTESIAN_POINT('',(3.615,-0.34,-1.0));
#13979=VECTOR('',#15360,0.37);
#13980=CARTESIAN_POINT('',(3.615,-0.4,-1.0));
#13981=VECTOR('',#15361,0.06);
#13982=CARTESIAN_POINT('',(3.735,-0.34,1.0));
#13983=CARTESIAN_POINT('',(3.615,-0.34,1.0));
#13984=VECTOR('',#15362,0.12);
#13985=CARTESIAN_POINT('',(3.735,-0.34,0.63));
#13986=VECTOR('',#15363,0.37);
#13987=CARTESIAN_POINT('',(3.735,-0.34,1.0));
#13988=VECTOR('',#15364,0.06);
#13989=CARTESIAN_POINT('',(3.735,-0.34,-1.0));
#13990=CARTESIAN_POINT('',(3.735,-0.4,-1.0));
#13991=VECTOR('',#15365,0.06);
#13992=CARTESIAN_POINT('',(3.735,-0.34,-1.0));
#13993=VECTOR('',#15366,0.37);
#13994=CARTESIAN_POINT('',(3.615,-0.34,-1.0));
#13995=VECTOR('',#15367,0.12);
#13996=CARTESIAN_POINT('',(3.965,-0.34,1.0));
#13997=CARTESIAN_POINT('',(3.965,-0.34,1.0));
#13998=VECTOR('',#15368,0.06);
#13999=CARTESIAN_POINT('',(3.965,-0.34,0.63));
#14000=VECTOR('',#15369,0.37);
#14001=CARTESIAN_POINT('',(3.965,-0.34,-1.0));
#14002=CARTESIAN_POINT('',(3.965,-0.34,-1.0));
#14003=VECTOR('',#15370,0.37);
#14004=CARTESIAN_POINT('',(3.965,-0.4,-1.0));
#14005=VECTOR('',#15371,0.06);
#14006=CARTESIAN_POINT('',(4.085,-0.34,1.0));
#14007=CARTESIAN_POINT('',(3.965,-0.34,1.0));
#14008=VECTOR('',#15372,0.12);
#14009=CARTESIAN_POINT('',(4.085,-0.34,0.63));
#14010=VECTOR('',#15373,0.37);
#14011=CARTESIAN_POINT('',(4.085,-0.34,1.0));
#14012=VECTOR('',#15374,0.06);
#14013=CARTESIAN_POINT('',(4.085,-0.34,-1.0));
#14014=CARTESIAN_POINT('',(4.085,-0.4,-1.0));
#14015=VECTOR('',#15375,0.06);
#14016=CARTESIAN_POINT('',(4.085,-0.34,-1.0));
#14017=VECTOR('',#15376,0.37);
#14018=CARTESIAN_POINT('',(3.965,-0.34,-1.0));
#14019=VECTOR('',#15377,0.12);
#14020=CARTESIAN_POINT('',(4.315,-0.34,1.0));
#14021=CARTESIAN_POINT('',(4.315,-0.34,1.0));
#14022=VECTOR('',#15378,0.06);
#14023=CARTESIAN_POINT('',(4.315,-0.34,0.63));
#14024=VECTOR('',#15379,0.37);
#14025=CARTESIAN_POINT('',(4.315,-0.34,-1.0));
#14026=CARTESIAN_POINT('',(4.315,-0.34,-1.0));
#14027=VECTOR('',#15380,0.37);
#14028=CARTESIAN_POINT('',(4.315,-0.4,-1.0));
#14029=VECTOR('',#15381,0.06);
#14030=CARTESIAN_POINT('',(4.435,-0.34,1.0));
#14031=CARTESIAN_POINT('',(4.315,-0.34,1.0));
#14032=VECTOR('',#15382,0.12);
#14033=CARTESIAN_POINT('',(4.435,-0.34,0.63));
#14034=VECTOR('',#15383,0.37);
#14035=CARTESIAN_POINT('',(4.435,-0.34,1.0));
#14036=VECTOR('',#15384,0.06);
#14037=CARTESIAN_POINT('',(4.435,-0.34,-1.0));
#14038=CARTESIAN_POINT('',(4.435,-0.4,-1.0));
#14039=VECTOR('',#15385,0.06);
#14040=CARTESIAN_POINT('',(4.435,-0.34,-1.0));
#14041=VECTOR('',#15386,0.37);
#14042=CARTESIAN_POINT('',(4.315,-0.34,-1.0));
#14043=VECTOR('',#15387,0.12);
#14044=CARTESIAN_POINT('',(4.665,-0.34,1.0));
#14045=CARTESIAN_POINT('',(4.665,-0.34,1.0));
#14046=VECTOR('',#15388,0.06);
#14047=CARTESIAN_POINT('',(4.665,-0.34,0.63));
#14048=VECTOR('',#15389,0.37);
#14049=CARTESIAN_POINT('',(4.665,-0.34,-1.0));
#14050=CARTESIAN_POINT('',(4.665,-0.34,-1.0));
#14051=VECTOR('',#15390,0.37);
#14052=CARTESIAN_POINT('',(4.665,-0.4,-1.0));
#14053=VECTOR('',#15391,0.06);
#14054=CARTESIAN_POINT('',(4.785,-0.34,1.0));
#14055=CARTESIAN_POINT('',(4.665,-0.34,1.0));
#14056=VECTOR('',#15392,0.12);
#14057=CARTESIAN_POINT('',(4.785,-0.34,0.63));
#14058=VECTOR('',#15393,0.37);
#14059=CARTESIAN_POINT('',(4.785,-0.34,1.0));
#14060=VECTOR('',#15394,0.06);
#14061=CARTESIAN_POINT('',(4.785,-0.34,-1.0));
#14062=CARTESIAN_POINT('',(4.785,-0.4,-1.0));
#14063=VECTOR('',#15395,0.06);
#14064=CARTESIAN_POINT('',(4.785,-0.34,-1.0));
#14065=VECTOR('',#15396,0.37);
#14066=CARTESIAN_POINT('',(4.665,-0.34,-1.0));
#14067=VECTOR('',#15397,0.12);
#14068=CARTESIAN_POINT('',(5.015,-0.34,1.0));
#14069=CARTESIAN_POINT('',(5.015,-0.34,1.0));
#14070=VECTOR('',#15398,0.06);
#14071=CARTESIAN_POINT('',(5.015,-0.34,0.63));
#14072=VECTOR('',#15399,0.37);
#14073=CARTESIAN_POINT('',(5.015,-0.34,-1.0));
#14074=CARTESIAN_POINT('',(5.015,-0.34,-1.0));
#14075=VECTOR('',#15400,0.37);
#14076=CARTESIAN_POINT('',(5.015,-0.4,-1.0));
#14077=VECTOR('',#15401,0.06);
#14078=CARTESIAN_POINT('',(5.135,-0.34,1.0));
#14079=CARTESIAN_POINT('',(5.015,-0.34,1.0));
#14080=VECTOR('',#15402,0.12);
#14081=CARTESIAN_POINT('',(5.135,-0.34,0.63));
#14082=VECTOR('',#15403,0.37);
#14083=CARTESIAN_POINT('',(5.135,-0.34,1.0));
#14084=VECTOR('',#15404,0.06);
#14085=CARTESIAN_POINT('',(5.135,-0.34,-1.0));
#14086=CARTESIAN_POINT('',(5.135,-0.4,-1.0));
#14087=VECTOR('',#15405,0.06);
#14088=CARTESIAN_POINT('',(5.135,-0.34,-1.0));
#14089=VECTOR('',#15406,0.37);
#14090=CARTESIAN_POINT('',(5.015,-0.34,-1.0));
#14091=VECTOR('',#15407,0.12);
#14092=DIRECTION('',(0.0,0.0,-1.0));
#14093=DIRECTION('',(1.0,0.0,0.0));
#14094=DIRECTION('',(0.0,0.0,1.0));
#14095=DIRECTION('',(1.0,0.0,0.0));
#14096=DIRECTION('',(0.0,0.0,-1.0));
#14097=DIRECTION('',(1.0,0.0,0.0));
#14098=DIRECTION('',(0.0,0.0,-1.0));
#14099=DIRECTION('',(1.0,0.0,0.0));
#14100=DIRECTION('',(0.0,0.0,-1.0));
#14101=DIRECTION('',(1.0,0.0,0.0));
#14102=DIRECTION('',(0.0,0.0,-1.0));
#14103=DIRECTION('',(1.0,0.0,0.0));
#14104=DIRECTION('',(0.0,0.0,-1.0));
#14105=DIRECTION('',(1.0,0.0,0.0));
#14106=DIRECTION('',(0.0,0.0,-1.0));
#14107=DIRECTION('',(1.0,0.0,0.0));
#14108=DIRECTION('',(0.0,0.0,-1.0));
#14109=DIRECTION('',(1.0,0.0,0.0));
#14110=DIRECTION('',(0.0,0.0,-1.0));
#14111=DIRECTION('',(1.0,0.0,0.0));
#14112=DIRECTION('',(0.0,0.0,-1.0));
#14113=DIRECTION('',(1.0,0.0,0.0));
#14114=DIRECTION('',(0.0,0.0,-1.0));
#14115=DIRECTION('',(1.0,0.0,0.0));
#14116=DIRECTION('',(0.0,0.0,-1.0));
#14117=DIRECTION('',(1.0,0.0,0.0));
#14118=DIRECTION('',(0.0,0.0,-1.0));
#14119=DIRECTION('',(1.0,0.0,0.0));
#14120=DIRECTION('',(0.0,0.0,-1.0));
#14121=DIRECTION('',(1.0,0.0,0.0));
#14122=DIRECTION('',(0.0,0.0,-1.0));
#14123=DIRECTION('',(1.0,0.0,0.0));
#14124=DIRECTION('',(0.0,0.0,-1.0));
#14125=DIRECTION('',(1.0,0.0,0.0));
#14126=DIRECTION('',(0.0,0.0,-1.0));
#14127=DIRECTION('',(1.0,0.0,0.0));
#14128=DIRECTION('',(0.0,0.0,-1.0));
#14129=DIRECTION('',(1.0,0.0,0.0));
#14130=DIRECTION('',(0.0,0.0,-1.0));
#14131=DIRECTION('',(1.0,0.0,0.0));
#14132=DIRECTION('',(0.0,0.0,-1.0));
#14133=DIRECTION('',(1.0,0.0,0.0));
#14134=DIRECTION('',(0.0,0.0,-1.0));
#14135=DIRECTION('',(1.0,0.0,0.0));
#14136=DIRECTION('',(0.0,0.0,-1.0));
#14137=DIRECTION('',(1.0,0.0,0.0));
#14138=DIRECTION('',(0.0,0.0,-1.0));
#14139=DIRECTION('',(1.0,0.0,0.0));
#14140=DIRECTION('',(0.0,0.0,-1.0));
#14141=DIRECTION('',(1.0,0.0,0.0));
#14142=DIRECTION('',(0.0,0.0,-1.0));
#14143=DIRECTION('',(1.0,0.0,0.0));
#14144=DIRECTION('',(0.0,0.0,-1.0));
#14145=DIRECTION('',(1.0,0.0,0.0));
#14146=DIRECTION('',(0.0,0.0,-1.0));
#14147=DIRECTION('',(1.0,0.0,0.0));
#14148=DIRECTION('',(0.0,0.0,-1.0));
#14149=DIRECTION('',(1.0,0.0,0.0));
#14150=DIRECTION('',(0.0,0.0,-1.0));
#14151=DIRECTION('',(1.0,0.0,0.0));
#14152=DIRECTION('',(0.0,0.0,-1.0));
#14153=DIRECTION('',(1.0,0.0,0.0));
#14154=DIRECTION('',(0.0,0.0,-1.0));
#14155=DIRECTION('',(1.0,0.0,0.0));
#14156=DIRECTION('',(0.0,0.0,-1.0));
#14157=DIRECTION('',(1.0,0.0,0.0));
#14158=DIRECTION('',(0.0,0.0,-1.0));
#14159=DIRECTION('',(1.0,0.0,0.0));
#14160=DIRECTION('',(0.0,0.0,-1.0));
#14161=DIRECTION('',(1.0,0.0,0.0));
#14162=DIRECTION('',(0.0,0.0,-1.0));
#14163=DIRECTION('',(1.0,0.0,0.0));
#14164=DIRECTION('',(0.0,0.0,-1.0));
#14165=DIRECTION('',(1.0,0.0,0.0));
#14166=DIRECTION('',(0.0,0.0,-1.0));
#14167=DIRECTION('',(1.0,0.0,0.0));
#14168=DIRECTION('',(0.0,0.0,-1.0));
#14169=DIRECTION('',(1.0,0.0,0.0));
#14170=DIRECTION('',(0.0,0.0,-1.0));
#14171=DIRECTION('',(1.0,0.0,0.0));
#14172=DIRECTION('',(0.0,0.0,-1.0));
#14173=DIRECTION('',(1.0,0.0,0.0));
#14174=DIRECTION('',(0.0,0.0,-1.0));
#14175=DIRECTION('',(1.0,0.0,0.0));
#14176=DIRECTION('',(0.0,0.0,-1.0));
#14177=DIRECTION('',(1.0,0.0,0.0));
#14178=DIRECTION('',(0.0,0.0,-1.0));
#14179=DIRECTION('',(1.0,0.0,0.0));
#14180=DIRECTION('',(0.0,0.0,-1.0));
#14181=DIRECTION('',(1.0,0.0,0.0));
#14182=DIRECTION('',(0.0,0.0,-1.0));
#14183=DIRECTION('',(1.0,0.0,0.0));
#14184=DIRECTION('',(0.0,0.0,-1.0));
#14185=DIRECTION('',(1.0,0.0,0.0));
#14186=DIRECTION('',(0.0,0.0,-1.0));
#14187=DIRECTION('',(1.0,0.0,0.0));
#14188=DIRECTION('',(0.0,0.0,-1.0));
#14189=DIRECTION('',(1.0,0.0,0.0));
#14190=DIRECTION('',(0.0,0.0,-1.0));
#14191=DIRECTION('',(1.0,0.0,0.0));
#14192=DIRECTION('',(0.0,0.0,-1.0));
#14193=DIRECTION('',(1.0,0.0,0.0));
#14194=DIRECTION('',(0.0,0.0,-1.0));
#14195=DIRECTION('',(1.0,0.0,0.0));
#14196=DIRECTION('',(0.0,0.0,-1.0));
#14197=DIRECTION('',(1.0,0.0,0.0));
#14198=DIRECTION('',(0.0,0.0,-1.0));
#14199=DIRECTION('',(1.0,0.0,0.0));
#14200=DIRECTION('',(0.0,0.0,-1.0));
#14201=DIRECTION('',(1.0,0.0,0.0));
#14202=DIRECTION('',(0.0,0.0,-1.0));
#14203=DIRECTION('',(1.0,0.0,0.0));
#14204=DIRECTION('',(0.0,0.0,-1.0));
#14205=DIRECTION('',(1.0,0.0,0.0));
#14206=DIRECTION('',(0.0,0.0,-1.0));
#14207=DIRECTION('',(1.0,0.0,0.0));
#14208=DIRECTION('',(0.0,0.0,-1.0));
#14209=DIRECTION('',(1.0,0.0,0.0));
#14210=DIRECTION('',(0.0,0.0,-1.0));
#14211=DIRECTION('',(1.0,0.0,0.0));
#14212=DIRECTION('',(0.0,0.0,-1.0));
#14213=DIRECTION('',(1.0,0.0,0.0));
#14214=DIRECTION('',(0.0,0.0,-1.0));
#14215=DIRECTION('',(1.0,0.0,0.0));
#14216=DIRECTION('',(0.0,0.0,-1.0));
#14217=DIRECTION('',(1.0,0.0,0.0));
#14218=DIRECTION('',(0.0,0.0,-1.0));
#14219=DIRECTION('',(-1.0,0.0,0.0));
#14220=DIRECTION('',(0.0,0.0,-1.0));
#14221=DIRECTION('',(1.0,0.0,0.0));
#14222=DIRECTION('',(0.0,0.0,-1.0));
#14223=DIRECTION('',(-1.0,0.0,0.0));
#14224=DIRECTION('',(0.0,0.0,-1.0));
#14225=DIRECTION('',(1.0,0.0,0.0));
#14226=DIRECTION('',(0.0,0.0,-1.0));
#14227=DIRECTION('',(-1.0,0.0,0.0));
#14228=DIRECTION('',(0.0,0.0,-1.0));
#14229=DIRECTION('',(1.0,0.0,0.0));
#14230=DIRECTION('',(0.0,0.0,-1.0));
#14231=DIRECTION('',(-1.0,0.0,0.0));
#14232=DIRECTION('',(0.0,0.0,-1.0));
#14233=DIRECTION('',(1.0,0.0,0.0));
#14234=DIRECTION('',(0.0,0.0,-1.0));
#14235=DIRECTION('',(-1.0,0.0,0.0));
#14236=DIRECTION('',(0.0,0.0,-1.0));
#14237=DIRECTION('',(1.0,0.0,0.0));
#14238=DIRECTION('',(0.0,0.0,-1.0));
#14239=DIRECTION('',(-1.0,0.0,0.0));
#14240=DIRECTION('',(0.0,0.0,-1.0));
#14241=DIRECTION('',(1.0,0.0,0.0));
#14242=DIRECTION('',(0.0,0.0,-1.0));
#14243=DIRECTION('',(-1.0,0.0,0.0));
#14244=DIRECTION('',(0.0,0.0,-1.0));
#14245=DIRECTION('',(1.0,0.0,0.0));
#14246=DIRECTION('',(0.0,0.0,-1.0));
#14247=DIRECTION('',(-1.0,0.0,0.0));
#14248=DIRECTION('',(0.0,0.0,-1.0));
#14249=DIRECTION('',(1.0,0.0,0.0));
#14250=DIRECTION('',(0.0,0.0,-1.0));
#14251=DIRECTION('',(-1.0,0.0,0.0));
#14252=DIRECTION('',(0.0,0.0,-1.0));
#14253=DIRECTION('',(1.0,0.0,0.0));
#14254=DIRECTION('',(0.0,0.0,-1.0));
#14255=DIRECTION('',(-1.0,0.0,0.0));
#14256=DIRECTION('',(0.0,0.0,-1.0));
#14257=DIRECTION('',(1.0,0.0,0.0));
#14258=DIRECTION('',(0.0,0.0,-1.0));
#14259=DIRECTION('',(-1.0,0.0,0.0));
#14260=DIRECTION('',(0.0,0.0,-1.0));
#14261=DIRECTION('',(1.0,0.0,0.0));
#14262=DIRECTION('',(0.0,0.0,-1.0));
#14263=DIRECTION('',(-1.0,0.0,0.0));
#14264=DIRECTION('',(0.0,0.0,-1.0));
#14265=DIRECTION('',(1.0,0.0,0.0));
#14266=DIRECTION('',(0.0,0.0,-1.0));
#14267=DIRECTION('',(-1.0,0.0,0.0));
#14268=DIRECTION('',(0.0,0.0,-1.0));
#14269=DIRECTION('',(1.0,0.0,0.0));
#14270=DIRECTION('',(0.0,0.0,-1.0));
#14271=DIRECTION('',(-1.0,0.0,0.0));
#14272=DIRECTION('',(0.0,0.0,-1.0));
#14273=DIRECTION('',(1.0,0.0,0.0));
#14274=DIRECTION('',(0.0,0.0,-1.0));
#14275=DIRECTION('',(-1.0,0.0,0.0));
#14276=DIRECTION('',(0.0,0.0,-1.0));
#14277=DIRECTION('',(1.0,0.0,0.0));
#14278=DIRECTION('',(0.0,0.0,-1.0));
#14279=DIRECTION('',(-1.0,0.0,0.0));
#14280=DIRECTION('',(0.0,0.0,-1.0));
#14281=DIRECTION('',(1.0,0.0,0.0));
#14282=DIRECTION('',(0.0,0.0,-1.0));
#14283=DIRECTION('',(-1.0,0.0,0.0));
#14284=DIRECTION('',(0.0,0.0,-1.0));
#14285=DIRECTION('',(1.0,0.0,0.0));
#14286=DIRECTION('',(0.0,0.0,-1.0));
#14287=DIRECTION('',(-1.0,0.0,0.0));
#14288=DIRECTION('',(0.0,0.0,-1.0));
#14289=DIRECTION('',(1.0,0.0,0.0));
#14290=DIRECTION('',(0.0,0.0,-1.0));
#14291=DIRECTION('',(-1.0,0.0,0.0));
#14292=DIRECTION('',(0.0,0.0,-1.0));
#14293=DIRECTION('',(1.0,0.0,0.0));
#14294=DIRECTION('',(0.0,0.0,-1.0));
#14295=DIRECTION('',(-1.0,0.0,0.0));
#14296=DIRECTION('',(0.0,0.0,-1.0));
#14297=DIRECTION('',(1.0,0.0,0.0));
#14298=DIRECTION('',(0.0,0.0,-1.0));
#14299=DIRECTION('',(-1.0,0.0,0.0));
#14300=DIRECTION('',(0.0,0.0,-1.0));
#14301=DIRECTION('',(1.0,0.0,0.0));
#14302=DIRECTION('',(0.0,0.0,-1.0));
#14303=DIRECTION('',(-1.0,0.0,0.0));
#14304=DIRECTION('',(0.0,0.0,-1.0));
#14305=DIRECTION('',(1.0,0.0,0.0));
#14306=DIRECTION('',(0.0,0.0,-1.0));
#14307=DIRECTION('',(-1.0,0.0,0.0));
#14308=DIRECTION('',(0.0,0.0,-1.0));
#14309=DIRECTION('',(1.0,0.0,0.0));
#14310=DIRECTION('',(0.0,0.0,-1.0));
#14311=DIRECTION('',(-1.0,0.0,0.0));
#14312=DIRECTION('',(0.0,0.0,-1.0));
#14313=DIRECTION('',(1.0,0.0,0.0));
#14314=DIRECTION('',(0.0,0.0,-1.0));
#14315=DIRECTION('',(-1.0,0.0,0.0));
#14316=DIRECTION('',(0.0,0.0,-1.0));
#14317=DIRECTION('',(1.0,0.0,0.0));
#14318=DIRECTION('',(0.0,0.0,-1.0));
#14319=DIRECTION('',(-1.0,0.0,0.0));
#14320=DIRECTION('',(0.0,0.0,-1.0));
#14321=DIRECTION('',(1.0,0.0,0.0));
#14322=DIRECTION('',(0.0,0.0,-1.0));
#14323=DIRECTION('',(-1.0,0.0,0.0));
#14324=DIRECTION('',(0.0,0.0,-1.0));
#14325=DIRECTION('',(1.0,0.0,0.0));
#14326=DIRECTION('',(0.0,0.0,-1.0));
#14327=DIRECTION('',(-1.0,0.0,0.0));
#14328=DIRECTION('',(0.0,0.0,-1.0));
#14329=DIRECTION('',(1.0,0.0,0.0));
#14330=DIRECTION('',(0.0,0.0,-1.0));
#14331=DIRECTION('',(-1.0,0.0,0.0));
#14332=DIRECTION('',(0.0,0.0,1.0));
#14333=DIRECTION('',(1.0,0.0,0.0));
#14334=DIRECTION('',(0.0,0.0,-1.0));
#14335=DIRECTION('',(-1.0,0.0,0.0));
#14336=DIRECTION('',(0.0,0.0,-1.0));
#14337=DIRECTION('',(1.0,0.0,0.0));
#14338=DIRECTION('',(0.0,0.0,-1.0));
#14339=DIRECTION('',(-1.0,0.0,0.0));
#14340=DIRECTION('',(0.0,1.0,0.0));
#14341=DIRECTION('',(1.0,0.0,0.0));
#14342=DIRECTION('',(0.0,1.0,0.0));
#14343=DIRECTION('',(1.0,0.0,0.0));
#14344=DIRECTION('',(0.0,1.0,0.0));
#14345=DIRECTION('',(-1.0,0.0,0.0));
#14346=DIRECTION('',(0.0,1.0,0.0));
#14347=DIRECTION('',(1.0,0.0,0.0));
#14348=DIRECTION('',(0.0,1.0,0.0));
#14349=DIRECTION('',(0.0,1.0,0.0));
#14350=DIRECTION('',(1.0,0.0,0.0));
#14351=DIRECTION('',(0.0,1.0,0.0));
#14352=DIRECTION('',(0.0,1.0,0.0));
#14353=DIRECTION('',(1.0,0.0,0.0));
#14354=DIRECTION('',(0.0,1.0,0.0));
#14355=DIRECTION('',(0.0,1.0,0.0));
#14356=DIRECTION('',(1.0,0.0,0.0));
#14357=DIRECTION('',(0.0,1.0,0.0));
#14358=DIRECTION('',(0.0,1.0,0.0));
#14359=DIRECTION('',(1.0,0.0,0.0));
#14360=DIRECTION('',(0.0,1.0,0.0));
#14361=DIRECTION('',(0.0,1.0,0.0));
#14362=DIRECTION('',(1.0,0.0,0.0));
#14363=DIRECTION('',(0.0,1.0,0.0));
#14364=DIRECTION('',(0.0,1.0,0.0));
#14365=DIRECTION('',(1.0,0.0,0.0));
#14366=DIRECTION('',(0.0,1.0,0.0));
#14367=DIRECTION('',(0.0,1.0,0.0));
#14368=DIRECTION('',(1.0,0.0,0.0));
#14369=DIRECTION('',(0.0,1.0,0.0));
#14370=DIRECTION('',(0.0,1.0,0.0));
#14371=DIRECTION('',(1.0,0.0,0.0));
#14372=DIRECTION('',(0.0,1.0,0.0));
#14373=DIRECTION('',(0.0,1.0,0.0));
#14374=DIRECTION('',(1.0,0.0,0.0));
#14375=DIRECTION('',(0.0,1.0,0.0));
#14376=DIRECTION('',(0.0,1.0,0.0));
#14377=DIRECTION('',(1.0,0.0,0.0));
#14378=DIRECTION('',(0.0,1.0,0.0));
#14379=DIRECTION('',(0.0,1.0,0.0));
#14380=DIRECTION('',(1.0,0.0,0.0));
#14381=DIRECTION('',(0.0,1.0,0.0));
#14382=DIRECTION('',(0.0,1.0,0.0));
#14383=DIRECTION('',(1.0,0.0,0.0));
#14384=DIRECTION('',(0.0,1.0,0.0));
#14385=DIRECTION('',(0.0,1.0,0.0));
#14386=DIRECTION('',(1.0,0.0,0.0));
#14387=DIRECTION('',(0.0,1.0,0.0));
#14388=DIRECTION('',(0.0,1.0,0.0));
#14389=DIRECTION('',(1.0,0.0,0.0));
#14390=DIRECTION('',(0.0,1.0,0.0));
#14391=DIRECTION('',(0.0,1.0,0.0));
#14392=DIRECTION('',(1.0,0.0,0.0));
#14393=DIRECTION('',(0.0,1.0,0.0));
#14394=DIRECTION('',(0.0,1.0,0.0));
#14395=DIRECTION('',(1.0,0.0,0.0));
#14396=DIRECTION('',(0.0,1.0,0.0));
#14397=DIRECTION('',(0.0,1.0,0.0));
#14398=DIRECTION('',(1.0,0.0,0.0));
#14399=DIRECTION('',(0.0,1.0,0.0));
#14400=DIRECTION('',(0.0,1.0,0.0));
#14401=DIRECTION('',(1.0,0.0,0.0));
#14402=DIRECTION('',(0.0,1.0,0.0));
#14403=DIRECTION('',(0.0,1.0,0.0));
#14404=DIRECTION('',(1.0,0.0,0.0));
#14405=DIRECTION('',(0.0,1.0,0.0));
#14406=DIRECTION('',(0.0,1.0,0.0));
#14407=DIRECTION('',(1.0,0.0,0.0));
#14408=DIRECTION('',(0.0,1.0,0.0));
#14409=DIRECTION('',(0.0,1.0,0.0));
#14410=DIRECTION('',(1.0,0.0,0.0));
#14411=DIRECTION('',(0.0,1.0,0.0));
#14412=DIRECTION('',(0.0,1.0,0.0));
#14413=DIRECTION('',(1.0,0.0,0.0));
#14414=DIRECTION('',(0.0,1.0,0.0));
#14415=DIRECTION('',(0.0,1.0,0.0));
#14416=DIRECTION('',(1.0,0.0,0.0));
#14417=DIRECTION('',(0.0,1.0,0.0));
#14418=DIRECTION('',(0.0,1.0,0.0));
#14419=DIRECTION('',(1.0,0.0,0.0));
#14420=DIRECTION('',(0.0,1.0,0.0));
#14421=DIRECTION('',(0.0,1.0,0.0));
#14422=DIRECTION('',(1.0,0.0,0.0));
#14423=DIRECTION('',(0.0,1.0,0.0));
#14424=DIRECTION('',(0.0,1.0,0.0));
#14425=DIRECTION('',(1.0,0.0,0.0));
#14426=DIRECTION('',(0.0,1.0,0.0));
#14427=DIRECTION('',(0.0,1.0,0.0));
#14428=DIRECTION('',(1.0,0.0,0.0));
#14429=DIRECTION('',(0.0,1.0,0.0));
#14430=DIRECTION('',(0.0,1.0,0.0));
#14431=DIRECTION('',(1.0,0.0,0.0));
#14432=DIRECTION('',(0.0,1.0,0.0));
#14433=DIRECTION('',(0.0,1.0,0.0));
#14434=DIRECTION('',(1.0,0.0,0.0));
#14435=DIRECTION('',(0.0,1.0,0.0));
#14436=DIRECTION('',(0.0,1.0,0.0));
#14437=DIRECTION('',(1.0,0.0,0.0));
#14438=DIRECTION('',(0.0,1.0,0.0));
#14439=DIRECTION('',(0.0,1.0,0.0));
#14440=DIRECTION('',(1.0,0.0,0.0));
#14441=DIRECTION('',(0.0,0.0,-1.0));
#14442=CARTESIAN_POINT('',(-5.805,-0.05,-0.53));
#14443=DIRECTION('',(0.0,-1.0,0.0));
#14444=DIRECTION('',(-1.0,0.0,6.661338147751E-13));
#14445=DIRECTION('',(1.0,0.0,0.0));
#14446=DIRECTION('',(0.0,0.0,1.0));
#14447=DIRECTION('',(-1.0,0.0,0.0));
#14448=CARTESIAN_POINT('',(-5.805,-0.05,-0.53));
#14449=DIRECTION('',(0.0,1.0,0.0));
#14450=DIRECTION('',(0.0,0.0,-1.0));
#14451=DIRECTION('',(0.0,0.0,1.0));
#14452=DIRECTION('',(-1.0,0.0,0.0));
#14453=DIRECTION('',(0.0,0.0,1.0));
#14454=CARTESIAN_POINT('',(-5.805,-0.05,0.53));
#14455=DIRECTION('',(0.0,1.0,0.0));
#14456=DIRECTION('',(-1.0,0.0,-1.121325254871E-13));
#14457=DIRECTION('',(0.0,0.0,1.0));
#14458=DIRECTION('',(-1.0,0.0,0.0));
#14459=CARTESIAN_POINT('',(-5.805,-0.05,0.53));
#14460=DIRECTION('',(0.0,-1.0,0.0));
#14461=DIRECTION('',(8.881784197001E-14,0.0,1.0));
#14462=DIRECTION('',(0.0,0.0,-1.0));
#14463=DIRECTION('',(1.0,0.0,0.0));
#14464=DIRECTION('',(0.0,0.0,-1.0));
#14465=CARTESIAN_POINT('',(5.805,-0.05,-0.53));
#14466=DIRECTION('',(-0.0,1.0,0.0));
#14467=DIRECTION('',(1.0,0.0,1.121325254871E-13));
#14468=DIRECTION('',(-1.0,0.0,0.0));
#14469=DIRECTION('',(0.0,0.0,-1.0));
#14470=DIRECTION('',(1.0,0.0,0.0));
#14471=CARTESIAN_POINT('',(5.805,-0.05,-0.53));
#14472=DIRECTION('',(0.0,-1.0,-0.0));
#14473=DIRECTION('',(-2.6645352591E-13,0.0,-1.0));
#14474=DIRECTION('',(0.0,0.0,1.0));
#14475=DIRECTION('',(-1.0,0.0,0.0));
#14476=DIRECTION('',(0.0,0.0,1.0));
#14477=CARTESIAN_POINT('',(5.805,-0.05,0.53));
#14478=DIRECTION('',(0.0,-1.0,0.0));
#14479=DIRECTION('',(1.0,0.0,3.330669073876E-13));
#14480=DIRECTION('',(-1.0,0.0,0.0));
#14481=DIRECTION('',(0.0,0.0,-1.0));
#14482=CARTESIAN_POINT('',(5.805,-0.05,0.53));
#14483=DIRECTION('',(0.0,1.0,0.0));
#14484=DIRECTION('',(0.0,0.0,1.0));
#14485=DIRECTION('',(0.0,0.0,-1.0));
#14486=DIRECTION('',(1.0,0.0,0.0));
#14487=DIRECTION('',(-1.0,0.0,0.0));
#14488=DIRECTION('',(0.0,-0.707106781186547,0.707106781186547));
#14489=DIRECTION('',(0.0,0.707106781186547,-0.707106781186547));
#14490=DIRECTION('',(0.0,0.0,1.0));
#14491=DIRECTION('',(0.0,1.0,0.0));
#14492=DIRECTION('',(0.0,1.0,0.0));
#14493=DIRECTION('',(0.0,0.0,1.0));
#14494=DIRECTION('',(0.0,0.707106781186548,0.707106781186548));
#14495=DIRECTION('',(0.0,0.0,1.0));
#14496=DIRECTION('',(0.0,1.0,0.0));
#14497=DIRECTION('',(0.0,-0.707106781186547,-0.707106781186547));
#14498=DIRECTION('',(0.0,1.0,0.0));
#14499=DIRECTION('',(0.0,0.0,1.0));
#14500=DIRECTION('',(0.0,-0.707106781186548,0.707106781186548));
#14501=DIRECTION('',(-1.0,-2.918874721118E-09,-2.918874499073E-09));
#14502=DIRECTION('',(4.76791862199232E-09,0.707106781186547,0.707106781186547));
#14503=DIRECTION('',(-1.0,-2.432395634658E-09,-2.432395856703E-09));
#14504=CARTESIAN_POINT('',(-5.655,-0.33,-0.1));
#14505=DIRECTION('',(-0.0,1.0,0.0));
#14506=DIRECTION('',(1.0,0.0,0.0));
#14507=DIRECTION('',(3.096101107227E-10,-3.096156618377E-10,-1.0));
#14508=CARTESIAN_POINT('',(-5.655,-0.33,0.1));
#14509=DIRECTION('',(0.0,1.0,0.0));
#14510=DIRECTION('',(0.0,0.0,1.0));
#14511=DIRECTION('',(1.0,4.369406229444E-09,-4.369406007399E-09));
#14512=DIRECTION('',(1.0,0.0,0.0));
#14513=DIRECTION('',(0.0,0.0,-1.0));
#14514=DIRECTION('',(-1.0,0.0,0.0));
#14515=CARTESIAN_POINT('',(5.655,-0.33,0.1));
#14516=DIRECTION('',(0.0,1.0,0.0));
#14517=DIRECTION('',(-1.0,0.0,0.0));
#14518=DIRECTION('',(-3.096101107227E-10,-3.096167720607E-10,1.0));
#14519=CARTESIAN_POINT('',(5.655,-0.33,-0.1));
#14520=DIRECTION('',(0.0,1.0,0.0));
#14521=DIRECTION('',(0.0,0.0,-1.0));
#14522=DIRECTION('',(-1.0,4.369406007399E-09,4.369406229444E-09));
#14523=DIRECTION('',(0.0,0.0,1.0));
#14524=DIRECTION('',(-1.0,0.0,0.0));
#14525=DIRECTION('',(0.0,0.0,1.0));
#14526=DIRECTION('',(1.0,0.0,0.0));
#14527=DIRECTION('',(0.0,0.0,1.0));
#14528=DIRECTION('',(1.0,-2.432396078748E-09,2.432395190569E-09));
#14529=DIRECTION('',(0.0,-1.0,0.0));
#14530=DIRECTION('',(0.0,-1.0,0.0));
#14531=DIRECTION('',(-1.0,0.0,0.0));
#14532=DIRECTION('',(-1.0,0.0,0.0));
#14533=DIRECTION('',(0.0,0.707106781186547,-0.707106781186547));
#14534=DIRECTION('',(-1.0,0.0,0.0));
#14535=DIRECTION('',(0.0,0.707106781186548,-0.707106781186548));
#14536=DIRECTION('',(0.0,-0.707106781186548,0.707106781186548));
#14537=DIRECTION('',(0.0,-1.0,0.0));
#14538=DIRECTION('',(0.0,-0.707106781186548,-0.707106781186548));
#14539=DIRECTION('',(0.0,1.0,0.0));
#14540=DIRECTION('',(0.0,0.0,1.0));
#14541=DIRECTION('',(0.0,-1.0,0.0));
#14542=DIRECTION('',(-1.0,0.0,0.0));
#14543=DIRECTION('',(0.0,1.0,0.0));
#14544=DIRECTION('',(0.0,1.0,0.0));
#14545=DIRECTION('',(0.0,0.0,-1.0));
#14546=DIRECTION('',(0.0,0.0,-1.0));
#14547=DIRECTION('',(0.0,-1.0,0.0));
#14548=DIRECTION('',(0.0,-0.707106781186547,-0.707106781186547));
#14549=DIRECTION('',(0.0,0.0,-1.0));
#14550=DIRECTION('',(0.0,-1.0,0.0));
#14551=DIRECTION('',(0.0,0.0,-1.0));
#14552=CARTESIAN_POINT('',(-5.805,0.31,0.49));
#14553=DIRECTION('',(0.0,0.0,1.0));
#14554=DIRECTION('',(-0.111111111111101,0.993807989999908,0.0));
#14555=DIRECTION('',(0.0,0.0,-1.0));
#14556=CARTESIAN_POINT('',(-5.805,0.31,-0.49));
#14557=DIRECTION('',(0.0,0.0,-1.0));
#14558=DIRECTION('',(-1.0,0.0,0.0));
#14559=DIRECTION('',(0.0,1.0,0.0));
#14560=DIRECTION('',(-1.0,0.0,0.0));
#14561=DIRECTION('',(0.0,0.0,1.0));
#14562=DIRECTION('',(4.44078435458305E-14,0.00696584224228108,-0.999975738226611));
#14563=DIRECTION('',(0.0,-1.0,0.0));
#14564=DIRECTION('',(0.0,-1.0,0.0));
#14565=CARTESIAN_POINT('',(-5.805,0.4,-0.53));
#14566=DIRECTION('',(0.0,1.0,0.0));
#14567=DIRECTION('',(0.0,0.0,-1.0));
#14568=DIRECTION('',(8.881784197001E-14,5.828670879282E-14,-1.0));
#14569=DIRECTION('',(-1.0,-2.405483220021E-14,0.0));
#14570=DIRECTION('',(0.0,-0.00696584224228008,-0.999975738226611));
#14571=CARTESIAN_POINT('',(-5.805,0.4,0.53));
#14572=DIRECTION('',(0.0,1.0,0.0));
#14573=DIRECTION('',(-1.0,0.0,-6.661338147751E-13));
#14574=DIRECTION('',(1.0,2.405483220021E-14,0.0));
#14575=DIRECTION('',(1.33226762955E-13,1.7763568394E-13,1.0));
#14576=DIRECTION('',(-1.0,0.0,0.0));
#14577=DIRECTION('',(0.0,-3.330669073875E-14,-1.0));
#14578=DIRECTION('',(1.0,0.0,0.0));
#14579=DIRECTION('',(4.440892098501E-14,-3.608224830032E-14,-1.0));
#14580=DIRECTION('',(-1.0,0.0,0.0));
#14581=DIRECTION('',(-8.881784197003E-14,-6.383782391596E-14,1.0));
#14582=DIRECTION('',(1.0,0.0,0.0));
#14583=CARTESIAN_POINT('',(5.805,0.4,0.53));
#14584=DIRECTION('',(0.0,1.0,0.0));
#14585=DIRECTION('',(-2.6645352591E-13,0.0,1.0));
#14586=DIRECTION('',(0.0,0.00696584224228108,0.999975738226611));
#14587=DIRECTION('',(0.0,0.0,1.0));
#14588=DIRECTION('',(0.0,-0.00696584224228208,0.999975738226611));
#14589=CARTESIAN_POINT('',(5.805,0.4,-0.53));
#14590=DIRECTION('',(0.0,1.0,0.0));
#14591=DIRECTION('',(1.0,0.0,-3.330669073876E-13));
#14592=DIRECTION('',(-1.0,0.0,0.0));
#14593=DIRECTION('',(0.0,0.0,-1.0));
#14594=DIRECTION('',(1.0,0.0,0.0));
#14595=DIRECTION('',(0.0,-3.330669073875E-14,1.0));
#14596=DIRECTION('',(-1.0,0.0,0.0));
#14597=DIRECTION('',(-4.440892098501E-14,-3.608224830032E-14,1.0));
#14598=DIRECTION('',(1.0,0.0,0.0));
#14599=DIRECTION('',(-1.0,0.0,0.0));
#14600=DIRECTION('',(0.0,0.0,-1.0));
#14601=DIRECTION('',(1.0,0.0,0.0));
#14602=DIRECTION('',(0.0,0.0,1.0));
#14603=DIRECTION('',(0.0,0.0,1.0));
#14604=DIRECTION('',(-1.0,0.0,0.0));
#14605=DIRECTION('',(0.0,0.0,-1.0));
#14606=DIRECTION('',(0.0,-1.0,0.0));
#14607=DIRECTION('',(0.0,0.0,1.0));
#14608=DIRECTION('',(0.0,-1.0,0.0));
#14609=DIRECTION('',(-1.0,0.0,0.0));
#14610=DIRECTION('',(0.0,-1.0,0.0));
#14611=DIRECTION('',(1.0,0.0,0.0));
#14612=DIRECTION('',(0.0,0.0,-1.0));
#14613=DIRECTION('',(0.0,-1.0,0.0));
#14614=DIRECTION('',(1.0,0.0,0.0));
#14615=CARTESIAN_POINT('',(-5.315,0.31,-0.52));
#14616=DIRECTION('',(1.0,0.0,0.0));
#14617=DIRECTION('',(0.0,0.0,-1.0));
#14618=DIRECTION('',(1.0,0.0,0.0));
#14619=CARTESIAN_POINT('',(-5.775,0.31,-0.52));
#14620=DIRECTION('',(-1.0,0.0,0.0));
#14621=DIRECTION('',(0.0,0.974996043043575,-0.222222222222194));
#14622=CARTESIAN_POINT('',(-5.775,0.31,-0.52));
#14623=DIRECTION('',(-1.0,0.0,0.0));
#14624=DIRECTION('',(0.0,1.0,0.0));
#14625=DIRECTION('',(0.0,-1.0,0.0));
#14626=DIRECTION('',(1.0,0.0,0.0));
#14627=DIRECTION('',(0.0,1.0,0.0));
#14628=DIRECTION('',(1.0,0.0,0.0));
#14629=DIRECTION('',(0.0,-1.0,0.0));
#14630=DIRECTION('',(0.707106781186598,-0.707106781186498,0.0));
#14631=DIRECTION('',(0.675033747368223,0.737786852630225,0.0));
#14632=CARTESIAN_POINT('',(-5.365,-0.25,-0.54));
#14633=DIRECTION('',(0.0,0.0,1.0));
#14634=DIRECTION('',(0.737786852630225,-0.675033747368223,0.0));
#14635=DIRECTION('',(0.0,-1.0,0.0));
#14636=DIRECTION('',(1.0,0.0,0.0));
#14637=DIRECTION('',(1.973729821556E-14,1.0,0.0));
#14638=DIRECTION('',(0.0,-1.0,0.0));
#14639=DIRECTION('',(1.0,0.0,0.0));
#14640=DIRECTION('',(0.0,-1.0,0.0));
#14641=DIRECTION('',(-1.0,0.0,0.0));
#14642=DIRECTION('',(0.0,-1.0,0.0));
#14643=DIRECTION('',(0.0,0.0,-1.0));
#14644=DIRECTION('',(0.0,0.0,-1.0));
#14645=DIRECTION('',(0.707106781186598,-0.707106781186498,0.0));
#14646=DIRECTION('',(0.0,1.0,0.0));
#14647=CARTESIAN_POINT('',(-5.365,-0.25,-0.61));
#14648=DIRECTION('',(0.0,0.0,1.0));
#14649=DIRECTION('',(0.737786852630225,-0.675033747368223,0.0));
#14650=DIRECTION('',(0.675033747368223,0.737786852630225,0.0));
#14651=DIRECTION('',(0.0,1.0,0.0));
#14652=DIRECTION('',(1.0,0.0,0.0));
#14653=DIRECTION('',(0.0,-1.0,0.0));
#14654=DIRECTION('',(1.0,0.0,0.0));
#14655=DIRECTION('',(0.0,1.0,0.0));
#14656=DIRECTION('',(-1.0,0.0,0.0));
#14657=DIRECTION('',(0.0,-1.0,0.0));
#14658=DIRECTION('',(1.0,0.0,0.0));
#14659=DIRECTION('',(0.0,-1.0,0.0));
#14660=DIRECTION('',(0.0,1.0,0.0));
#14661=DIRECTION('',(1.0,0.0,0.0));
#14662=DIRECTION('',(0.0,1.0,0.0));
#14663=DIRECTION('',(-1.0,0.0,0.0));
#14664=DIRECTION('',(0.0,1.0,0.0));
#14665=DIRECTION('',(0.707106781186498,0.707106781186598,0.0));
#14666=DIRECTION('',(1.0,0.0,0.0));
#14667=DIRECTION('',(0.0,1.0,0.0));
#14668=DIRECTION('',(1.0,0.0,0.0));
#14669=DIRECTION('',(0.0,-1.0,0.0));
#14670=DIRECTION('',(0.675033747368223,-0.737786852630225,0.0));
#14671=CARTESIAN_POINT('',(5.365,-0.25,-0.61));
#14672=DIRECTION('',(0.0,0.0,1.0));
#14673=DIRECTION('',(-1.0,0.0,0.0));
#14674=DIRECTION('',(0.0,1.0,0.0));
#14675=DIRECTION('',(1.0,0.0,0.0));
#14676=DIRECTION('',(0.0,0.0,-1.0));
#14677=DIRECTION('',(0.0,0.0,-1.0));
#14678=DIRECTION('',(0.0,0.0,-1.0));
#14679=DIRECTION('',(0.0,0.0,-1.0));
#14680=DIRECTION('',(0.0,0.0,1.0));
#14681=DIRECTION('',(0.0,1.0,0.0));
#14682=DIRECTION('',(0.0,1.0,0.0));
#14683=DIRECTION('',(-1.0,0.0,0.0));
#14684=DIRECTION('',(0.0,1.0,0.0));
#14685=DIRECTION('',(1.0,0.0,0.0));
#14686=DIRECTION('',(0.0,1.0,0.0));
#14687=DIRECTION('',(0.0,1.0,0.0));
#14688=DIRECTION('',(0.0,1.0,0.0));
#14689=DIRECTION('',(1.0,0.0,0.0));
#14690=DIRECTION('',(0.0,1.0,0.0));
#14691=DIRECTION('',(0.0,1.0,0.0));
#14692=DIRECTION('',(1.0,0.0,0.0));
#14693=DIRECTION('',(0.0,1.0,0.0));
#14694=DIRECTION('',(0.0,1.0,0.0));
#14695=DIRECTION('',(1.0,0.0,0.0));
#14696=DIRECTION('',(0.0,1.0,0.0));
#14697=DIRECTION('',(0.0,1.0,0.0));
#14698=DIRECTION('',(1.0,0.0,0.0));
#14699=DIRECTION('',(0.0,1.0,0.0));
#14700=DIRECTION('',(0.0,1.0,0.0));
#14701=DIRECTION('',(1.0,0.0,0.0));
#14702=DIRECTION('',(0.0,1.0,0.0));
#14703=DIRECTION('',(0.0,1.0,0.0));
#14704=DIRECTION('',(1.0,0.0,0.0));
#14705=DIRECTION('',(0.0,1.0,0.0));
#14706=DIRECTION('',(0.0,1.0,0.0));
#14707=DIRECTION('',(1.0,0.0,0.0));
#14708=DIRECTION('',(0.0,1.0,0.0));
#14709=DIRECTION('',(0.0,1.0,0.0));
#14710=DIRECTION('',(1.0,0.0,0.0));
#14711=DIRECTION('',(0.0,1.0,0.0));
#14712=DIRECTION('',(0.0,1.0,0.0));
#14713=DIRECTION('',(1.0,0.0,0.0));
#14714=DIRECTION('',(0.0,1.0,0.0));
#14715=DIRECTION('',(0.0,1.0,0.0));
#14716=DIRECTION('',(1.0,0.0,0.0));
#14717=DIRECTION('',(0.0,1.0,0.0));
#14718=DIRECTION('',(0.0,1.0,0.0));
#14719=DIRECTION('',(1.0,0.0,0.0));
#14720=DIRECTION('',(0.0,1.0,0.0));
#14721=DIRECTION('',(0.0,1.0,0.0));
#14722=DIRECTION('',(1.0,0.0,0.0));
#14723=DIRECTION('',(0.0,1.0,0.0));
#14724=DIRECTION('',(0.0,1.0,0.0));
#14725=DIRECTION('',(1.0,0.0,0.0));
#14726=DIRECTION('',(0.0,1.0,0.0));
#14727=DIRECTION('',(0.0,1.0,0.0));
#14728=DIRECTION('',(1.0,0.0,0.0));
#14729=DIRECTION('',(0.0,1.0,0.0));
#14730=DIRECTION('',(0.0,1.0,0.0));
#14731=DIRECTION('',(1.0,0.0,0.0));
#14732=DIRECTION('',(0.0,1.0,0.0));
#14733=DIRECTION('',(0.0,1.0,0.0));
#14734=DIRECTION('',(1.0,0.0,0.0));
#14735=DIRECTION('',(0.0,1.0,0.0));
#14736=DIRECTION('',(0.0,1.0,0.0));
#14737=DIRECTION('',(1.0,0.0,0.0));
#14738=DIRECTION('',(0.0,1.0,0.0));
#14739=DIRECTION('',(0.0,1.0,0.0));
#14740=DIRECTION('',(1.0,0.0,0.0));
#14741=DIRECTION('',(0.0,1.0,0.0));
#14742=DIRECTION('',(0.0,1.0,0.0));
#14743=DIRECTION('',(1.0,0.0,0.0));
#14744=DIRECTION('',(0.0,1.0,0.0));
#14745=DIRECTION('',(0.0,1.0,0.0));
#14746=DIRECTION('',(1.0,0.0,0.0));
#14747=DIRECTION('',(0.0,1.0,0.0));
#14748=DIRECTION('',(0.0,1.0,0.0));
#14749=DIRECTION('',(1.0,0.0,0.0));
#14750=DIRECTION('',(0.0,1.0,0.0));
#14751=DIRECTION('',(0.0,1.0,0.0));
#14752=DIRECTION('',(1.0,0.0,0.0));
#14753=DIRECTION('',(0.0,1.0,0.0));
#14754=DIRECTION('',(0.0,1.0,0.0));
#14755=DIRECTION('',(1.0,0.0,0.0));
#14756=DIRECTION('',(0.0,1.0,0.0));
#14757=DIRECTION('',(0.0,1.0,0.0));
#14758=DIRECTION('',(1.0,0.0,0.0));
#14759=DIRECTION('',(0.0,1.0,0.0));
#14760=DIRECTION('',(-1.480297366167E-14,1.0,0.0));
#14761=DIRECTION('',(1.0,0.0,0.0));
#14762=DIRECTION('',(0.0,1.0,0.0));
#14763=DIRECTION('',(-1.480297366167E-14,1.0,0.0));
#14764=DIRECTION('',(1.0,0.0,0.0));
#14765=DIRECTION('',(0.0,1.0,0.0));
#14766=DIRECTION('',(0.0,1.0,0.0));
#14767=DIRECTION('',(1.0,0.0,0.0));
#14768=DIRECTION('',(0.0,1.0,0.0));
#14769=DIRECTION('',(0.0,1.0,0.0));
#14770=DIRECTION('',(1.0,0.0,0.0));
#14771=DIRECTION('',(0.0,1.0,0.0));
#14772=DIRECTION('',(0.0,1.0,0.0));
#14773=DIRECTION('',(1.0,0.0,0.0));
#14774=DIRECTION('',(0.0,1.0,0.0));
#14775=DIRECTION('',(0.0,1.0,0.0));
#14776=DIRECTION('',(1.0,0.0,0.0));
#14777=DIRECTION('',(0.0,1.0,0.0));
#14778=DIRECTION('',(0.0,1.0,0.0));
#14779=DIRECTION('',(-1.0,0.0,0.0));
#14780=DIRECTION('',(0.0,0.0,-1.0));
#14781=DIRECTION('',(0.0,-1.0,0.0));
#14782=DIRECTION('',(0.0,0.0,-1.0));
#14783=DIRECTION('',(0.0,-1.0,0.0));
#14784=DIRECTION('',(0.0,0.0,-1.0));
#14785=DIRECTION('',(0.707106781186498,0.707106781186598,0.0));
#14786=DIRECTION('',(0.0,0.0,-1.0));
#14787=DIRECTION('',(1.0,0.0,0.0));
#14788=DIRECTION('',(0.0,0.0,-1.0));
#14789=DIRECTION('',(0.0,1.0,0.0));
#14790=DIRECTION('',(0.0,1.0,0.0));
#14791=DIRECTION('',(0.0,0.0,1.0));
#14792=DIRECTION('',(0.0,1.0,0.0));
#14793=DIRECTION('',(0.0,0.0,-1.0));
#14794=DIRECTION('',(-1.0,0.0,0.0));
#14795=DIRECTION('',(0.0,0.0,1.0));
#14796=DIRECTION('',(0.0,0.0,-1.0));
#14797=DIRECTION('',(-1.0,0.0,0.0));
#14798=DIRECTION('',(0.0,0.0,1.0));
#14799=DIRECTION('',(-8.881784197001E-14,-1.0,0.0));
#14800=DIRECTION('',(-1.973729821556E-14,1.0,0.0));
#14801=DIRECTION('',(0.0,0.0,-1.0));
#14802=DIRECTION('',(0.0,1.0,0.0));
#14803=DIRECTION('',(0.0,0.0,-1.0));
#14804=DIRECTION('',(-1.0,0.0,0.0));
#14805=DIRECTION('',(0.0,0.0,1.0));
#14806=DIRECTION('',(1.0,0.0,0.0));
#14807=DIRECTION('',(0.0,0.0,-1.0));
#14808=DIRECTION('',(1.0,0.0,0.0));
#14809=DIRECTION('',(-1.0,0.0,0.0));
#14810=DIRECTION('',(0.0,-1.0,0.0));
#14811=DIRECTION('',(0.0,0.0,-1.0));
#14812=DIRECTION('',(0.0,1.0,0.0));
#14813=DIRECTION('',(0.0,1.0,0.0));
#14814=DIRECTION('',(0.0,0.0,-1.0));
#14815=DIRECTION('',(-4.440892098501E-14,1.0,0.0));
#14816=DIRECTION('',(1.0,0.0,0.0));
#14817=DIRECTION('',(1.0,0.0,0.0));
#14818=CARTESIAN_POINT('',(-5.805,-0.38,-0.53));
#14819=DIRECTION('',(0.0,1.0,0.0));
#14820=DIRECTION('',(0.0,0.0,-1.0));
#14821=DIRECTION('',(0.0,0.0,1.0));
#14822=DIRECTION('',(1.0,0.0,0.0));
#14823=DIRECTION('',(0.0,0.0,1.0));
#14824=DIRECTION('',(1.0,0.0,0.0));
#14825=DIRECTION('',(1.0,0.0,0.0));
#14826=CARTESIAN_POINT('',(5.805,-0.38,-0.53));
#14827=DIRECTION('',(-0.0,1.0,0.0));
#14828=DIRECTION('',(1.0,0.0,5.773159728051E-14));
#14829=DIRECTION('',(0.0,0.0,-1.0));
#14830=DIRECTION('',(-1.0,2.62164395438E-09,2.621643732335E-09));
#14831=CARTESIAN_POINT('',(5.655,-0.38,-0.1));
#14832=DIRECTION('',(0.0,1.0,0.0));
#14833=DIRECTION('',(0.0,0.0,-1.0));
#14834=DIRECTION('',(-3.715339081199E-10,-3.715389041234E-10,1.0));
#14835=CARTESIAN_POINT('',(5.655,-0.38,0.1));
#14836=DIRECTION('',(0.0,1.0,0.0));
#14837=DIRECTION('',(-1.0,0.0,0.0));
#14838=DIRECTION('',(1.0,-2.918875609296E-09,2.918873832939E-09));
#14839=DIRECTION('',(0.0,0.0,-1.0));
#14840=CARTESIAN_POINT('',(5.805,-0.38,0.53));
#14841=DIRECTION('',(0.0,1.0,0.0));
#14842=DIRECTION('',(0.0,0.0,1.0));
#14843=DIRECTION('',(0.0,0.0,-1.0));
#14844=DIRECTION('',(-1.0,0.0,0.0));
#14845=DIRECTION('',(1.0,0.0,0.0));
#14846=DIRECTION('',(-1.0,0.0,0.0));
#14847=DIRECTION('',(0.0,0.0,1.0));
#14848=DIRECTION('',(1.0,0.0,0.0));
#14849=DIRECTION('',(0.0,0.0,1.0));
#14850=DIRECTION('',(-1.0,0.0,0.0));
#14851=DIRECTION('',(1.0,0.0,0.0));
#14852=DIRECTION('',(-1.0,0.0,0.0));
#14853=DIRECTION('',(0.0,0.0,1.0));
#14854=CARTESIAN_POINT('',(-5.805,-0.38,0.53));
#14855=DIRECTION('',(0.0,1.0,0.0));
#14856=DIRECTION('',(-1.0,0.0,-6.328271240363E-14));
#14857=DIRECTION('',(1.0,2.62164395438E-09,-2.621643288246E-09));
#14858=CARTESIAN_POINT('',(-5.655,-0.38,0.1));
#14859=DIRECTION('',(0.0,1.0,0.0));
#14860=DIRECTION('',(0.0,0.0,1.0));
#14861=DIRECTION('',(3.715427899039E-10,-3.715414021252E-10,-1.0));
#14862=CARTESIAN_POINT('',(-5.655,-0.38,-0.1));
#14863=DIRECTION('',(-0.0,1.0,0.0));
#14864=DIRECTION('',(1.0,0.0,0.0));
#14865=DIRECTION('',(-0.707106781186547,0.707106781186547,1.31736170465109E-08));
#14866=DIRECTION('',(-0.707106781186547,0.707106781186547,4.76794492104132E-09));
#14867=DIRECTION('',(5.26998388967034E-08,0.707106781186546,-0.707106781186546));
#14868=DIRECTION('',(0.0,0.0,1.0));
#14869=DIRECTION('',(0.0,-1.0,0.0));
#14870=DIRECTION('',(0.0,-1.0,0.0));
#14871=DIRECTION('',(0.0,0.0,1.0));
#14872=DIRECTION('',(0.0,1.0,0.0));
#14873=DIRECTION('',(0.0,-1.0,0.0));
#14874=DIRECTION('',(1.0,0.0,0.0));
#14875=DIRECTION('',(0.0,-1.0,0.0));
#14876=DIRECTION('',(-1.0,0.0,0.0));
#14877=DIRECTION('',(0.707106781186598,-0.707106781186498,0.0));
#14878=DIRECTION('',(1.0,0.0,0.0));
#14879=DIRECTION('',(0.0,-1.0,0.0));
#14880=DIRECTION('',(1.0,0.0,0.0));
#14881=DIRECTION('',(0.0,1.0,0.0));
#14882=DIRECTION('',(0.675033747368223,0.737786852630225,0.0));
#14883=CARTESIAN_POINT('',(-5.365,-0.25,0.61));
#14884=DIRECTION('',(0.0,0.0,1.0));
#14885=DIRECTION('',(0.737786852630225,-0.675033747368223,0.0));
#14886=DIRECTION('',(0.0,1.0,0.0));
#14887=DIRECTION('',(-1.0,0.0,0.0));
#14888=DIRECTION('',(0.0,1.0,0.0));
#14889=CARTESIAN_POINT('',(5.365,-0.25,0.61));
#14890=DIRECTION('',(0.0,0.0,1.0));
#14891=DIRECTION('',(-1.0,0.0,0.0));
#14892=DIRECTION('',(0.675033747368223,-0.737786852630225,0.0));
#14893=DIRECTION('',(0.0,-1.0,0.0));
#14894=DIRECTION('',(1.0,0.0,0.0));
#14895=DIRECTION('',(0.0,1.0,0.0));
#14896=DIRECTION('',(1.0,0.0,0.0));
#14897=DIRECTION('',(0.707106781186498,0.707106781186598,0.0));
#14898=DIRECTION('',(0.0,1.0,0.0));
#14899=DIRECTION('',(-1.0,0.0,0.0));
#14900=DIRECTION('',(0.0,1.0,0.0));
#14901=DIRECTION('',(1.0,0.0,0.0));
#14902=DIRECTION('',(0.0,1.0,0.0));
#14903=DIRECTION('',(-1.0,0.0,0.0));
#14904=CARTESIAN_POINT('',(-5.315,0.31,0.52));
#14905=DIRECTION('',(1.0,0.0,0.0));
#14906=DIRECTION('',(0.0,1.0,0.0));
#14907=CARTESIAN_POINT('',(-5.775,0.31,0.52));
#14908=DIRECTION('',(-1.0,0.0,0.0));
#14909=DIRECTION('',(0.0,0.974996043043575,0.222222222222194));
#14910=CARTESIAN_POINT('',(-5.775,0.31,0.52));
#14911=DIRECTION('',(-1.0,0.0,0.0));
#14912=DIRECTION('',(0.0,0.0,1.0));
#14913=DIRECTION('',(0.0,-1.0,0.0));
#14914=DIRECTION('',(0.0,0.0,1.0));
#14915=DIRECTION('',(0.0,0.0,1.0));
#14916=DIRECTION('',(1.0,0.0,0.0));
#14917=DIRECTION('',(0.0,1.0,0.0));
#14918=DIRECTION('',(1.0,0.0,0.0));
#14919=DIRECTION('',(0.707106781186598,-0.707106781186498,0.0));
#14920=DIRECTION('',(0.0,-1.0,0.0));
#14921=CARTESIAN_POINT('',(-5.365,-0.25,0.54));
#14922=DIRECTION('',(0.0,0.0,1.0));
#14923=DIRECTION('',(0.737786852630176,-0.675033747368278,0.0));
#14924=DIRECTION('',(0.675033747368223,0.737786852630225,0.0));
#14925=DIRECTION('',(1.973729821556E-14,1.0,0.0));
#14926=DIRECTION('',(0.0,-1.0,0.0));
#14927=DIRECTION('',(-1.0,0.0,0.0));
#14928=DIRECTION('',(0.0,-1.0,0.0));
#14929=DIRECTION('',(-3.946834944956E-13,-1.0,0.0));
#14930=DIRECTION('',(0.0,0.0,1.0));
#14931=DIRECTION('',(0.0,0.0,1.0));
#14932=DIRECTION('',(0.0,-1.0,-1.110223024625E-14));
#14933=DIRECTION('',(0.0,0.0,-1.0));
#14934=DIRECTION('',(0.0,1.0,0.0));
#14935=DIRECTION('',(0.0,0.0,-1.0));
#14936=DIRECTION('',(-1.0,0.0,0.0));
#14937=DIRECTION('',(0.0,0.0,1.0));
#14938=DIRECTION('',(0.0,0.0,-1.0));
#14939=DIRECTION('',(-1.0,0.0,0.0));
#14940=DIRECTION('',(0.0,0.0,1.0));
#14941=DIRECTION('',(-4.440892098501E-14,1.0,1.110223024625E-14));
#14942=DIRECTION('',(0.0,0.0,1.0));
#14943=DIRECTION('',(0.0,1.0,0.0));
#14944=DIRECTION('',(0.0,0.0,1.0));
#14945=DIRECTION('',(-1.0,0.0,0.0));
#14946=DIRECTION('',(1.0,0.0,0.0));
#14947=DIRECTION('',(1.0,0.0,0.0));
#14948=DIRECTION('',(0.0,0.0,1.0));
#14949=DIRECTION('',(-1.0,0.0,0.0));
#14950=DIRECTION('',(0.0,0.0,-1.0));
#14951=DIRECTION('',(0.0,1.0,0.0));
#14952=DIRECTION('',(-8.881784197001E-14,-1.0,0.0));
#14953=DIRECTION('',(0.0,0.0,1.0));
#14954=DIRECTION('',(-1.973729821556E-14,1.0,0.0));
#14955=DIRECTION('',(0.0,1.0,0.0));
#14956=DIRECTION('',(0.0,1.0,0.0));
#14957=DIRECTION('',(0.0,1.0,0.0));
#14958=DIRECTION('',(0.0,0.0,1.0));
#14959=DIRECTION('',(0.0,0.0,1.0));
#14960=DIRECTION('',(1.0,0.0,0.0));
#14961=DIRECTION('',(0.0,-1.0,0.0));
#14962=DIRECTION('',(0.675033747368223,-0.737786852630225,0.0));
#14963=CARTESIAN_POINT('',(5.365,-0.25,0.54));
#14964=DIRECTION('',(0.0,0.0,1.0));
#14965=DIRECTION('',(-1.0,0.0,0.0));
#14966=DIRECTION('',(0.0,-1.0,0.0));
#14967=DIRECTION('',(0.707106781186498,0.707106781186598,0.0));
#14968=DIRECTION('',(0.0,-1.0,0.0));
#14969=DIRECTION('',(1.0,0.0,0.0));
#14970=DIRECTION('',(0.0,1.0,0.0));
#14971=DIRECTION('',(-1.0,0.0,0.0));
#14972=DIRECTION('',(0.0,-1.0,0.0));
#14973=DIRECTION('',(0.0,-1.0,0.0));
#14974=DIRECTION('',(0.0,-1.0,0.0));
#14975=DIRECTION('',(0.0,0.0,1.0));
#14976=DIRECTION('',(0.0,0.0,1.0));
#14977=DIRECTION('',(0.0,0.0,1.0));
#14978=DIRECTION('',(0.0,-1.0,0.0));
#14979=DIRECTION('',(0.0,1.0,0.0));
#14980=CARTESIAN_POINT('',(5.315,0.31,-0.54));
#14981=DIRECTION('',(-1.0,0.0,0.0));
#14982=DIRECTION('',(0.0,1.0,0.0));
#14983=CARTESIAN_POINT('',(5.315,0.31,-0.52));
#14984=DIRECTION('',(-1.0,0.0,0.0));
#14985=DIRECTION('',(0.0,1.0,0.0));
#14986=DIRECTION('',(0.0,1.0,0.0));
#14987=CARTESIAN_POINT('',(5.315,0.31,0.52));
#14988=DIRECTION('',(-1.0,0.0,0.0));
#14989=DIRECTION('',(0.0,0.0,1.0));
#14990=CARTESIAN_POINT('',(5.315,0.31,0.54));
#14991=DIRECTION('',(-1.0,0.0,0.0));
#14992=DIRECTION('',(0.0,0.0,1.0));
#14993=CARTESIAN_POINT('',(5.775,0.31,-0.52));
#14994=DIRECTION('',(1.0,0.0,0.0));
#14995=DIRECTION('',(0.0,0.974996043043575,-0.222222222222194));
#14996=CARTESIAN_POINT('',(5.775,0.31,-0.52));
#14997=DIRECTION('',(1.0,0.0,0.0));
#14998=DIRECTION('',(0.0,0.0,-1.0));
#14999=DIRECTION('',(0.0,-1.0,0.0));
#15000=DIRECTION('',(0.0,0.0,-1.0));
#15001=DIRECTION('',(1.0,0.0,0.0));
#15002=DIRECTION('',(0.0,0.0,-1.0));
#15003=DIRECTION('',(0.0,1.0,0.0));
#15004=DIRECTION('',(0.0,0.0,-1.0));
#15005=DIRECTION('',(-1.0,0.0,0.0));
#15006=DIRECTION('',(0.675033747368223,-0.737786852630225,0.0));
#15007=CARTESIAN_POINT('',(5.365,-0.25,-0.54));
#15008=DIRECTION('',(0.0,0.0,1.0));
#15009=DIRECTION('',(-1.0,0.0,0.0));
#15010=DIRECTION('',(0.0,-1.0,0.0));
#15011=DIRECTION('',(3.946834944957E-13,-1.0,0.0));
#15012=DIRECTION('',(0.0,0.0,-1.0));
#15013=DIRECTION('',(0.0,-1.0,0.0));
#15014=DIRECTION('',(0.0,0.0,1.0));
#15015=DIRECTION('',(0.0,0.707106781186548,-0.707106781186548));
#15016=DIRECTION('',(0.0,1.0,0.0));
#15017=DIRECTION('',(0.0,0.707106781186547,-0.707106781186547));
#15018=DIRECTION('',(0.0,-1.0,0.0));
#15019=DIRECTION('',(0.0,-1.0,0.0));
#15020=DIRECTION('',(-1.0,0.0,0.0));
#15021=CARTESIAN_POINT('',(5.805,0.31,-0.49));
#15022=DIRECTION('',(0.0,0.0,-1.0));
#15023=DIRECTION('',(0.111111111111101,0.993807989999908,0.0));
#15024=DIRECTION('',(0.0,0.0,1.0));
#15025=CARTESIAN_POINT('',(5.805,0.31,0.49));
#15026=DIRECTION('',(0.0,0.0,1.0));
#15027=DIRECTION('',(1.0,0.0,0.0));
#15028=DIRECTION('',(0.0,-1.0,0.0));
#15029=DIRECTION('',(-1.0,0.0,0.0));
#15030=DIRECTION('',(0.0,1.0,0.0));
#15031=DIRECTION('',(0.0,0.0,1.0));
#15032=DIRECTION('',(0.0,0.707106781186547,0.707106781186547));
#15033=DIRECTION('',(0.0,1.0,0.0));
#15034=DIRECTION('',(0.0,0.0,1.0));
#15035=DIRECTION('',(0.0,-1.0,0.0));
#15036=DIRECTION('',(0.0,-0.707106781186547,0.707106781186547));
#15037=DIRECTION('',(0.0,0.0,1.0));
#15038=DIRECTION('',(-1.0,0.0,0.0));
#15039=DIRECTION('',(0.0,-0.707106781186548,0.707106781186548));
#15040=DIRECTION('',(1.0,0.0,0.0));
#15041=DIRECTION('',(-1.0,0.0,0.0));
#15042=DIRECTION('',(-1.0,0.0,0.0));
#15043=DIRECTION('',(0.0,-1.0,0.0));
#15044=DIRECTION('',(0.0,0.0,1.0));
#15045=DIRECTION('',(0.0,1.0,0.0));
#15046=DIRECTION('',(0.0,-0.707106781186548,-0.707106781186548));
#15047=DIRECTION('',(0.0,-1.0,0.0));
#15048=DIRECTION('',(0.0,-1.0,0.0));
#15049=DIRECTION('',(0.0,1.0,0.0));
#15050=DIRECTION('',(-1.0,0.0,0.0));
#15051=DIRECTION('',(0.0,-0.707106781186547,0.707106781186547));
#15052=DIRECTION('',(0.0,1.0,0.0));
#15053=DIRECTION('',(0.0,0.707106781186547,0.707106781186547));
#15054=DIRECTION('',(0.0,1.0,0.0));
#15055=DIRECTION('',(0.0,0.707106781186548,-0.707106781186548));
#15056=DIRECTION('',(0.0,1.0,0.0));
#15057=DIRECTION('',(0.0,-0.707106781186548,-0.707106781186548));
#15058=DIRECTION('',(-4.76793118273232E-09,0.707106781186547,-0.707106781186547));
#15059=DIRECTION('',(0.707106781186597,0.707106781186498,-1.317362842968E-08));
#15060=DIRECTION('',(0.707106781186547,0.707106781186547,-4.76795355654932E-09));
#15061=DIRECTION('',(-5.26998388967034E-08,0.707106781186546,0.707106781186546));
#15062=DIRECTION('',(1.0,0.0,0.0));
#15063=DIRECTION('',(0.0,-0.707106781186547,-0.707106781186547));
#15064=DIRECTION('',(0.0,-1.0,0.0));
#15065=DIRECTION('',(0.0,-1.0,0.0));
#15066=DIRECTION('',(0.0,0.707106781186548,0.707106781186548));
#15067=DIRECTION('',(0.0,0.0,1.0));
#15068=DIRECTION('',(-1.0,0.0,0.0));
#15069=DIRECTION('',(1.0,0.0,0.0));
#15070=DIRECTION('',(-1.0,0.0,0.0));
#15071=DIRECTION('',(-1.0,0.0,0.0));
#15072=CARTESIAN_POINT('',(-5.315,0.31,-0.54));
#15073=DIRECTION('',(1.0,0.0,0.0));
#15074=DIRECTION('',(0.0,0.0,-1.0));
#15075=DIRECTION('',(0.0,1.0,0.0));
#15076=DIRECTION('',(0.0,0.0,1.0));
#15077=DIRECTION('',(0.0,0.0,1.0));
#15078=DIRECTION('',(0.0,1.0,0.0));
#15079=CARTESIAN_POINT('',(-5.315,0.31,0.54));
#15080=DIRECTION('',(1.0,0.0,0.0));
#15081=DIRECTION('',(0.0,1.0,0.0));
#15082=DIRECTION('',(0.0,0.0,-1.0));
#15083=DIRECTION('',(0.0,0.0,1.0));
#15084=CARTESIAN_POINT('',(5.775,0.31,0.52));
#15085=DIRECTION('',(1.0,0.0,-0.0));
#15086=DIRECTION('',(0.0,0.974996043043575,0.222222222222194));
#15087=CARTESIAN_POINT('',(5.775,0.31,0.52));
#15088=DIRECTION('',(1.0,0.0,-0.0));
#15089=DIRECTION('',(0.0,1.0,1.233581138472E-13));
#15090=DIRECTION('',(0.0,0.0,1.0));
#15091=DIRECTION('',(0.0,0.0,1.0));
#15092=DIRECTION('',(0.0,0.0,1.0));
#15093=DIRECTION('',(0.0,0.0,1.0));
#15094=DIRECTION('',(0.0,0.0,1.0));
#15095=DIRECTION('',(0.0,0.0,1.0));
#15096=DIRECTION('',(0.0,-1.0,0.0));
#15097=DIRECTION('',(0.0,0.0,1.0));
#15098=DIRECTION('',(0.0,0.707106781186548,0.707106781186548));
#15099=DIRECTION('',(0.0,1.0,0.0));
#15100=DIRECTION('',(0.0,0.707106781186547,0.707106781186547));
#15101=DIRECTION('',(0.0,1.0,0.0));
#15102=DIRECTION('',(-1.0,0.0,0.0));
#15103=DIRECTION('',(-1.0,0.0,0.0));
#15104=DIRECTION('',(-1.0,0.0,0.0));
#15105=DIRECTION('',(-1.0,0.0,0.0));
#15106=DIRECTION('',(1.0,0.0,0.0));
#15107=DIRECTION('',(-1.0,0.0,0.0));
#15108=DIRECTION('',(0.0,-1.0,0.0));
#15109=DIRECTION('',(0.0,0.0,1.0));
#15110=DIRECTION('',(0.0,0.0,1.0));
#15111=DIRECTION('',(0.0,1.0,0.0));
#15112=DIRECTION('',(1.0,0.0,0.0));
#15113=DIRECTION('',(0.0,0.0,1.0));
#15114=DIRECTION('',(0.0,-1.0,0.0));
#15115=DIRECTION('',(0.0,1.0,0.0));
#15116=DIRECTION('',(0.0,0.0,1.0));
#15117=DIRECTION('',(1.0,0.0,0.0));
#15118=DIRECTION('',(0.0,-1.0,0.0));
#15119=DIRECTION('',(0.0,0.0,1.0));
#15120=DIRECTION('',(0.0,0.0,1.0));
#15121=DIRECTION('',(0.0,1.0,0.0));
#15122=DIRECTION('',(1.0,0.0,0.0));
#15123=DIRECTION('',(0.0,0.0,1.0));
#15124=DIRECTION('',(0.0,-1.0,0.0));
#15125=DIRECTION('',(0.0,1.0,0.0));
#15126=DIRECTION('',(0.0,0.0,1.0));
#15127=DIRECTION('',(1.0,0.0,0.0));
#15128=DIRECTION('',(0.0,-1.0,0.0));
#15129=DIRECTION('',(0.0,0.0,1.0));
#15130=DIRECTION('',(0.0,0.0,1.0));
#15131=DIRECTION('',(0.0,1.0,0.0));
#15132=DIRECTION('',(1.0,0.0,0.0));
#15133=DIRECTION('',(0.0,0.0,1.0));
#15134=DIRECTION('',(0.0,-1.0,0.0));
#15135=DIRECTION('',(0.0,1.0,0.0));
#15136=DIRECTION('',(0.0,0.0,1.0));
#15137=DIRECTION('',(1.0,0.0,0.0));
#15138=DIRECTION('',(0.0,-1.0,0.0));
#15139=DIRECTION('',(0.0,0.0,1.0));
#15140=DIRECTION('',(0.0,0.0,1.0));
#15141=DIRECTION('',(0.0,1.0,0.0));
#15142=DIRECTION('',(1.0,0.0,0.0));
#15143=DIRECTION('',(0.0,0.0,1.0));
#15144=DIRECTION('',(0.0,-1.0,0.0));
#15145=DIRECTION('',(0.0,1.0,0.0));
#15146=DIRECTION('',(0.0,0.0,1.0));
#15147=DIRECTION('',(1.0,0.0,0.0));
#15148=DIRECTION('',(0.0,-1.0,0.0));
#15149=DIRECTION('',(0.0,0.0,1.0));
#15150=DIRECTION('',(0.0,0.0,1.0));
#15151=DIRECTION('',(0.0,1.0,0.0));
#15152=DIRECTION('',(1.0,0.0,0.0));
#15153=DIRECTION('',(0.0,0.0,1.0));
#15154=DIRECTION('',(0.0,-1.0,0.0));
#15155=DIRECTION('',(0.0,1.0,0.0));
#15156=DIRECTION('',(0.0,0.0,1.0));
#15157=DIRECTION('',(1.0,0.0,0.0));
#15158=DIRECTION('',(0.0,-1.0,0.0));
#15159=DIRECTION('',(0.0,0.0,1.0));
#15160=DIRECTION('',(0.0,0.0,1.0));
#15161=DIRECTION('',(0.0,1.0,0.0));
#15162=DIRECTION('',(1.0,0.0,0.0));
#15163=DIRECTION('',(0.0,0.0,1.0));
#15164=DIRECTION('',(0.0,-1.0,0.0));
#15165=DIRECTION('',(0.0,1.0,0.0));
#15166=DIRECTION('',(0.0,0.0,1.0));
#15167=DIRECTION('',(1.0,0.0,0.0));
#15168=DIRECTION('',(0.0,-1.0,0.0));
#15169=DIRECTION('',(0.0,0.0,1.0));
#15170=DIRECTION('',(0.0,0.0,1.0));
#15171=DIRECTION('',(0.0,1.0,0.0));
#15172=DIRECTION('',(1.0,0.0,0.0));
#15173=DIRECTION('',(0.0,0.0,1.0));
#15174=DIRECTION('',(0.0,-1.0,0.0));
#15175=DIRECTION('',(0.0,1.0,0.0));
#15176=DIRECTION('',(0.0,0.0,1.0));
#15177=DIRECTION('',(1.0,0.0,0.0));
#15178=DIRECTION('',(0.0,-1.0,0.0));
#15179=DIRECTION('',(0.0,0.0,1.0));
#15180=DIRECTION('',(0.0,0.0,1.0));
#15181=DIRECTION('',(0.0,1.0,0.0));
#15182=DIRECTION('',(1.0,0.0,0.0));
#15183=DIRECTION('',(0.0,0.0,1.0));
#15184=DIRECTION('',(0.0,-1.0,0.0));
#15185=DIRECTION('',(0.0,1.0,0.0));
#15186=DIRECTION('',(0.0,0.0,1.0));
#15187=DIRECTION('',(1.0,0.0,0.0));
#15188=DIRECTION('',(0.0,-1.0,0.0));
#15189=DIRECTION('',(0.0,0.0,1.0));
#15190=DIRECTION('',(0.0,0.0,1.0));
#15191=DIRECTION('',(0.0,1.0,0.0));
#15192=DIRECTION('',(1.0,0.0,0.0));
#15193=DIRECTION('',(0.0,0.0,1.0));
#15194=DIRECTION('',(0.0,-1.0,0.0));
#15195=DIRECTION('',(0.0,1.0,0.0));
#15196=DIRECTION('',(0.0,0.0,1.0));
#15197=DIRECTION('',(1.0,0.0,0.0));
#15198=DIRECTION('',(0.0,-1.0,0.0));
#15199=DIRECTION('',(0.0,0.0,1.0));
#15200=DIRECTION('',(0.0,0.0,1.0));
#15201=DIRECTION('',(0.0,1.0,0.0));
#15202=DIRECTION('',(1.0,0.0,0.0));
#15203=DIRECTION('',(0.0,0.0,1.0));
#15204=DIRECTION('',(0.0,-1.0,0.0));
#15205=DIRECTION('',(0.0,1.0,0.0));
#15206=DIRECTION('',(0.0,0.0,1.0));
#15207=DIRECTION('',(1.0,0.0,0.0));
#15208=DIRECTION('',(0.0,-1.0,0.0));
#15209=DIRECTION('',(0.0,0.0,1.0));
#15210=DIRECTION('',(0.0,0.0,1.0));
#15211=DIRECTION('',(0.0,1.0,0.0));
#15212=DIRECTION('',(1.0,0.0,0.0));
#15213=DIRECTION('',(0.0,0.0,1.0));
#15214=DIRECTION('',(0.0,-1.0,0.0));
#15215=DIRECTION('',(0.0,1.0,0.0));
#15216=DIRECTION('',(0.0,0.0,1.0));
#15217=DIRECTION('',(1.0,0.0,0.0));
#15218=DIRECTION('',(0.0,-1.0,0.0));
#15219=DIRECTION('',(0.0,0.0,1.0));
#15220=DIRECTION('',(0.0,0.0,1.0));
#15221=DIRECTION('',(0.0,1.0,0.0));
#15222=DIRECTION('',(1.0,0.0,0.0));
#15223=DIRECTION('',(0.0,0.0,1.0));
#15224=DIRECTION('',(0.0,-1.0,0.0));
#15225=DIRECTION('',(0.0,1.0,0.0));
#15226=DIRECTION('',(0.0,0.0,1.0));
#15227=DIRECTION('',(1.0,0.0,0.0));
#15228=DIRECTION('',(0.0,-1.0,0.0));
#15229=DIRECTION('',(0.0,0.0,1.0));
#15230=DIRECTION('',(0.0,0.0,1.0));
#15231=DIRECTION('',(0.0,1.0,0.0));
#15232=DIRECTION('',(1.0,0.0,0.0));
#15233=DIRECTION('',(0.0,0.0,1.0));
#15234=DIRECTION('',(0.0,-1.0,0.0));
#15235=DIRECTION('',(0.0,1.0,0.0));
#15236=DIRECTION('',(0.0,0.0,1.0));
#15237=DIRECTION('',(1.0,0.0,0.0));
#15238=DIRECTION('',(0.0,-1.0,0.0));
#15239=DIRECTION('',(0.0,0.0,1.0));
#15240=DIRECTION('',(0.0,0.0,1.0));
#15241=DIRECTION('',(0.0,1.0,0.0));
#15242=DIRECTION('',(1.0,0.0,0.0));
#15243=DIRECTION('',(0.0,0.0,1.0));
#15244=DIRECTION('',(0.0,-1.0,0.0));
#15245=DIRECTION('',(0.0,1.0,0.0));
#15246=DIRECTION('',(0.0,0.0,1.0));
#15247=DIRECTION('',(1.0,0.0,0.0));
#15248=DIRECTION('',(0.0,-1.0,0.0));
#15249=DIRECTION('',(0.0,0.0,1.0));
#15250=DIRECTION('',(0.0,0.0,1.0));
#15251=DIRECTION('',(0.0,1.0,0.0));
#15252=DIRECTION('',(1.0,0.0,0.0));
#15253=DIRECTION('',(0.0,0.0,1.0));
#15254=DIRECTION('',(0.0,-1.0,0.0));
#15255=DIRECTION('',(0.0,1.0,0.0));
#15256=DIRECTION('',(0.0,0.0,1.0));
#15257=DIRECTION('',(1.0,0.0,0.0));
#15258=DIRECTION('',(0.0,-1.0,0.0));
#15259=DIRECTION('',(0.0,0.0,1.0));
#15260=DIRECTION('',(0.0,0.0,1.0));
#15261=DIRECTION('',(0.0,1.0,0.0));
#15262=DIRECTION('',(1.0,0.0,0.0));
#15263=DIRECTION('',(0.0,0.0,1.0));
#15264=DIRECTION('',(0.0,-1.0,0.0));
#15265=DIRECTION('',(0.0,1.0,0.0));
#15266=DIRECTION('',(0.0,0.0,1.0));
#15267=DIRECTION('',(1.0,0.0,0.0));
#15268=DIRECTION('',(0.0,-1.0,0.0));
#15269=DIRECTION('',(0.0,0.0,1.0));
#15270=DIRECTION('',(0.0,0.0,1.0));
#15271=DIRECTION('',(0.0,1.0,0.0));
#15272=DIRECTION('',(1.0,0.0,0.0));
#15273=DIRECTION('',(0.0,0.0,1.0));
#15274=DIRECTION('',(0.0,-1.0,0.0));
#15275=DIRECTION('',(0.0,1.0,0.0));
#15276=DIRECTION('',(0.0,0.0,1.0));
#15277=DIRECTION('',(1.0,0.0,0.0));
#15278=DIRECTION('',(0.0,-1.0,0.0));
#15279=DIRECTION('',(0.0,0.0,1.0));
#15280=DIRECTION('',(0.0,0.0,1.0));
#15281=DIRECTION('',(0.0,1.0,0.0));
#15282=DIRECTION('',(1.0,0.0,0.0));
#15283=DIRECTION('',(0.0,0.0,1.0));
#15284=DIRECTION('',(0.0,-1.0,0.0));
#15285=DIRECTION('',(0.0,1.0,0.0));
#15286=DIRECTION('',(0.0,0.0,1.0));
#15287=DIRECTION('',(1.0,0.0,0.0));
#15288=DIRECTION('',(0.0,-1.0,0.0));
#15289=DIRECTION('',(0.0,0.0,1.0));
#15290=DIRECTION('',(0.0,0.0,1.0));
#15291=DIRECTION('',(0.0,1.0,0.0));
#15292=DIRECTION('',(1.0,0.0,0.0));
#15293=DIRECTION('',(0.0,0.0,1.0));
#15294=DIRECTION('',(0.0,-1.0,0.0));
#15295=DIRECTION('',(0.0,1.0,0.0));
#15296=DIRECTION('',(0.0,0.0,1.0));
#15297=DIRECTION('',(1.0,0.0,0.0));
#15298=DIRECTION('',(0.0,-1.0,0.0));
#15299=DIRECTION('',(0.0,0.0,1.0));
#15300=DIRECTION('',(0.0,0.0,1.0));
#15301=DIRECTION('',(0.0,1.0,0.0));
#15302=DIRECTION('',(1.0,0.0,0.0));
#15303=DIRECTION('',(0.0,0.0,1.0));
#15304=DIRECTION('',(0.0,-1.0,0.0));
#15305=DIRECTION('',(0.0,1.0,0.0));
#15306=DIRECTION('',(0.0,0.0,1.0));
#15307=DIRECTION('',(1.0,0.0,0.0));
#15308=DIRECTION('',(0.0,-1.0,0.0));
#15309=DIRECTION('',(0.0,0.0,1.0));
#15310=DIRECTION('',(0.0,0.0,1.0));
#15311=DIRECTION('',(0.0,1.0,0.0));
#15312=DIRECTION('',(1.0,0.0,0.0));
#15313=DIRECTION('',(0.0,0.0,1.0));
#15314=DIRECTION('',(0.0,-1.0,0.0));
#15315=DIRECTION('',(0.0,1.0,0.0));
#15316=DIRECTION('',(0.0,0.0,1.0));
#15317=DIRECTION('',(1.0,0.0,0.0));
#15318=DIRECTION('',(0.0,-1.0,0.0));
#15319=DIRECTION('',(0.0,0.0,1.0));
#15320=DIRECTION('',(0.0,0.0,1.0));
#15321=DIRECTION('',(0.0,1.0,0.0));
#15322=DIRECTION('',(1.0,0.0,0.0));
#15323=DIRECTION('',(0.0,0.0,1.0));
#15324=DIRECTION('',(0.0,-1.0,0.0));
#15325=DIRECTION('',(0.0,1.0,0.0));
#15326=DIRECTION('',(0.0,0.0,1.0));
#15327=DIRECTION('',(1.0,0.0,0.0));
#15328=DIRECTION('',(0.0,-1.0,0.0));
#15329=DIRECTION('',(0.0,0.0,1.0));
#15330=DIRECTION('',(0.0,0.0,1.0));
#15331=DIRECTION('',(0.0,1.0,0.0));
#15332=DIRECTION('',(1.0,0.0,0.0));
#15333=DIRECTION('',(0.0,0.0,1.0));
#15334=DIRECTION('',(0.0,-1.0,0.0));
#15335=DIRECTION('',(0.0,1.0,0.0));
#15336=DIRECTION('',(0.0,0.0,1.0));
#15337=DIRECTION('',(1.0,0.0,0.0));
#15338=DIRECTION('',(0.0,-1.0,0.0));
#15339=DIRECTION('',(0.0,0.0,1.0));
#15340=DIRECTION('',(0.0,0.0,1.0));
#15341=DIRECTION('',(0.0,1.0,0.0));
#15342=DIRECTION('',(1.0,0.0,0.0));
#15343=DIRECTION('',(0.0,0.0,1.0));
#15344=DIRECTION('',(0.0,-1.0,0.0));
#15345=DIRECTION('',(0.0,1.0,0.0));
#15346=DIRECTION('',(0.0,0.0,1.0));
#15347=DIRECTION('',(1.0,0.0,0.0));
#15348=DIRECTION('',(0.0,-1.0,0.0));
#15349=DIRECTION('',(0.0,0.0,1.0));
#15350=DIRECTION('',(0.0,0.0,1.0));
#15351=DIRECTION('',(0.0,1.0,0.0));
#15352=DIRECTION('',(1.0,0.0,0.0));
#15353=DIRECTION('',(0.0,0.0,1.0));
#15354=DIRECTION('',(0.0,-1.0,0.0));
#15355=DIRECTION('',(0.0,1.0,0.0));
#15356=DIRECTION('',(0.0,0.0,1.0));
#15357=DIRECTION('',(1.0,0.0,0.0));
#15358=DIRECTION('',(0.0,-1.0,0.0));
#15359=DIRECTION('',(0.0,0.0,1.0));
#15360=DIRECTION('',(0.0,0.0,1.0));
#15361=DIRECTION('',(0.0,1.0,0.0));
#15362=DIRECTION('',(1.0,0.0,0.0));
#15363=DIRECTION('',(0.0,0.0,1.0));
#15364=DIRECTION('',(0.0,-1.0,0.0));
#15365=DIRECTION('',(0.0,1.0,0.0));
#15366=DIRECTION('',(0.0,0.0,1.0));
#15367=DIRECTION('',(1.0,0.0,0.0));
#15368=DIRECTION('',(0.0,-1.0,0.0));
#15369=DIRECTION('',(0.0,0.0,1.0));
#15370=DIRECTION('',(0.0,0.0,1.0));
#15371=DIRECTION('',(0.0,1.0,0.0));
#15372=DIRECTION('',(1.0,0.0,0.0));
#15373=DIRECTION('',(0.0,0.0,1.0));
#15374=DIRECTION('',(0.0,-1.0,0.0));
#15375=DIRECTION('',(0.0,1.0,0.0));
#15376=DIRECTION('',(0.0,0.0,1.0));
#15377=DIRECTION('',(1.0,0.0,0.0));
#15378=DIRECTION('',(0.0,-1.0,0.0));
#15379=DIRECTION('',(0.0,0.0,1.0));
#15380=DIRECTION('',(0.0,0.0,1.0));
#15381=DIRECTION('',(0.0,1.0,0.0));
#15382=DIRECTION('',(1.0,0.0,0.0));
#15383=DIRECTION('',(0.0,0.0,1.0));
#15384=DIRECTION('',(0.0,-1.0,0.0));
#15385=DIRECTION('',(0.0,1.0,0.0));
#15386=DIRECTION('',(0.0,0.0,1.0));
#15387=DIRECTION('',(1.0,0.0,0.0));
#15388=DIRECTION('',(0.0,-1.0,0.0));
#15389=DIRECTION('',(0.0,0.0,1.0));
#15390=DIRECTION('',(0.0,0.0,1.0));
#15391=DIRECTION('',(0.0,1.0,0.0));
#15392=DIRECTION('',(1.0,0.0,0.0));
#15393=DIRECTION('',(0.0,0.0,1.0));
#15394=DIRECTION('',(0.0,-1.0,0.0));
#15395=DIRECTION('',(0.0,1.0,0.0));
#15396=DIRECTION('',(0.0,0.0,1.0));
#15397=DIRECTION('',(1.0,0.0,0.0));
#15398=DIRECTION('',(0.0,-1.0,0.0));
#15399=DIRECTION('',(0.0,0.0,1.0));
#15400=DIRECTION('',(0.0,0.0,1.0));
#15401=DIRECTION('',(0.0,1.0,0.0));
#15402=DIRECTION('',(1.0,0.0,0.0));
#15403=DIRECTION('',(0.0,0.0,1.0));
#15404=DIRECTION('',(0.0,-1.0,0.0));
#15405=DIRECTION('',(0.0,1.0,0.0));
#15406=DIRECTION('',(0.0,0.0,1.0));
#15407=DIRECTION('',(1.0,0.0,0.0));
ENDSEC;
END-ISO-10303-21;
