ISO-10303-21;
HEADER;
FILE_DESCRIPTION(('FreeCAD Model'),'2;1');
FILE_NAME('Open CASCADE Shape Model','2025-11-12T18:03:13',('Author'),(
    ''),'Open CASCADE STEP processor 7.6','FreeCAD','Unknown');
FILE_SCHEMA(('AUTOMOTIVE_DESIGN { 1 0 10303 214 1 1 1 1 }'));
ENDSEC;
DATA;
#1 = APPLICATION_PROTOCOL_DEFINITION('international standard',
  'automotive_design',2000,#2);
#2 = APPLICATION_CONTEXT(
  'core data for automotive mechanical design processes');
#3 = SHAPE_DEFINITION_REPRESENTATION(#4,#10);
#4 = PRODUCT_DEFINITION_SHAPE('','',#5);
#5 = PRODUCT_DEFINITION('design','',#6,#9);
#6 = PRODUCT_DEFINITION_FORMATION('','',#7);
#7 = PRODUCT('lower-case','lower-case','',(#8));
#8 = PRODUCT_CONTEXT('',#2,'mechanical');
#9 = PRODUCT_DEFINITION_CONTEXT('part definition',#2,'design');
#10 = ADVANCED_BREP_SHAPE_REPRESENTATION('',(#11,#15),#2797);
#11 = AXIS2_PLACEMENT_3D('',#12,#13,#14);
#12 = CARTESIAN_POINT('',(0.,0.,0.));
#13 = DIRECTION('',(0.,0.,1.));
#14 = DIRECTION('',(1.,0.,-0.));
#15 = MANIFOLD_SOLID_BREP('',#16);
#16 = CLOSED_SHELL('',(#17,#283,#318,#625,#754,#955,#980,#1506,#1537,
    #1554,#1579,#1603,#1692,#1758,#1783,#1841,#1872,#1913,#1938,#1979,
    #2003,#2044,#2069,#2110,#2127,#2204,#2270,#2288,#2305,#2336,#2354,
    #2379,#2414,#2463,#2487,#2511,#2569,#2593,#2610,#2629,#2654,#2701,
    #2713,#2725,#2737,#2749,#2761,#2773,#2785));
#17 = ADVANCED_FACE('',(#18),#278,.F.);
#18 = FACE_BOUND('',#19,.F.);
#19 = EDGE_LOOP('',(#20,#30,#77,#85,#232,#240,#248,#256,#264,#272));
#20 = ORIENTED_EDGE('',*,*,#21,.T.);
#21 = EDGE_CURVE('',#22,#24,#26,.T.);
#22 = VERTEX_POINT('',#23);
#23 = CARTESIAN_POINT('',(-132.,-104.5,0.));
#24 = VERTEX_POINT('',#25);
#25 = CARTESIAN_POINT('',(-132.0000000005,-40.05215989626,0.));
#26 = LINE('',#27,#28);
#27 = CARTESIAN_POINT('',(-132.,-104.5,0.));
#28 = VECTOR('',#29,1.);
#29 = DIRECTION('',(0.,1.,0.));
#30 = ORIENTED_EDGE('',*,*,#31,.F.);
#31 = EDGE_CURVE('',#32,#24,#34,.T.);
#32 = VERTEX_POINT('',#33);
#33 = CARTESIAN_POINT('',(-131.2004431512,-34.5,0.));
#34 = B_SPLINE_CURVE_WITH_KNOTS('',6,(#35,#36,#37,#38,#39,#40,#41,#42,
    #43,#44,#45,#46,#47,#48,#49,#50,#51,#52,#53,#54,#55,#56,#57,#58,#59,
    #60,#61,#62,#63,#64,#65,#66,#67,#68,#69,#70,#71,#72,#73,#74,#75,#76)
  ,.UNSPECIFIED.,.F.,.F.,(7,5,5,5,5,5,5,5,7),(0.,1.63041442379E-02,
    0.110694731631,0.205125986485,0.275027966306,0.495444911243,
    0.755939090887,0.880443584752,1.),.UNSPECIFIED.);
#35 = CARTESIAN_POINT('',(-131.2004431512,-34.5,0.));
#36 = CARTESIAN_POINT('',(-131.2037919695,-34.51578380049,0.));
#37 = CARTESIAN_POINT('',(-131.2071403013,-34.53158065153,0.));
#38 = CARTESIAN_POINT('',(-131.2104880709,-34.54739036646,0.));
#39 = CARTESIAN_POINT('',(-131.213835202,-34.56321276364,0.));
#40 = CARTESIAN_POINT('',(-131.2171816176,-34.57904766644,0.));
#41 = CARTESIAN_POINT('',(-131.2398962576,-34.68664028836,0.));
#42 = CARTESIAN_POINT('',(-131.259238675,-34.77879902881,0.));
#43 = CARTESIAN_POINT('',(-131.2785394452,-34.87133785034,0.));
#44 = CARTESIAN_POINT('',(-131.2977826608,-34.96422870275,0.));
#45 = CARTESIAN_POINT('',(-131.3169517831,-35.05744589662,0.));
#46 = CARTESIAN_POINT('',(-131.3551161799,-35.24452087486,0.));
#47 = CARTESIAN_POINT('',(-131.3741113359,-35.33837927099,0.));
#48 = CARTESIAN_POINT('',(-131.3929985258,-35.43250950348,0.));
#49 = CARTESIAN_POINT('',(-131.4117599901,-35.52689127462,0.));
#50 = CARTESIAN_POINT('',(-131.4303787453,-35.62148320436,0.));
#51 = CARTESIAN_POINT('',(-131.4625005459,-35.78641398381,0.));
#52 = CARTESIAN_POINT('',(-131.4760760993,-35.85667059012,0.));
#53 = CARTESIAN_POINT('',(-131.4895564196,-35.92701614046,0.));
#54 = CARTESIAN_POINT('',(-131.5029342887,-35.99743874786,0.));
#55 = CARTESIAN_POINT('',(-131.5162024946,-36.06792614488,0.));
#56 = CARTESIAN_POINT('',(-131.5708230067,-36.36089299772,0.));
#57 = CARTESIAN_POINT('',(-131.6111294005,-36.58383666049,0.));
#58 = CARTESIAN_POINT('',(-131.650047982,-36.80690981679,0.));
#59 = CARTESIAN_POINT('',(-131.6873456576,-37.02970550619,0.));
#60 = CARTESIAN_POINT('',(-131.7227876804,-37.25178894704,0.));
#61 = CARTESIAN_POINT('',(-131.7955654509,-37.73375591875,0.));
#62 = CARTESIAN_POINT('',(-131.8320724257,-37.99316049973,0.));
#63 = CARTESIAN_POINT('',(-131.8652871648,-38.25013390481,0.));
#64 = CARTESIAN_POINT('',(-131.8948368815,-38.50379883954,0.));
#65 = CARTESIAN_POINT('',(-131.9203802064,-38.75318765081,0.));
#66 = CARTESIAN_POINT('',(-131.9518345964,-39.1139685791,0.));
#67 = CARTESIAN_POINT('',(-131.9610331009,-39.22943342953,0.));
#68 = CARTESIAN_POINT('',(-131.9692301993,-39.34357934995,0.));
#69 = CARTESIAN_POINT('',(-131.9764025118,-39.45629224511,0.));
#70 = CARTESIAN_POINT('',(-131.9825325735,-39.56745673929,0.));
#71 = CARTESIAN_POINT('',(-131.9924860968,-39.78210732989,0.));
#72 = CARTESIAN_POINT('',(-131.9963915383,-39.88572375194,0.));
#73 = CARTESIAN_POINT('',(-131.9993176164,-39.98770069578,0.));
#74 = CARTESIAN_POINT('',(-132.0012613145,-40.08794796564,0.));
#75 = CARTESIAN_POINT('',(-132.0022271714,-40.18636724492,0.));
#76 = CARTESIAN_POINT('',(-132.0022271714,-40.28287241724,0.));
#77 = ORIENTED_EDGE('',*,*,#78,.T.);
#78 = EDGE_CURVE('',#32,#79,#81,.T.);
#79 = VERTEX_POINT('',#80);
#80 = CARTESIAN_POINT('',(131.20054346014,-34.5,0.));
#81 = LINE('',#82,#83);
#82 = CARTESIAN_POINT('',(-132.,-34.5,0.));
#83 = VECTOR('',#84,1.);
#84 = DIRECTION('',(1.,0.,0.));
#85 = ORIENTED_EDGE('',*,*,#86,.T.);
#86 = EDGE_CURVE('',#79,#87,#89,.T.);
#87 = VERTEX_POINT('',#88);
#88 = CARTESIAN_POINT('',(131.99999999821,-40.05216452001,0.));
#89 = B_SPLINE_CURVE_WITH_KNOTS('',8,(#90,#91,#92,#93,#94,#95,#96,#97,
    #98,#99,#100,#101,#102,#103,#104,#105,#106,#107,#108,#109,#110,#111,
    #112,#113,#114,#115,#116,#117,#118,#119,#120,#121,#122,#123,#124,
    #125,#126,#127,#128,#129,#130,#131,#132,#133,#134,#135,#136,#137,
    #138,#139,#140,#141,#142,#143,#144,#145,#146,#147,#148,#149,#150,
    #151,#152,#153,#154,#155,#156,#157,#158,#159,#160,#161,#162,#163,
    #164,#165,#166,#167,#168,#169,#170,#171,#172,#173,#174,#175,#176,
    #177,#178,#179,#180,#181,#182,#183,#184,#185,#186,#187,#188,#189,
    #190,#191,#192,#193,#194,#195,#196,#197,#198,#199,#200,#201,#202,
    #203,#204,#205,#206,#207,#208,#209,#210,#211,#212,#213,#214,#215,
    #216,#217,#218,#219,#220,#221,#222,#223,#224,#225,#226,#227,#228,
    #229,#230,#231),.UNSPECIFIED.,.F.,.F.,(9,7,7,7,7,7,7,7,7,7,7,7,7,7,7
    ,7,7,7,7,7,9),(0.,0.553159451836,0.556931295457,0.564036046108,
    0.570621492668,0.577211485932,0.583299207258,0.588879620823,
    0.594460461558,0.598518729343,0.602576962696,0.610710106251,
    0.627074145459,0.656475072028,0.67460047445,0.693750476429,
    0.772774279663,0.850264886055,0.907411312085,0.963427538177,1.),
  .UNSPECIFIED.);
#90 = CARTESIAN_POINT('',(131.20054346013,-34.50000002068,0.));
#91 = CARTESIAN_POINT('',(131.21804506388,-34.58264895433,0.));
#92 = CARTESIAN_POINT('',(131.2354788945,-34.66533099251,0.));
#93 = CARTESIAN_POINT('',(131.25283819864,-34.74804382054,0.));
#94 = CARTESIAN_POINT('',(131.27011621879,-34.83078522647,0.));
#95 = CARTESIAN_POINT('',(131.28730618933,-34.91355309397,0.));
#96 = CARTESIAN_POINT('',(131.30440133274,-34.99634539518,0.));
#97 = CARTESIAN_POINT('',(131.32139485562,-35.07916018356,0.));
#98 = CARTESIAN_POINT('',(131.33839507971,-35.16256041883,0.));
#99 = CARTESIAN_POINT('',(131.33923185362,-35.16666627766,0.));
#100 = CARTESIAN_POINT('',(131.34040484564,-35.17242300638,0.));
#101 = CARTESIAN_POINT('',(131.34164530808,-35.17851272348,0.));
#102 = CARTESIAN_POINT('',(131.3428011665,-35.18418982279,0.));
#103 = CARTESIAN_POINT('',(131.34383701975,-35.18928097355,0.));
#104 = CARTESIAN_POINT('',(131.34483413993,-35.19418512032,0.));
#105 = CARTESIAN_POINT('',(131.34816857275,-35.21058824295,0.));
#106 = CARTESIAN_POINT('',(131.35035300446,-35.22134288846,0.));
#107 = CARTESIAN_POINT('',(131.35253934881,-35.23211716667,0.));
#108 = CARTESIAN_POINT('',(131.35472721264,-35.24290573226,0.));
#109 = CARTESIAN_POINT('',(131.35691453293,-35.25371279963,0.));
#110 = CARTESIAN_POINT('',(131.35910239373,-35.26451855997,0.));
#111 = CARTESIAN_POINT('',(131.36128968742,-35.27533691218,0.));
#112 = CARTESIAN_POINT('',(131.365504248,-35.29620153022,0.));
#113 = CARTESIAN_POINT('',(131.36753112281,-35.30624511783,0.));
#114 = CARTESIAN_POINT('',(131.36955735168,-35.31629520301,0.));
#115 = CARTESIAN_POINT('',(131.3715828088,-35.3263511074,0.));
#116 = CARTESIAN_POINT('',(131.37360740331,-35.33641207192,0.));
#117 = CARTESIAN_POINT('',(131.37563106504,-35.34647734928,0.));
#118 = CARTESIAN_POINT('',(131.37765373035,-35.35654629659,0.));
#119 = CARTESIAN_POINT('',(131.38169832115,-35.3766975931,0.));
#120 = CARTESIAN_POINT('',(131.38372025106,-35.38677973607,0.));
#121 = CARTESIAN_POINT('',(131.38574098335,-35.39686568298,0.));
#122 = CARTESIAN_POINT('',(131.38776060926,-35.40695192684,0.));
#123 = CARTESIAN_POINT('',(131.38977884253,-35.41704213251,0.));
#124 = CARTESIAN_POINT('',(131.39179548585,-35.42713823994,0.));
#125 = CARTESIAN_POINT('',(131.39381078124,-35.43723371873,0.));
#126 = CARTESIAN_POINT('',(131.39768465896,-35.45665963013,0.));
#127 = CARTESIAN_POINT('',(131.39954399393,-35.46599166926,0.));
#128 = CARTESIAN_POINT('',(131.40140243672,-35.47532755478,0.));
#129 = CARTESIAN_POINT('',(131.40325997033,-35.4846672501,0.));
#130 = CARTESIAN_POINT('',(131.40511658325,-35.49401072328,0.));
#131 = CARTESIAN_POINT('',(131.40697226491,-35.50335793858,0.));
#132 = CARTESIAN_POINT('',(131.40882700126,-35.51270884798,0.));
#133 = CARTESIAN_POINT('',(131.41238005928,-35.53063837666,0.));
#134 = CARTESIAN_POINT('',(131.41407855012,-35.53921649049,0.));
#135 = CARTESIAN_POINT('',(131.4157762232,-35.54779765134,0.));
#136 = CARTESIAN_POINT('',(131.41747307249,-35.55638186712,0.));
#137 = CARTESIAN_POINT('',(131.41916910028,-35.5649691993,0.));
#138 = CARTESIAN_POINT('',(131.42086431181,-35.57355973564,0.));
#139 = CARTESIAN_POINT('',(131.42255871003,-35.58215356292,0.));
#140 = CARTESIAN_POINT('',(131.4259460001,-35.59934857457,0.));
#141 = CARTESIAN_POINT('',(131.42763852352,-35.60794791756,0.));
#142 = CARTESIAN_POINT('',(131.42933041188,-35.61655151684,0.));
#143 = CARTESIAN_POINT('',(131.43102183392,-35.62516047575,0.));
#144 = CARTESIAN_POINT('',(131.4327124978,-35.63377338454,0.));
#145 = CARTESIAN_POINT('',(131.43440186971,-35.64238731246,0.));
#146 = CARTESIAN_POINT('',(131.43608968876,-35.65100066038,0.));
#147 = CARTESIAN_POINT('',(131.43900359371,-35.66588412672,0.));
#148 = CARTESIAN_POINT('',(131.44022933145,-35.67214904434,0.));
#149 = CARTESIAN_POINT('',(131.44145430508,-35.67841422277,0.));
#150 = CARTESIAN_POINT('',(131.44267872863,-35.68468075343,0.));
#151 = CARTESIAN_POINT('',(131.44390271664,-35.6909492231,0.));
#152 = CARTESIAN_POINT('',(131.44512628412,-35.69721971391,0.));
#153 = CARTESIAN_POINT('',(131.44634934663,-35.7034918033,0.));
#154 = CARTESIAN_POINT('',(131.44879408337,-35.71603727161,0.));
#155 = CARTESIAN_POINT('',(131.45001587128,-35.72231123198,0.));
#156 = CARTESIAN_POINT('',(131.45123707788,-35.72858642543,0.));
#157 = CARTESIAN_POINT('',(131.45245769717,-35.73486283274,0.));
#158 = CARTESIAN_POINT('',(131.45367772313,-35.74114043522,0.));
#159 = CARTESIAN_POINT('',(131.45489714975,-35.74741921472,0.));
#160 = CARTESIAN_POINT('',(131.45611597101,-35.75369915363,0.));
#161 = CARTESIAN_POINT('',(131.45977560683,-35.77256820872,0.));
#162 = CARTESIAN_POINT('',(131.46221314436,-35.78515338137,0.));
#163 = CARTESIAN_POINT('',(131.46464674939,-35.7977356033,0.));
#164 = CARTESIAN_POINT('',(131.46707637976,-35.81031473918,0.));
#165 = CARTESIAN_POINT('',(131.46950199526,-35.82289066789,0.));
#166 = CARTESIAN_POINT('',(131.47192355761,-35.83546328251,0.));
#167 = CARTESIAN_POINT('',(131.47434103048,-35.84803249031,0.));
#168 = CARTESIAN_POINT('',(131.48161008347,-35.88588068485,0.));
#169 = CARTESIAN_POINT('',(131.48644909373,-35.91114903198,0.));
#170 = CARTESIAN_POINT('',(131.49127113261,-35.93640264239,0.));
#171 = CARTESIAN_POINT('',(131.49607595982,-35.96164109651,0.));
#172 = CARTESIAN_POINT('',(131.50086337238,-35.98686416694,0.));
#173 = CARTESIAN_POINT('',(131.50563320467,-36.01207181849,0.));
#174 = CARTESIAN_POINT('',(131.51038532838,-36.03726420817,0.));
#175 = CARTESIAN_POINT('',(131.5236257136,-36.10767753082,0.));
#176 = CARTESIAN_POINT('',(131.53207426904,-36.15286495053,0.));
#177 = CARTESIAN_POINT('',(131.54046482929,-36.19800608383,0.));
#178 = CARTESIAN_POINT('',(131.54879719831,-36.24310439524,0.));
#179 = CARTESIAN_POINT('',(131.55707135605,-36.2881642024,0.));
#180 = CARTESIAN_POINT('',(131.56528734079,-36.33319020417,0.));
#181 = CARTESIAN_POINT('',(131.5734451315,-36.37818700877,0.));
#182 = CARTESIAN_POINT('',(131.58653773557,-36.45088327494,0.));
#183 = CARTESIAN_POINT('',(131.59150873865,-36.47859826574,0.));
#184 = CARTESIAN_POINT('',(131.59645749431,-36.50630458694,0.));
#185 = CARTESIAN_POINT('',(131.60138392516,-36.53400305326,0.));
#186 = CARTESIAN_POINT('',(131.60628792156,-36.5616943415,0.));
#187 = CARTESIAN_POINT('',(131.61116934163,-36.58937899061,0.));
#188 = CARTESIAN_POINT('',(131.6160280113,-36.61705740162,0.));
#189 = CARTESIAN_POINT('',(131.62597279219,-36.6739665516,0.));
#190 = CARTESIAN_POINT('',(131.63105623707,-36.70319658927,0.));
#191 = CARTESIAN_POINT('',(131.636113806,-36.73242021512,0.));
#192 = CARTESIAN_POINT('',(131.64114521384,-36.76163751949,0.));
#193 = CARTESIAN_POINT('',(131.64615014318,-36.79084841864,0.));
#194 = CARTESIAN_POINT('',(131.65112824435,-36.82005265472,0.));
#195 = CARTESIAN_POINT('',(131.65607913543,-36.84924979581,0.));
#196 = CARTESIAN_POINT('',(131.68131860192,-36.99889147256,0.));
#197 = CARTESIAN_POINT('',(131.70116447771,-37.11921274917,0.));
#198 = CARTESIAN_POINT('',(131.72051140913,-37.23936200158,0.));
#199 = CARTESIAN_POINT('',(131.73932443943,-37.35925711903,0.));
#200 = CARTESIAN_POINT('',(131.75756773646,-37.47880032721,0.));
#201 = CARTESIAN_POINT('',(131.77520658716,-37.59789169488,0.));
#202 = CARTESIAN_POINT('',(131.79220784534,-37.71643382317,0.));
#203 = CARTESIAN_POINT('',(131.824556773,-37.9499403282,0.));
#204 = CARTESIAN_POINT('',(131.83993024576,-38.06493040013,0.));
#205 = CARTESIAN_POINT('',(131.85463225933,-38.1792118204,0.));
#206 = CARTESIAN_POINT('',(131.8686360173,-38.29269748054,0.));
#207 = CARTESIAN_POINT('',(131.88191711821,-38.40530187397,0.));
#208 = CARTESIAN_POINT('',(131.89445376878,-38.51694117808,0.));
#209 = CARTESIAN_POINT('',(131.90622693047,-38.6275338802,0.));
#210 = CARTESIAN_POINT('',(131.9253276716,-38.81773055572,0.));
#211 = CARTESIAN_POINT('',(131.93301089762,-38.89784740459,0.));
#212 = CARTESIAN_POINT('',(131.94026357335,-38.97732094399,0.));
#213 = CARTESIAN_POINT('',(131.94708005577,-39.05612068853,0.));
#214 = CARTESIAN_POINT('',(131.95345560937,-39.13421707911,0.));
#215 = CARTESIAN_POINT('',(131.95938645266,-39.21158134442,0.));
#216 = CARTESIAN_POINT('',(131.96486980477,-39.28818536256,0.));
#217 = CARTESIAN_POINT('',(131.97483849792,-39.43831824643,0.));
#218 = CARTESIAN_POINT('',(131.97934142948,-39.51187866524,0.));
#219 = CARTESIAN_POINT('',(131.98341111114,-39.5846520562,0.));
#220 = CARTESIAN_POINT('',(131.98704674059,-39.65662893774,0.));
#221 = CARTESIAN_POINT('',(131.99024884685,-39.72775274341,0.));
#222 = CARTESIAN_POINT('',(131.99301835097,-39.79804202653,0.));
#223 = CARTESIAN_POINT('',(131.99535775018,-39.86745056536,0.));
#224 = CARTESIAN_POINT('',(131.99851887938,-39.98069919151,0.));
#225 = CARTESIAN_POINT('',(131.99958554472,-40.0250513128,0.));
#226 = CARTESIAN_POINT('',(132.0004711439,-40.06901700432,0.));
#227 = CARTESIAN_POINT('',(132.00117676193,-40.11259113395,0.));
#228 = CARTESIAN_POINT('',(132.00170365663,-40.15576886675,0.));
#229 = CARTESIAN_POINT('',(132.00205325864,-40.19854566491,0.));
#230 = CARTESIAN_POINT('',(132.00222717149,-40.24091728777,0.));
#231 = CARTESIAN_POINT('',(132.00222717149,-40.28287979182,0.));
#232 = ORIENTED_EDGE('',*,*,#233,.T.);
#233 = EDGE_CURVE('',#87,#234,#236,.T.);
#234 = VERTEX_POINT('',#235);
#235 = CARTESIAN_POINT('',(132.,-104.5,0.));
#236 = LINE('',#237,#238);
#237 = CARTESIAN_POINT('',(132.,-34.5,0.));
#238 = VECTOR('',#239,1.);
#239 = DIRECTION('',(0.,-1.,0.));
#240 = ORIENTED_EDGE('',*,*,#241,.T.);
#241 = EDGE_CURVE('',#234,#242,#244,.T.);
#242 = VERTEX_POINT('',#243);
#243 = CARTESIAN_POINT('',(132.5,-104.5,-2.22044604925E-16));
#244 = LINE('',#245,#246);
#245 = CARTESIAN_POINT('',(-133.5,-104.5,0.));
#246 = VECTOR('',#247,1.);
#247 = DIRECTION('',(1.,0.,0.));
#248 = ORIENTED_EDGE('',*,*,#249,.T.);
#249 = EDGE_CURVE('',#242,#250,#252,.T.);
#250 = VERTEX_POINT('',#251);
#251 = CARTESIAN_POINT('',(132.5,9.5,-2.22044604925E-16));
#252 = LINE('',#253,#254);
#253 = CARTESIAN_POINT('',(132.5,-34.49999999983,-2.22044604925E-16));
#254 = VECTOR('',#255,1.);
#255 = DIRECTION('',(0.,1.,0.));
#256 = ORIENTED_EDGE('',*,*,#257,.T.);
#257 = EDGE_CURVE('',#250,#258,#260,.T.);
#258 = VERTEX_POINT('',#259);
#259 = CARTESIAN_POINT('',(-132.5,9.5,8.881784197001E-16));
#260 = LINE('',#261,#262);
#261 = CARTESIAN_POINT('',(133.5,9.5,0.));
#262 = VECTOR('',#263,1.);
#263 = DIRECTION('',(-1.,0.,0.));
#264 = ORIENTED_EDGE('',*,*,#265,.T.);
#265 = EDGE_CURVE('',#258,#266,#268,.T.);
#266 = VERTEX_POINT('',#267);
#267 = CARTESIAN_POINT('',(-132.5,-104.5,-2.22044604925E-16));
#268 = LINE('',#269,#270);
#269 = CARTESIAN_POINT('',(-132.5,9.5,-2.22044604925E-16));
#270 = VECTOR('',#271,1.);
#271 = DIRECTION('',(0.,-1.,0.));
#272 = ORIENTED_EDGE('',*,*,#273,.T.);
#273 = EDGE_CURVE('',#266,#22,#274,.T.);
#274 = LINE('',#275,#276);
#275 = CARTESIAN_POINT('',(-133.5,-104.5,0.));
#276 = VECTOR('',#277,1.);
#277 = DIRECTION('',(1.,0.,0.));
#278 = PLANE('',#279);
#279 = AXIS2_PLACEMENT_3D('',#280,#281,#282);
#280 = CARTESIAN_POINT('',(0.,0.,0.));
#281 = DIRECTION('',(0.,0.,1.));
#282 = DIRECTION('',(1.,0.,0.));
#283 = ADVANCED_FACE('',(#284),#313,.F.);
#284 = FACE_BOUND('',#285,.F.);
#285 = EDGE_LOOP('',(#286,#287,#295,#303));
#286 = ORIENTED_EDGE('',*,*,#21,.F.);
#287 = ORIENTED_EDGE('',*,*,#288,.T.);
#288 = EDGE_CURVE('',#22,#289,#291,.T.);
#289 = VERTEX_POINT('',#290);
#290 = CARTESIAN_POINT('',(-132.,-104.5,-9.999999999999E-03));
#291 = LINE('',#292,#293);
#292 = CARTESIAN_POINT('',(-132.,-104.5,0.));
#293 = VECTOR('',#294,1.);
#294 = DIRECTION('',(0.,0.,-1.));
#295 = ORIENTED_EDGE('',*,*,#296,.T.);
#296 = EDGE_CURVE('',#289,#297,#299,.T.);
#297 = VERTEX_POINT('',#298);
#298 = CARTESIAN_POINT('',(-132.,-40.31649648613,-1.E-02));
#299 = LINE('',#300,#301);
#300 = CARTESIAN_POINT('',(-132.,-104.5,-1.E-02));
#301 = VECTOR('',#302,1.);
#302 = DIRECTION('',(0.,1.,0.));
#303 = ORIENTED_EDGE('',*,*,#304,.F.);
#304 = EDGE_CURVE('',#24,#297,#305,.T.);
#305 = B_SPLINE_CURVE_WITH_KNOTS('',6,(#306,#307,#308,#309,#310,#311,
    #312),.UNSPECIFIED.,.F.,.F.,(7,7),(0.,1.),.PIECEWISE_BEZIER_KNOTS.);
#306 = CARTESIAN_POINT('',(-132.,-39.78783175462,2.149180648688E-02));
#307 = CARTESIAN_POINT('',(-132.,-39.88869036181,1.204844981669E-02));
#308 = CARTESIAN_POINT('',(-132.,-39.98538540138,3.869505519661E-03));
#309 = CARTESIAN_POINT('',(-132.,-40.07729101109,-2.753352357588E-03));
#310 = CARTESIAN_POINT('',(-132.,-40.16365342823,-7.49176672285E-03));
#311 = CARTESIAN_POINT('',(-132.,-40.2436434776,-1.000000000006E-02));
#312 = CARTESIAN_POINT('',(-132.,-40.31648803792,-1.000000000005E-02));
#313 = PLANE('',#314);
#314 = AXIS2_PLACEMENT_3D('',#315,#316,#317);
#315 = CARTESIAN_POINT('',(-132.,-104.5,0.));
#316 = DIRECTION('',(1.,0.,0.));
#317 = DIRECTION('',(0.,1.,0.));
#318 = ADVANCED_FACE('',(#319),#453,.F.);
#319 = FACE_BOUND('',#320,.F.);
#320 = EDGE_LOOP('',(#321,#322,#323,#385,#393));
#321 = ORIENTED_EDGE('',*,*,#31,.T.);
#322 = ORIENTED_EDGE('',*,*,#304,.T.);
#323 = ORIENTED_EDGE('',*,*,#324,.T.);
#324 = EDGE_CURVE('',#297,#325,#327,.T.);
#325 = VERTEX_POINT('',#326);
#326 = CARTESIAN_POINT('',(-131.3486009841,-44.93498237742,
    -2.93478158133));
#327 = ( BOUNDED_CURVE() B_SPLINE_CURVE(12,(#328,#329,#330,#331,#332,
    #333,#334,#335,#336,#337,#338,#339,#340,#341,#342,#343,#344,#345,
    #346,#347,#348,#349,#350,#351,#352,#353,#354,#355,#356,#357,#358,
    #359,#360,#361,#362,#363,#364,#365,#366,#367,#368,#369,#370,#371,
    #372,#373,#374,#375,#376,#377,#378,#379,#380,#381,#382,#383,#384),
.UNSPECIFIED.,.F.,.F.) B_SPLINE_CURVE_WITH_KNOTS((13,11,11,11,11,13),(
    -0.547294964884,0.395713099506,3.695820994024,6.500676924122,
7.508270762674,8.284429465345),.UNSPECIFIED.) CURVE() 
GEOMETRIC_REPRESENTATION_ITEM() RATIONAL_B_SPLINE_CURVE((1.,1.,1.,1.,
    1.000000000001,0.999999999999,1.000000000001,0.999999999999,
    1.000000000001,1.,1.,1.,1.,1.,1.000000000001,0.999999999999,
    1.000000000002,0.999999999998,1.000000000002,0.999999999999,
    1.000000000001,1.,1.,1.,1.,0.999999999999,1.000000000002,
    0.999999999997,1.000000000003,0.999999999998,1.000000000001,
    0.999999999999,1.,1.,1.,0.999999999999,1.000000000002,0.999999999996
    ,1.000000000005,0.999999999995,1.000000000004,0.999999999997,
    1.000000000001,0.999999999999,1.,1.,1.000000000001,0.999999999998,
    1.000000000003,0.999999999996,1.000000000005,0.999999999995,
    1.000000000003,0.999999999998,1.000000000001,1.,1.)) 
REPRESENTATION_ITEM('') );
#328 = CARTESIAN_POINT('',(-132.1765275257,-34.49888757698,
    0.782608590592));
#329 = CARTESIAN_POINT('',(-132.1765286542,-34.5984746248,0.782613657744
    ));
#330 = CARTESIAN_POINT('',(-132.1764259704,-34.69798840365,
    0.782152607514));
#331 = CARTESIAN_POINT('',(-132.1762197714,-34.79742803533,
    0.781226774026));
#332 = CARTESIAN_POINT('',(-132.1759102802,-34.89679580072,
    0.779837158512));
#333 = CARTESIAN_POINT('',(-132.1754976416,-34.99609662552,
    0.777984410924));
#334 = CARTESIAN_POINT('',(-132.1749819179,-35.09533756582,0.7756688116)
  );
#335 = CARTESIAN_POINT('',(-132.1743630852,-35.19452729393,
    0.772890252826));
#336 = CARTESIAN_POINT('',(-132.173641029,-35.29367558384,0.769648220546
    ));
#337 = CARTESIAN_POINT('',(-132.1728155402,-35.39279279711,
    0.765941775905));
#338 = CARTESIAN_POINT('',(-132.1718863111,-35.49188936837,
    0.761769536947));
#339 = CARTESIAN_POINT('',(-132.170852931,-35.59097529111,0.757129660194
    ));
#340 = CARTESIAN_POINT('',(-132.1657322198,-36.0368105307,0.734137667291
    ));
#341 = CARTESIAN_POINT('',(-132.1604686084,-36.3833970903,0.71050405186)
  );
#342 = CARTESIAN_POINT('',(-132.1539158683,-36.72950052748,
    0.681082248779));
#343 = CARTESIAN_POINT('',(-132.1460538123,-37.07516037795,
    0.645781617506));
#344 = CARTESIAN_POINT('',(-132.1368542691,-37.42045581043,
    0.604475668682));
#345 = CARTESIAN_POINT('',(-132.1262832578,-37.7653627077,0.557011827712
    ));
#346 = CARTESIAN_POINT('',(-132.1143015154,-38.10973537198,0.50321380421
    ));
#347 = CARTESIAN_POINT('',(-132.1008635799,-38.45336174058,
    0.442877474085));
#348 = CARTESIAN_POINT('',(-132.0859156305,-38.79604099757,
    0.375761181063));
#349 = CARTESIAN_POINT('',(-132.069392286,-39.13763246734,0.301571364398
    ));
#350 = CARTESIAN_POINT('',(-132.0512125656,-39.47802467607,
    0.219944419602));
#351 = CARTESIAN_POINT('',(-132.0143298846,-40.10505572228,
    5.434118211458E-02));
#352 = CARTESIAN_POINT('',(-131.9961132882,-40.39210226886,
    -2.745133561186E-02));
#353 = CARTESIAN_POINT('',(-131.9765691335,-40.67798983854,
    -0.115204590296));
#354 = CARTESIAN_POINT('',(-131.9556242032,-40.96258460587,
    -0.209247327318));
#355 = CARTESIAN_POINT('',(-131.9331919146,-41.24573578481,
    -0.309968303213));
#356 = CARTESIAN_POINT('',(-131.9091729562,-41.52726503121,
    -0.417813426619));
#357 = CARTESIAN_POINT('',(-131.8834529981,-41.80695165046,
    -0.533296038464));
#358 = CARTESIAN_POINT('',(-131.8558974763,-42.08451361078,
    -0.657020331244));
#359 = CARTESIAN_POINT('',(-131.8263434504,-42.35958436164,
    -0.789717907574));
#360 = CARTESIAN_POINT('',(-131.794588535,-42.63168545787,
    -0.932297477818));
#361 = CARTESIAN_POINT('',(-131.7603769049,-42.90019498893,
    -1.085907696971));
#362 = CARTESIAN_POINT('',(-131.7100927568,-43.25919101321,
    -1.311683521542));
#363 = CARTESIAN_POINT('',(-131.6964506724,-43.35347316809,
    -1.372936480681));
#364 = CARTESIAN_POINT('',(-131.6823899732,-43.44733656243,
    -1.436069019997));
#365 = CARTESIAN_POINT('',(-131.6680557987,-43.54002764059,
    -1.500429463822));
#366 = CARTESIAN_POINT('',(-131.6531535149,-43.63275600792,
    -1.567340717884));
#367 = CARTESIAN_POINT('',(-131.6378701999,-43.72447551755,
    -1.635962802262));
#368 = CARTESIAN_POINT('',(-131.6222758338,-43.81478121501,
    -1.705981505948));
#369 = CARTESIAN_POINT('',(-131.6060091817,-43.90520352998,
    -1.779018773955));
#370 = CARTESIAN_POINT('',(-131.5891135482,-43.99510301042,
    -1.854880168519));
#371 = CARTESIAN_POINT('',(-131.5723418285,-44.0805847899,-1.93018519002
    ));
#372 = CARTESIAN_POINT('',(-131.5553302565,-44.16378557344,
    -2.00656714808));
#373 = CARTESIAN_POINT('',(-131.524610766,-44.30749102979,
    -2.144497660627));
#374 = CARTESIAN_POINT('',(-131.511036303,-44.3689089146,-2.205446999224
    ));
#375 = CARTESIAN_POINT('',(-131.4971602794,-44.4290897062,-2.26775034517
    ));
#376 = CARTESIAN_POINT('',(-131.4830143334,-44.49022847654,
    -2.331265642625));
#377 = CARTESIAN_POINT('',(-131.4679714982,-44.54832446825,
    -2.398807972826));
#378 = CARTESIAN_POINT('',(-131.4538408786,-44.60707375728,
    -2.462254454723));
#379 = CARTESIAN_POINT('',(-131.4366252209,-44.6709743747,
    -2.539552757905));
#380 = CARTESIAN_POINT('',(-131.4196865615,-44.72220385527,
    -2.615607338659));
#381 = CARTESIAN_POINT('',(-131.4026801546,-44.78038538139,
    -2.69196610569));
#382 = CARTESIAN_POINT('',(-131.3853098724,-44.83315125898,
    -2.769958672506));
#383 = CARTESIAN_POINT('',(-131.3673089428,-44.88494699392,
    -2.850782846511));
#384 = CARTESIAN_POINT('',(-131.3486009841,-44.93498237742,
    -2.93478158133));
#385 = ORIENTED_EDGE('',*,*,#386,.F.);
#386 = EDGE_CURVE('',#387,#325,#389,.T.);
#387 = VERTEX_POINT('',#388);
#388 = CARTESIAN_POINT('',(-130.4573140355,-43.99387134827,
    -3.086512334145));
#389 = ( BOUNDED_CURVE() B_SPLINE_CURVE(2,(#390,#391,#392),
.UNSPECIFIED.,.F.,.F.) B_SPLINE_CURVE_WITH_KNOTS((3,3),(0.,
8.831724430229),.PIECEWISE_BEZIER_KNOTS.) CURVE() 
GEOMETRIC_REPRESENTATION_ITEM() RATIONAL_B_SPLINE_CURVE((1.,
0.75777559092,1.)) REPRESENTATION_ITEM('') );
#390 = CARTESIAN_POINT('',(-130.4573140355,-43.99387134827,
    -3.086512334145));
#391 = CARTESIAN_POINT('',(-131.2579198036,-44.18166967864,
    -3.34194008161));
#392 = CARTESIAN_POINT('',(-131.3486009841,-44.93498237742,
    -2.93478158133));
#393 = ORIENTED_EDGE('',*,*,#394,.F.);
#394 = EDGE_CURVE('',#32,#387,#395,.T.);
#395 = ( BOUNDED_CURVE() B_SPLINE_CURVE(12,(#396,#397,#398,#399,#400,
    #401,#402,#403,#404,#405,#406,#407,#408,#409,#410,#411,#412,#413,
    #414,#415,#416,#417,#418,#419,#420,#421,#422,#423,#424,#425,#426,
    #427,#428,#429,#430,#431,#432,#433,#434,#435,#436,#437,#438,#439,
    #440,#441,#442,#443,#444,#445,#446,#447,#448,#449,#450,#451,#452),
.UNSPECIFIED.,.F.,.F.) B_SPLINE_CURVE_WITH_KNOTS((13,11,11,11,11,13),(
    -0.547294964884,0.395713099506,3.695820994024,6.500676924122,
7.508270762674,8.284429465345),.UNSPECIFIED.) CURVE() 
GEOMETRIC_REPRESENTATION_ITEM() RATIONAL_B_SPLINE_CURVE((1.,1.,1.,1.,
    1.000000000001,0.999999999999,1.000000000001,0.999999999999,
    1.000000000001,1.,1.,1.,1.,1.,1.000000000001,0.999999999999,
    1.000000000002,0.999999999998,1.000000000002,0.999999999999,
    1.000000000001,1.,1.,1.,1.,0.999999999999,1.000000000002,
    0.999999999997,1.000000000003,0.999999999998,1.000000000001,
    0.999999999999,1.,1.,1.,0.999999999999,1.000000000002,0.999999999996
    ,1.000000000005,0.999999999995,1.000000000004,0.999999999997,
    1.000000000001,0.999999999999,1.,1.,1.000000000001,0.999999999998,
    1.000000000003,0.999999999996,1.000000000005,0.999999999995,
    1.000000000003,0.999999999998,1.000000000001,1.,1.)) 
REPRESENTATION_ITEM('') );
#396 = CARTESIAN_POINT('',(-131.2004431512,-34.5,0.));
#397 = CARTESIAN_POINT('',(-131.2004430822,-34.59503199286,
    1.310063169058E-14));
#398 = CARTESIAN_POINT('',(-131.200339819,-34.69001199813,
    -4.43497281458E-04));
#399 = CARTESIAN_POINT('',(-131.2001336114,-34.78494393113,
    -1.329395592007E-03));
#400 = CARTESIAN_POINT('',(-131.1998245712,-34.87983420334,
    -2.657173175778E-03));
#401 = CARTESIAN_POINT('',(-131.1994126933,-34.97469059371,
    -4.426791169216E-03));
#402 = CARTESIAN_POINT('',(-131.1988978776,-35.0695211198,
    -6.638602008041E-03));
#403 = CARTESIAN_POINT('',(-131.19827995,-35.16433290914,
    -9.293257815953E-03));
#404 = CARTESIAN_POINT('',(-131.1975586845,-35.25913107031,
    -1.239161881814E-02));
#405 = CARTESIAN_POINT('',(-131.1967338242,-35.35391756438,
    -1.593466172663E-02));
#406 = CARTESIAN_POINT('',(-131.195805103,-35.44869007595,
    -1.992338815227E-02));
#407 = CARTESIAN_POINT('',(-131.1947722672,-35.54344088453,
    -2.435873299589E-02));
#408 = CARTESIAN_POINT('',(-131.1896555069,-35.96961549715,
    -4.632888594806E-02));
#409 = CARTESIAN_POINT('',(-131.1843977662,-36.30066390391,
    -6.889707249733E-02));
#410 = CARTESIAN_POINT('',(-131.1778510808,-36.63116270046,
    -9.698408948731E-02));
#411 = CARTESIAN_POINT('',(-131.1699942918,-36.96107279314,
    -0.130669615967));
#412 = CARTESIAN_POINT('',(-131.1608000539,-37.29032132653,
    -0.170055872343));
#413 = CARTESIAN_POINT('',(-131.1502362942,-37.61875557398,
    -0.21526058133));
#414 = CARTESIAN_POINT('',(-131.138265638,-37.94615439252,
    -0.266418580756));
#415 = CARTESIAN_POINT('',(-131.1248434951,-38.27226799268,
    -0.323688698432));
#416 = CARTESIAN_POINT('',(-131.1099154935,-38.5968567733,
    -0.387262499284));
#417 = CARTESIAN_POINT('',(-131.0934149513,-38.91969997202,
    -0.457371514963));
#418 = CARTESIAN_POINT('',(-131.0752610772,-39.24054488153,
    -0.534289566121));
#419 = CARTESIAN_POINT('',(-131.0384428938,-39.82960375737,
    -0.689752421666));
#420 = CARTESIAN_POINT('',(-131.0202631639,-40.09849227601,
    -0.766320399173));
#421 = CARTESIAN_POINT('',(-131.0007621981,-40.36543507418,
    -0.848226016477));
#422 = CARTESIAN_POINT('',(-130.9798681336,-40.63020492032,
    -0.935698128583));
#423 = CARTESIAN_POINT('',(-130.9574970498,-40.8925340399,
    -1.028997003255));
#424 = CARTESIAN_POINT('',(-130.9335531895,-41.15210020147,
    -1.128414296963));
#425 = CARTESIAN_POINT('',(-130.9079267999,-41.40851006364,
    -1.234275152594));
#426 = CARTESIAN_POINT('',(-130.8804895904,-41.66127978318,
    -1.346942418965));
#427 = CARTESIAN_POINT('',(-130.8510878088,-41.90981288421,
    -1.466822992111));
#428 = CARTESIAN_POINT('',(-130.8195329361,-42.15337538845,
    -1.594376278365));
#429 = CARTESIAN_POINT('',(-130.7855899982,-42.39106820651,
    -1.73012477922));
#430 = CARTESIAN_POINT('',(-130.7358060868,-42.70468186718,
    -1.926590907857));
#431 = CARTESIAN_POINT('',(-130.7223123254,-42.78662689899,
    -1.979610545664));
#432 = CARTESIAN_POINT('',(-130.7084004456,-42.86784669512,
    -2.034016387174));
#433 = CARTESIAN_POINT('',(-130.6942655742,-42.94744683054,
    -2.089025371657));
#434 = CARTESIAN_POINT('',(-130.6795550493,-43.02673548974,
    -2.145965892149));
#435 = CARTESIAN_POINT('',(-130.6644769364,-43.10470417265,
    -2.204001929193));
#436 = CARTESIAN_POINT('',(-130.649141041,-43.18081742408,
    -2.262670864557));
#437 = CARTESIAN_POINT('',(-130.6331542059,-43.25653646687,
    -2.323434420783));
#438 = CARTESIAN_POINT('',(-130.6165303691,-43.33142337776,
    -2.386176433124));
#439 = CARTESIAN_POINT('',(-130.6000914381,-43.40183715617,
    -2.447706567411));
#440 = CARTESIAN_POINT('',(-130.5834882598,-43.46974661354,
    -2.509427246039));
#441 = CARTESIAN_POINT('',(-130.5534536518,-43.58642193683,-2.6201535007
    ));
#442 = CARTESIAN_POINT('',(-130.5400341249,-43.636012203,-2.668913615714
    ));
#443 = CARTESIAN_POINT('',(-130.5273840815,-43.68453201358,
    -2.717368521158));
#444 = CARTESIAN_POINT('',(-130.5093375833,-43.73801615309,
    -2.776940162834));
#445 = CARTESIAN_POINT('',(-130.5023219127,-43.76843631822,
    -2.801602904853));
#446 = CARTESIAN_POINT('',(-130.4752608608,-43.8703029033,-2.92937099953
    ));
#447 = CARTESIAN_POINT('',(-130.4687379118,-43.81653359405,
    -2.864936756351));
#448 = CARTESIAN_POINT('',(-130.4827997698,-43.87850402667,
    -2.93538124037));
#449 = CARTESIAN_POINT('',(-130.4665490671,-43.90102365194,
    -2.964888622047));
#450 = CARTESIAN_POINT('',(-130.4623511286,-43.93553757965,
    -3.008395521408));
#451 = CARTESIAN_POINT('',(-130.4585578178,-43.96492759954,
    -3.047145442402));
#452 = CARTESIAN_POINT('',(-130.4573140355,-43.99387134827,
    -3.086512334145));
#453 = ( BOUNDED_SURFACE() B_SPLINE_SURFACE(2,12,(
    (#454,#455,#456,#457,#458,#459,#460,#461,#462,#463,#464,#465,#466
      ,#467,#468,#469,#470,#471,#472,#473,#474,#475,#476,#477,#478,#479
      ,#480,#481,#482,#483,#484,#485,#486,#487,#488,#489,#490,#491,#492
      ,#493,#494,#495,#496,#497,#498,#499,#500,#501,#502,#503,#504,#505
      ,#506,#507,#508,#509,#510)
    ,(#511,#512,#513,#514,#515,#516,#517,#518,#519,#520,#521,#522,#523
      ,#524,#525,#526,#527,#528,#529,#530,#531,#532,#533,#534,#535,#536
      ,#537,#538,#539,#540,#541,#542,#543,#544,#545,#546,#547,#548,#549
      ,#550,#551,#552,#553,#554,#555,#556,#557,#558,#559,#560,#561,#562
      ,#563,#564,#565,#566,#567)
    ,(#568,#569,#570,#571,#572,#573,#574,#575,#576,#577,#578,#579,#580
      ,#581,#582,#583,#584,#585,#586,#587,#588,#589,#590,#591,#592,#593
      ,#594,#595,#596,#597,#598,#599,#600,#601,#602,#603,#604,#605,#606
      ,#607,#608,#609,#610,#611,#612,#613,#614,#615,#616,#617,#618,#619
      ,#620,#621,#622,#623,#624
)),.UNSPECIFIED.,.F.,.F.,.F.) B_SPLINE_SURFACE_WITH_KNOTS((3,3),(13,11,
    11,11,11,13),(0.,8.831724430229),(-0.547294964884,0.395713099506,
    3.695820994024,6.500676924122,7.508270762674,8.284429465345),
.UNSPECIFIED.) GEOMETRIC_REPRESENTATION_ITEM() RATIONAL_B_SPLINE_SURFACE
((
    (1.,1.,1.,1.,1.000000000001,0.999999999999,1.000000000001
      ,0.999999999999,1.000000000001,1.,1.,1.,1.,1.,1.000000000001
      ,0.999999999999,1.000000000002,0.999999999998,1.000000000002
      ,0.999999999999,1.000000000001,1.,1.,1.,1.,0.999999999999
      ,1.000000000002,0.999999999997,1.000000000003,0.999999999998
      ,1.000000000001,0.999999999999,1.,1.,1.,0.999999999999
      ,1.000000000002,0.999999999996,1.000000000005,0.999999999995
      ,1.000000000004,0.999999999997,1.000000000001,0.999999999999,1.,1.
      ,1.000000000001,0.999999999998,1.000000000003,0.999999999996
      ,1.000000000005,0.999999999995,1.000000000003,0.999999999998
      ,1.000000000001,1.,1.)
    ,(0.780189376105,0.780189354515,0.780187950552,0.780185166004
      ,0.780180999446,0.780175446578,0.780168500576,0.780160152419
      ,0.780150391253,0.780139204708,0.780126579259,0.780112500557
      ,0.780042546974,0.779970153317,0.77987904245,0.779768140853
      ,0.779636007272,0.779480797398,0.779300196439,0.779091297937
      ,0.77885040753,0.778572749994,0.778252058229,0.777563818898
      ,0.77721019201,0.776814870226,0.776371197911,0.775870885497
      ,0.775304115336,0.774659003246,0.773920415996,0.773068144442
      ,0.772074432598,0.770900862403,0.768989417956,0.768454595956
      ,0.767884623057,0.767286087928,0.766640721633,0.765955423226
      ,0.765232275011,0.764449501829,0.763603024005,0.762728221792
      ,0.761813296026,0.760089721491,0.759284370899,0.758603675881
      ,0.757146613068,0.757278248804,0.754769943832,0.754293168557
      ,0.757314876922,0.756040181876,0.756478563531,0.756954752406
      ,0.75777559092)
    ,(1.,1.,1.,1.,1.000000000001,0.999999999999,1.000000000001
      ,0.999999999999,1.000000000001,1.,1.,1.,1.,1.,1.000000000001
      ,0.999999999999,1.000000000002,0.999999999998,1.000000000002
      ,0.999999999999,1.000000000001,1.,1.,1.,1.,0.999999999999
      ,1.000000000002,0.999999999997,1.000000000003,0.999999999998
      ,1.000000000001,0.999999999999,1.,1.,1.,0.999999999999
      ,1.000000000002,0.999999999996,1.000000000005,0.999999999995
      ,1.000000000004,0.999999999997,1.000000000001,0.999999999999,1.,1.
      ,1.000000000001,0.999999999998,1.000000000003,0.999999999996
      ,1.000000000005,0.999999999995,1.000000000003,0.999999999998
,1.000000000001,1.,1.))) REPRESENTATION_ITEM('') SURFACE() );
#454 = CARTESIAN_POINT('',(-131.2004431512,-34.5,0.));
#455 = CARTESIAN_POINT('',(-131.2004430822,-34.59503199286,
    1.310063169058E-14));
#456 = CARTESIAN_POINT('',(-131.200339819,-34.69001199813,
    -4.43497281458E-04));
#457 = CARTESIAN_POINT('',(-131.2001336114,-34.78494393113,
    -1.329395592007E-03));
#458 = CARTESIAN_POINT('',(-131.1998245712,-34.87983420334,
    -2.657173175778E-03));
#459 = CARTESIAN_POINT('',(-131.1994126933,-34.97469059371,
    -4.426791169216E-03));
#460 = CARTESIAN_POINT('',(-131.1988978776,-35.0695211198,
    -6.638602008041E-03));
#461 = CARTESIAN_POINT('',(-131.19827995,-35.16433290914,
    -9.293257815953E-03));
#462 = CARTESIAN_POINT('',(-131.1975586845,-35.25913107031,
    -1.239161881814E-02));
#463 = CARTESIAN_POINT('',(-131.1967338242,-35.35391756438,
    -1.593466172663E-02));
#464 = CARTESIAN_POINT('',(-131.195805103,-35.44869007595,
    -1.992338815227E-02));
#465 = CARTESIAN_POINT('',(-131.1947722672,-35.54344088453,
    -2.435873299589E-02));
#466 = CARTESIAN_POINT('',(-131.1896555069,-35.96961549715,
    -4.632888594806E-02));
#467 = CARTESIAN_POINT('',(-131.1843977662,-36.30066390391,
    -6.889707249733E-02));
#468 = CARTESIAN_POINT('',(-131.1778510808,-36.63116270046,
    -9.698408948731E-02));
#469 = CARTESIAN_POINT('',(-131.1699942918,-36.96107279314,
    -0.130669615967));
#470 = CARTESIAN_POINT('',(-131.1608000539,-37.29032132653,
    -0.170055872343));
#471 = CARTESIAN_POINT('',(-131.1502362942,-37.61875557398,
    -0.21526058133));
#472 = CARTESIAN_POINT('',(-131.138265638,-37.94615439252,
    -0.266418580756));
#473 = CARTESIAN_POINT('',(-131.1248434951,-38.27226799268,
    -0.323688698432));
#474 = CARTESIAN_POINT('',(-131.1099154935,-38.5968567733,
    -0.387262499284));
#475 = CARTESIAN_POINT('',(-131.0934149513,-38.91969997202,
    -0.457371514963));
#476 = CARTESIAN_POINT('',(-131.0752610772,-39.24054488153,
    -0.534289566121));
#477 = CARTESIAN_POINT('',(-131.0384428938,-39.82960375737,
    -0.689752421666));
#478 = CARTESIAN_POINT('',(-131.0202631639,-40.09849227601,
    -0.766320399173));
#479 = CARTESIAN_POINT('',(-131.0007621981,-40.36543507418,
    -0.848226016477));
#480 = CARTESIAN_POINT('',(-130.9798681336,-40.63020492032,
    -0.935698128583));
#481 = CARTESIAN_POINT('',(-130.9574970498,-40.8925340399,
    -1.028997003255));
#482 = CARTESIAN_POINT('',(-130.9335531895,-41.15210020147,
    -1.128414296963));
#483 = CARTESIAN_POINT('',(-130.9079267999,-41.40851006364,
    -1.234275152594));
#484 = CARTESIAN_POINT('',(-130.8804895904,-41.66127978318,
    -1.346942418965));
#485 = CARTESIAN_POINT('',(-130.8510878088,-41.90981288421,
    -1.466822992111));
#486 = CARTESIAN_POINT('',(-130.8195329361,-42.15337538845,
    -1.594376278365));
#487 = CARTESIAN_POINT('',(-130.7855899982,-42.39106820651,
    -1.73012477922));
#488 = CARTESIAN_POINT('',(-130.7358060868,-42.70468186718,
    -1.926590907857));
#489 = CARTESIAN_POINT('',(-130.7223123254,-42.78662689899,
    -1.979610545664));
#490 = CARTESIAN_POINT('',(-130.7084004456,-42.86784669512,
    -2.034016387174));
#491 = CARTESIAN_POINT('',(-130.6942655742,-42.94744683054,
    -2.089025371657));
#492 = CARTESIAN_POINT('',(-130.6795550493,-43.02673548974,
    -2.145965892149));
#493 = CARTESIAN_POINT('',(-130.6644769364,-43.10470417265,
    -2.204001929193));
#494 = CARTESIAN_POINT('',(-130.649141041,-43.18081742408,
    -2.262670864557));
#495 = CARTESIAN_POINT('',(-130.6331542059,-43.25653646687,
    -2.323434420783));
#496 = CARTESIAN_POINT('',(-130.6165303691,-43.33142337776,
    -2.386176433124));
#497 = CARTESIAN_POINT('',(-130.6000914381,-43.40183715617,
    -2.447706567411));
#498 = CARTESIAN_POINT('',(-130.5834882598,-43.46974661354,
    -2.509427246039));
#499 = CARTESIAN_POINT('',(-130.5534536518,-43.58642193683,-2.6201535007
    ));
#500 = CARTESIAN_POINT('',(-130.5400341249,-43.636012203,-2.668913615714
    ));
#501 = CARTESIAN_POINT('',(-130.5273840815,-43.68453201358,
    -2.717368521158));
#502 = CARTESIAN_POINT('',(-130.5093375833,-43.73801615309,
    -2.776940162834));
#503 = CARTESIAN_POINT('',(-130.5023219127,-43.76843631822,
    -2.801602904853));
#504 = CARTESIAN_POINT('',(-130.4752608608,-43.8703029033,-2.92937099953
    ));
#505 = CARTESIAN_POINT('',(-130.4687379118,-43.81653359405,
    -2.864936756351));
#506 = CARTESIAN_POINT('',(-130.4827997698,-43.87850402667,
    -2.93538124037));
#507 = CARTESIAN_POINT('',(-130.4665490671,-43.90102365194,
    -2.964888622047));
#508 = CARTESIAN_POINT('',(-130.4623511286,-43.93553757965,
    -3.008395521408));
#509 = CARTESIAN_POINT('',(-130.4585578178,-43.96492759954,
    -3.047145442402));
#510 = CARTESIAN_POINT('',(-130.4573140355,-43.99387134827,
    -3.086512334145));
#511 = CARTESIAN_POINT('',(-132.0022271714,-34.49980135328,
    2.22044604925E-16));
#512 = CARTESIAN_POINT('',(-132.0022273606,-34.59564675036,
    8.49500692679E-07));
#513 = CARTESIAN_POINT('',(-132.0021270863,-34.69143670055,
    -4.493823161578E-04));
#514 = CARTESIAN_POINT('',(-132.0019266021,-34.78717411395,
    -1.349556514758E-03));
#515 = CARTESIAN_POINT('',(-132.0016260419,-34.88286451658,
    -2.699071445799E-03));
#516 = CARTESIAN_POINT('',(-132.0012254365,-34.97851503106,
    -4.497789742823E-03));
#517 = CARTESIAN_POINT('',(-132.0007247293,-35.07413335698,
    -6.74596532572E-03));
#518 = CARTESIAN_POINT('',(-132.0001237927,-35.1697267512,
    -9.444170468128E-03));
#519 = CARTESIAN_POINT('',(-131.9994224448,-35.26530100751,
    -1.259322283494E-02));
#520 = CARTESIAN_POINT('',(-131.9986204649,-35.36085943629,
    -1.619411258276E-02));
#521 = CARTESIAN_POINT('',(-131.9977176103,-35.45640184354,
    -2.024792942111E-02));
#522 = CARTESIAN_POINT('',(-131.9967136325,-35.55192350954,
    -2.475578970415E-02));
#523 = CARTESIAN_POINT('',(-131.9917397511,-35.98161887375,
    -4.708851716216E-02));
#524 = CARTESIAN_POINT('',(-131.9866292261,-36.31546164993,
    -7.003477475549E-02));
#525 = CARTESIAN_POINT('',(-131.9802678777,-36.64876584347,
    -9.859722880306E-02));
#526 = CARTESIAN_POINT('',(-131.9726369015,-36.98150065231,
    -0.132860312116));
#527 = CARTESIAN_POINT('',(-131.9637118436,-37.31361386983,
    -0.172933822193));
#528 = CARTESIAN_POINT('',(-131.953464288,-37.64496800693,
    -0.218945346699));
#529 = CARTESIAN_POINT('',(-131.9418616182,-37.97534617697,
    -0.271041334282));
#530 = CARTESIAN_POINT('',(-131.9288655515,-38.30449420698,
    -0.329393673458));
#531 = CARTESIAN_POINT('',(-131.9144301412,-38.632165489,-0.394208665714
    ));
#532 = CARTESIAN_POINT('',(-131.8984999314,-38.95813510224,
    -0.465735307887));
#533 = CARTESIAN_POINT('',(-131.8810089456,-39.28214970544,
    -0.544269833956));
#534 = CARTESIAN_POINT('',(-131.8456095536,-39.87738398152,
    -0.703213104334));
#535 = CARTESIAN_POINT('',(-131.8281506996,-40.14931897144,
    -0.78160335866));
#536 = CARTESIAN_POINT('',(-131.809454449,-40.41939684135,
    -0.865549523862));
#537 = CARTESIAN_POINT('',(-131.7894639462,-40.68738694851,
    -0.95530688134));
#538 = CARTESIAN_POINT('',(-131.7681142229,-40.95301643006,
    -1.051167139136));
#539 = CARTESIAN_POINT('',(-131.7453310514,-41.21596033201,
    -1.153463578821));
#540 = CARTESIAN_POINT('',(-131.7210299559,-41.47582263537,
    -1.262575497645));
#541 = CARTESIAN_POINT('',(-131.6951152223,-41.73210955621,
    -1.378932651771));
#542 = CARTESIAN_POINT('',(-131.6674787088,-41.98419636234,
    -1.503020597459));
#543 = CARTESIAN_POINT('',(-131.6379982045,-42.23128875193,
    -1.635388061682));
#544 = CARTESIAN_POINT('',(-131.6065350181,-42.47237953687,
    -1.776657768543));
#545 = CARTESIAN_POINT('',(-131.5608285342,-42.79040580368,
    -1.98187988101));
#546 = CARTESIAN_POINT('',(-131.5484570876,-42.87364011339,
    -2.03742767661));
#547 = CARTESIAN_POINT('',(-131.535730183,-42.9561908158,-2.094571478208
    ));
#548 = CARTESIAN_POINT('',(-131.522875271,-43.03693440513,
    -2.152290033012));
#549 = CARTESIAN_POINT('',(-131.5095140602,-43.11749028277,
    -2.212281869623));
#550 = CARTESIAN_POINT('',(-131.4958745603,-43.19666832995,
    -2.273523224094));
#551 = CARTESIAN_POINT('',(-131.4820990495,-43.27374955886,
    -2.335375267549));
#552 = CARTESIAN_POINT('',(-131.4677887237,-43.35045305432,
    -2.39962863036));
#553 = CARTESIAN_POINT('',(-131.452950869,-43.42639623266,
    -2.466250598149));
#554 = CARTESIAN_POINT('',(-131.4384275981,-43.49743139327,
    -2.531460084242));
#555 = CARTESIAN_POINT('',(-131.4238072443,-43.56597002271,
    -2.597105473095));
#556 = CARTESIAN_POINT('',(-131.3975359124,-43.68347110503,
    -2.715063753062));
#557 = CARTESIAN_POINT('',(-131.3859553069,-43.73336245141,
    -2.767060671975));
#558 = CARTESIAN_POINT('',(-131.3742563485,-43.78222170341,
    -2.819588995054));
#559 = CARTESIAN_POINT('',(-131.361892781,-43.8305239272,-2.875101413035
    ));
#560 = CARTESIAN_POINT('',(-131.3504473547,-43.87651752419,
    -2.92649137718));
#561 = CARTESIAN_POINT('',(-131.3362449803,-43.92525229622,
    -2.990260038183));
#562 = CARTESIAN_POINT('',(-131.3259318155,-43.96337595279,
    -3.036566147954));
#563 = CARTESIAN_POINT('',(-131.3122334687,-44.01508736675,
    -3.098071725546));
#564 = CARTESIAN_POINT('',(-131.2991836231,-44.05639169991,
    -3.15666553188));
#565 = CARTESIAN_POINT('',(-131.2858167247,-44.09908425598,
    -3.216682905875));
#566 = CARTESIAN_POINT('',(-131.2721126314,-44.14062569432,
    -3.278214284828));
#567 = CARTESIAN_POINT('',(-131.2579198036,-44.18166967864,
    -3.34194008161));
#568 = CARTESIAN_POINT('',(-132.1765275257,-34.49888757698,
    0.782608590592));
#569 = CARTESIAN_POINT('',(-132.1765286542,-34.5984746248,0.782613657744
    ));
#570 = CARTESIAN_POINT('',(-132.1764259704,-34.69798840365,
    0.782152607514));
#571 = CARTESIAN_POINT('',(-132.1762197714,-34.79742803533,
    0.781226774026));
#572 = CARTESIAN_POINT('',(-132.1759102802,-34.89679580072,
    0.779837158512));
#573 = CARTESIAN_POINT('',(-132.1754976416,-34.99609662552,
    0.777984410924));
#574 = CARTESIAN_POINT('',(-132.1749819179,-35.09533756582,0.7756688116)
  );
#575 = CARTESIAN_POINT('',(-132.1743630852,-35.19452729393,
    0.772890252826));
#576 = CARTESIAN_POINT('',(-132.173641029,-35.29367558384,0.769648220546
    ));
#577 = CARTESIAN_POINT('',(-132.1728155402,-35.39279279711,
    0.765941775905));
#578 = CARTESIAN_POINT('',(-132.1718863111,-35.49188936837,
    0.761769536947));
#579 = CARTESIAN_POINT('',(-132.170852931,-35.59097529111,0.757129660194
    ));
#580 = CARTESIAN_POINT('',(-132.1657322198,-36.0368105307,0.734137667291
    ));
#581 = CARTESIAN_POINT('',(-132.1604686084,-36.3833970903,0.71050405186)
  );
#582 = CARTESIAN_POINT('',(-132.1539158683,-36.72950052748,
    0.681082248779));
#583 = CARTESIAN_POINT('',(-132.1460538123,-37.07516037795,
    0.645781617506));
#584 = CARTESIAN_POINT('',(-132.1368542691,-37.42045581043,
    0.604475668682));
#585 = CARTESIAN_POINT('',(-132.1262832578,-37.7653627077,0.557011827712
    ));
#586 = CARTESIAN_POINT('',(-132.1143015154,-38.10973537198,0.50321380421
    ));
#587 = CARTESIAN_POINT('',(-132.1008635799,-38.45336174058,
    0.442877474085));
#588 = CARTESIAN_POINT('',(-132.0859156305,-38.79604099757,
    0.375761181063));
#589 = CARTESIAN_POINT('',(-132.069392286,-39.13763246734,0.301571364398
    ));
#590 = CARTESIAN_POINT('',(-132.0512125656,-39.47802467607,
    0.219944419602));
#591 = CARTESIAN_POINT('',(-132.0143298846,-40.10505572228,
    5.434118211458E-02));
#592 = CARTESIAN_POINT('',(-131.9961132882,-40.39210226886,
    -2.745133561186E-02));
#593 = CARTESIAN_POINT('',(-131.9765691335,-40.67798983854,
    -0.115204590296));
#594 = CARTESIAN_POINT('',(-131.9556242032,-40.96258460587,
    -0.209247327318));
#595 = CARTESIAN_POINT('',(-131.9331919146,-41.24573578481,
    -0.309968303213));
#596 = CARTESIAN_POINT('',(-131.9091729562,-41.52726503121,
    -0.417813426619));
#597 = CARTESIAN_POINT('',(-131.8834529981,-41.80695165046,
    -0.533296038464));
#598 = CARTESIAN_POINT('',(-131.8558974763,-42.08451361078,
    -0.657020331244));
#599 = CARTESIAN_POINT('',(-131.8263434504,-42.35958436164,
    -0.789717907574));
#600 = CARTESIAN_POINT('',(-131.794588535,-42.63168545787,
    -0.932297477818));
#601 = CARTESIAN_POINT('',(-131.7603769049,-42.90019498893,
    -1.085907696971));
#602 = CARTESIAN_POINT('',(-131.7100927568,-43.25919101321,
    -1.311683521542));
#603 = CARTESIAN_POINT('',(-131.6964506724,-43.35347316809,
    -1.372936480681));
#604 = CARTESIAN_POINT('',(-131.6823899732,-43.44733656243,
    -1.436069019997));
#605 = CARTESIAN_POINT('',(-131.6680557987,-43.54002764059,
    -1.500429463822));
#606 = CARTESIAN_POINT('',(-131.6531535149,-43.63275600792,
    -1.567340717884));
#607 = CARTESIAN_POINT('',(-131.6378701999,-43.72447551755,
    -1.635962802262));
#608 = CARTESIAN_POINT('',(-131.6222758338,-43.81478121501,
    -1.705981505948));
#609 = CARTESIAN_POINT('',(-131.6060091817,-43.90520352998,
    -1.779018773955));
#610 = CARTESIAN_POINT('',(-131.5891135482,-43.99510301042,
    -1.854880168519));
#611 = CARTESIAN_POINT('',(-131.5723418285,-44.0805847899,-1.93018519002
    ));
#612 = CARTESIAN_POINT('',(-131.5553302565,-44.16378557344,
    -2.00656714808));
#613 = CARTESIAN_POINT('',(-131.524610766,-44.30749102979,
    -2.144497660627));
#614 = CARTESIAN_POINT('',(-131.511036303,-44.3689089146,-2.205446999224
    ));
#615 = CARTESIAN_POINT('',(-131.4971602794,-44.4290897062,-2.26775034517
    ));
#616 = CARTESIAN_POINT('',(-131.4830143334,-44.49022847654,
    -2.331265642625));
#617 = CARTESIAN_POINT('',(-131.4679714982,-44.54832446825,
    -2.398807972826));
#618 = CARTESIAN_POINT('',(-131.4538408786,-44.60707375728,
    -2.462254454723));
#619 = CARTESIAN_POINT('',(-131.4366252209,-44.6709743747,
    -2.539552757905));
#620 = CARTESIAN_POINT('',(-131.4196865615,-44.72220385527,
    -2.615607338659));
#621 = CARTESIAN_POINT('',(-131.4026801546,-44.78038538139,
    -2.69196610569));
#622 = CARTESIAN_POINT('',(-131.3853098724,-44.83315125898,
    -2.769958672506));
#623 = CARTESIAN_POINT('',(-131.3673089428,-44.88494699392,
    -2.850782846511));
#624 = CARTESIAN_POINT('',(-131.3486009841,-44.93498237742,
    -2.93478158133));
#625 = ADVANCED_FACE('',(#626),#749,.T.);
#626 = FACE_BOUND('',#627,.T.);
#627 = EDGE_LOOP('',(#628,#638,#645,#646,#647,#655,#663,#671,#679,#687,
    #695,#703,#711,#719,#725,#726,#735,#743));
#628 = ORIENTED_EDGE('',*,*,#629,.F.);
#629 = EDGE_CURVE('',#630,#632,#634,.T.);
#630 = VERTEX_POINT('',#631);
#631 = CARTESIAN_POINT('',(-133.5,-104.5,1.));
#632 = VERTEX_POINT('',#633);
#633 = CARTESIAN_POINT('',(-133.5,-104.5,16.5));
#634 = LINE('',#635,#636);
#635 = CARTESIAN_POINT('',(-133.5,-104.5,0.));
#636 = VECTOR('',#637,1.);
#637 = DIRECTION('',(0.,0.,1.));
#638 = ORIENTED_EDGE('',*,*,#639,.T.);
#639 = EDGE_CURVE('',#630,#266,#640,.T.);
#640 = CIRCLE('',#641,1.);
#641 = AXIS2_PLACEMENT_3D('',#642,#643,#644);
#642 = CARTESIAN_POINT('',(-132.5,-104.5,1.));
#643 = DIRECTION('',(0.,-1.,0.));
#644 = DIRECTION('',(0.,0.,-1.));
#645 = ORIENTED_EDGE('',*,*,#273,.T.);
#646 = ORIENTED_EDGE('',*,*,#288,.T.);
#647 = ORIENTED_EDGE('',*,*,#648,.F.);
#648 = EDGE_CURVE('',#649,#289,#651,.T.);
#649 = VERTEX_POINT('',#650);
#650 = CARTESIAN_POINT('',(-114.,-104.5,-1.E-02));
#651 = LINE('',#652,#653);
#652 = CARTESIAN_POINT('',(132.,-104.5,-1.E-02));
#653 = VECTOR('',#654,1.);
#654 = DIRECTION('',(-1.,0.,0.));
#655 = ORIENTED_EDGE('',*,*,#656,.T.);
#656 = EDGE_CURVE('',#649,#657,#659,.T.);
#657 = VERTEX_POINT('',#658);
#658 = CARTESIAN_POINT('',(-114.,-104.5,0.5));
#659 = LINE('',#660,#661);
#660 = CARTESIAN_POINT('',(-114.,-104.5,-4.5));
#661 = VECTOR('',#662,1.);
#662 = DIRECTION('',(0.,0.,1.));
#663 = ORIENTED_EDGE('',*,*,#664,.F.);
#664 = EDGE_CURVE('',#665,#657,#667,.T.);
#665 = VERTEX_POINT('',#666);
#666 = CARTESIAN_POINT('',(-110.,-104.5,0.5));
#667 = LINE('',#668,#669);
#668 = CARTESIAN_POINT('',(-110.,-104.5,0.5));
#669 = VECTOR('',#670,1.);
#670 = DIRECTION('',(-1.,0.,0.));
#671 = ORIENTED_EDGE('',*,*,#672,.F.);
#672 = EDGE_CURVE('',#673,#665,#675,.T.);
#673 = VERTEX_POINT('',#674);
#674 = CARTESIAN_POINT('',(-110.,-104.5,-1.E-02));
#675 = LINE('',#676,#677);
#676 = CARTESIAN_POINT('',(-110.,-104.5,-4.5));
#677 = VECTOR('',#678,1.);
#678 = DIRECTION('',(0.,0.,1.));
#679 = ORIENTED_EDGE('',*,*,#680,.F.);
#680 = EDGE_CURVE('',#681,#673,#683,.T.);
#681 = VERTEX_POINT('',#682);
#682 = CARTESIAN_POINT('',(110.5,-104.5,-1.E-02));
#683 = LINE('',#684,#685);
#684 = CARTESIAN_POINT('',(132.,-104.5,-1.E-02));
#685 = VECTOR('',#686,1.);
#686 = DIRECTION('',(-1.,0.,0.));
#687 = ORIENTED_EDGE('',*,*,#688,.T.);
#688 = EDGE_CURVE('',#681,#689,#691,.T.);
#689 = VERTEX_POINT('',#690);
#690 = CARTESIAN_POINT('',(110.5,-104.5,0.5));
#691 = LINE('',#692,#693);
#692 = CARTESIAN_POINT('',(110.5,-104.5,-4.5));
#693 = VECTOR('',#694,1.);
#694 = DIRECTION('',(0.,0.,1.));
#695 = ORIENTED_EDGE('',*,*,#696,.F.);
#696 = EDGE_CURVE('',#697,#689,#699,.T.);
#697 = VERTEX_POINT('',#698);
#698 = CARTESIAN_POINT('',(114.5,-104.5,0.5));
#699 = LINE('',#700,#701);
#700 = CARTESIAN_POINT('',(114.5,-104.5,0.5));
#701 = VECTOR('',#702,1.);
#702 = DIRECTION('',(-1.,0.,0.));
#703 = ORIENTED_EDGE('',*,*,#704,.F.);
#704 = EDGE_CURVE('',#705,#697,#707,.T.);
#705 = VERTEX_POINT('',#706);
#706 = CARTESIAN_POINT('',(114.5,-104.5,-1.E-02));
#707 = LINE('',#708,#709);
#708 = CARTESIAN_POINT('',(114.5,-104.5,-4.5));
#709 = VECTOR('',#710,1.);
#710 = DIRECTION('',(0.,0.,1.));
#711 = ORIENTED_EDGE('',*,*,#712,.F.);
#712 = EDGE_CURVE('',#713,#705,#715,.T.);
#713 = VERTEX_POINT('',#714);
#714 = CARTESIAN_POINT('',(132.,-104.5,-1.E-02));
#715 = LINE('',#716,#717);
#716 = CARTESIAN_POINT('',(132.,-104.5,-1.E-02));
#717 = VECTOR('',#718,1.);
#718 = DIRECTION('',(-1.,0.,0.));
#719 = ORIENTED_EDGE('',*,*,#720,.F.);
#720 = EDGE_CURVE('',#234,#713,#721,.T.);
#721 = LINE('',#722,#723);
#722 = CARTESIAN_POINT('',(132.,-104.5,0.));
#723 = VECTOR('',#724,1.);
#724 = DIRECTION('',(0.,0.,-1.));
#725 = ORIENTED_EDGE('',*,*,#241,.T.);
#726 = ORIENTED_EDGE('',*,*,#727,.T.);
#727 = EDGE_CURVE('',#242,#728,#730,.T.);
#728 = VERTEX_POINT('',#729);
#729 = CARTESIAN_POINT('',(133.5,-104.5,1.));
#730 = CIRCLE('',#731,1.);
#731 = AXIS2_PLACEMENT_3D('',#732,#733,#734);
#732 = CARTESIAN_POINT('',(132.5,-104.5,1.));
#733 = DIRECTION('',(0.,-1.,0.));
#734 = DIRECTION('',(0.,0.,1.));
#735 = ORIENTED_EDGE('',*,*,#736,.T.);
#736 = EDGE_CURVE('',#728,#737,#739,.T.);
#737 = VERTEX_POINT('',#738);
#738 = CARTESIAN_POINT('',(133.5,-104.5,16.5));
#739 = LINE('',#740,#741);
#740 = CARTESIAN_POINT('',(133.5,-104.5,0.));
#741 = VECTOR('',#742,1.);
#742 = DIRECTION('',(0.,0.,1.));
#743 = ORIENTED_EDGE('',*,*,#744,.F.);
#744 = EDGE_CURVE('',#632,#737,#745,.T.);
#745 = LINE('',#746,#747);
#746 = CARTESIAN_POINT('',(133.5,-104.5,16.5));
#747 = VECTOR('',#748,1.);
#748 = DIRECTION('',(1.,0.,0.));
#749 = PLANE('',#750);
#750 = AXIS2_PLACEMENT_3D('',#751,#752,#753);
#751 = CARTESIAN_POINT('',(0.,-104.5,7.023275862069));
#752 = DIRECTION('',(-0.,-1.,-0.));
#753 = DIRECTION('',(0.,0.,-1.));
#754 = ADVANCED_FACE('',(#755),#947,.F.);
#755 = FACE_BOUND('',#756,.F.);
#756 = EDGE_LOOP('',(#757,#758,#759,#782,#801,#821));
#757 = ORIENTED_EDGE('',*,*,#78,.F.);
#758 = ORIENTED_EDGE('',*,*,#394,.T.);
#759 = ORIENTED_EDGE('',*,*,#760,.T.);
#760 = EDGE_CURVE('',#387,#761,#763,.T.);
#761 = VERTEX_POINT('',#762);
#762 = CARTESIAN_POINT('',(-129.3623283955,-44.38567521255,
    -3.821495259888));
#763 = ( BOUNDED_CURVE() B_SPLINE_CURVE(9,(#764,#765,#766,#767,#768,#769
    ,#770,#771,#772,#773,#774,#775,#776,#777,#778,#779,#780,#781),
.UNSPECIFIED.,.F.,.F.) B_SPLINE_CURVE_WITH_KNOTS((10,8,10),(
8.284429465345,9.056473910809,10.496962517356),.UNSPECIFIED.) CURVE() 
GEOMETRIC_REPRESENTATION_ITEM() RATIONAL_B_SPLINE_CURVE((1.,1.,1.,1.,1.,
1.,1.,1.,1.,1.,1.,1.,1.,1.,1.,1.,1.,1.)) REPRESENTATION_ITEM('') );
#764 = CARTESIAN_POINT('',(-130.4573140355,-43.99387134827,
    -3.086512334145));
#765 = CARTESIAN_POINT('',(-130.4556644498,-44.03225844679,
    -3.13872328877));
#766 = CARTESIAN_POINT('',(-130.4510484598,-44.06692291447,
    -3.188275598544));
#767 = CARTESIAN_POINT('',(-130.4381806614,-44.10377850181,
    -3.242746843954));
#768 = CARTESIAN_POINT('',(-130.4174006915,-44.13754433351,
    -3.296553886259));
#769 = CARTESIAN_POINT('',(-130.3960903518,-44.16551608474,
    -3.343465679996));
#770 = CARTESIAN_POINT('',(-130.3677518092,-44.19283541343,
    -3.391007985043));
#771 = CARTESIAN_POINT('',(-130.3368184176,-44.21629432883,
    -3.434230031197));
#772 = CARTESIAN_POINT('',(-130.3006636517,-44.23795646514,
    -3.475821139646));
#773 = CARTESIAN_POINT('',(-130.1876503262,-44.29323751895,-3.5866543653
    ));
#774 = CARTESIAN_POINT('',(-130.1019360847,-44.32133988151,
    -3.649295447439));
#775 = CARTESIAN_POINT('',(-130.0088338238,-44.34218431471,
    -3.70037929471));
#776 = CARTESIAN_POINT('',(-129.9096112186,-44.3582298939,-3.74291758153
    ));
#777 = CARTESIAN_POINT('',(-129.8080471265,-44.369538596,-3.774435068298
    ));
#778 = CARTESIAN_POINT('',(-129.709368879,-44.37708389554,
    -3.796219320972));
#779 = CARTESIAN_POINT('',(-129.6164785436,-44.38273422994,
    -3.812794887531));
#780 = CARTESIAN_POINT('',(-129.5190512212,-44.38567719854,
    -3.82150111931));
#781 = CARTESIAN_POINT('',(-129.3623283955,-44.38567521255,
    -3.821495259888));
#782 = ORIENTED_EDGE('',*,*,#783,.T.);
#783 = EDGE_CURVE('',#761,#784,#786,.T.);
#784 = VERTEX_POINT('',#785);
#785 = CARTESIAN_POINT('',(129.35843853915,-44.38570334343,
    -3.821578261981));
#786 = ( BOUNDED_CURVE() B_SPLINE_CURVE(13,(#787,#788,#789,#790,#791,
    #792,#793,#794,#795,#796,#797,#798,#799,#800),.UNSPECIFIED.,.F.,.F.)
 B_SPLINE_CURVE_WITH_KNOTS((14,14),(10.496962517356,274.44244557171),
.PIECEWISE_BEZIER_KNOTS.) CURVE() GEOMETRIC_REPRESENTATION_ITEM() 
RATIONAL_B_SPLINE_CURVE((1.,1.,0.999999999999,1.000000000004,
    0.999999999993,1.00000000001,0.999999999988,1.000000000012,
    0.999999999991,1.000000000006,0.999999999997,1.000000000001,1.,1.)) 
REPRESENTATION_ITEM('') );
#787 = CARTESIAN_POINT('',(-129.3623283955,-44.38567521255,
    -3.821495259888));
#788 = CARTESIAN_POINT('',(-109.4814386357,-44.38542328256,
    -3.820751969789));
#789 = CARTESIAN_POINT('',(-89.70210910934,-44.38565709911,
    -3.821442544751));
#790 = CARTESIAN_POINT('',(-69.66484430101,-44.3855265472,
    -3.821055252945));
#791 = CARTESIAN_POINT('',(-49.80196506628,-44.38557544672,
    -3.821202935086));
#792 = CARTESIAN_POINT('',(-29.85295553089,-44.38555350403,
    -3.821135064145));
#793 = CARTESIAN_POINT('',(-9.962292589587,-44.3855470969,
    -3.821116394814));
#794 = CARTESIAN_POINT('',(9.963288351805,-44.38558151947,
    -3.821222402039));
#795 = CARTESIAN_POINT('',(29.851213227074,-44.38552636326,
    -3.82105143841));
#796 = CARTESIAN_POINT('',(49.80948750379,-44.38559320115,
    -3.821257575717));
#797 = CARTESIAN_POINT('',(69.661499341692,-44.38551339848,
    -3.821015319302));
#798 = CARTESIAN_POINT('',(89.730229343021,-44.38568240216,
    -3.821517633785));
#799 = CARTESIAN_POINT('',(109.48011948347,-44.3853903782,
    -3.820654778906));
#800 = CARTESIAN_POINT('',(129.35843853915,-44.38570334343,
    -3.821578261981));
#801 = ORIENTED_EDGE('',*,*,#802,.T.);
#802 = EDGE_CURVE('',#784,#803,#805,.T.);
#803 = VERTEX_POINT('',#804);
#804 = CARTESIAN_POINT('',(130.45749788404,-43.99369028621,
    -3.086266092309));
#805 = ( BOUNDED_CURVE() B_SPLINE_CURVE(14,(#806,#807,#808,#809,#810,
    #811,#812,#813,#814,#815,#816,#817,#818,#819,#820),.UNSPECIFIED.,.F.
,.F.) B_SPLINE_CURVE_WITH_KNOTS((15,15),(274.44244557171,276.65154147373
),.PIECEWISE_BEZIER_KNOTS.) CURVE() GEOMETRIC_REPRESENTATION_ITEM() 
RATIONAL_B_SPLINE_CURVE((1.,1.000000000001,0.999999999997,1.000000000008
    ,0.999999999984,1.000000000025,0.999999999968,1.000000000033,
    0.999999999972,1.00000000002,0.999999999989,1.000000000005,
0.999999999998,1.,1.)) REPRESENTATION_ITEM('') );
#806 = CARTESIAN_POINT('',(129.35843853915,-44.38570334343,
    -3.821578261981));
#807 = CARTESIAN_POINT('',(129.51292673782,-44.3857057757,
    -3.821585439009));
#808 = CARTESIAN_POINT('',(129.61776528603,-44.38280303401,
    -3.813390308403));
#809 = CARTESIAN_POINT('',(129.71003303985,-44.37931569353,
    -3.799798843725));
#810 = CARTESIAN_POINT('',(129.8084456966,-44.36285801983,
    -3.766449118681));
#811 = CARTESIAN_POINT('',(129.88156418812,-44.38075797758,
    -3.777522166862));
#812 = CARTESIAN_POINT('',(130.04750706371,-44.30706434957,
    -3.653633767341));
#813 = CARTESIAN_POINT('',(130.02514449335,-44.38367475576,
    -3.74515203744));
#814 = CARTESIAN_POINT('',(130.27650121227,-44.24530743785,
    -3.516370204912));
#815 = CARTESIAN_POINT('',(130.18913317916,-44.31877761097,
    -3.609516014161));
#816 = CARTESIAN_POINT('',(130.38571126432,-44.21450642493,
    -3.426522491991));
#817 = CARTESIAN_POINT('',(130.38345587275,-44.19363609361,
    -3.384025552469));
#818 = CARTESIAN_POINT('',(130.43533460311,-44.13129778412,
    -3.281268503417));
#819 = CARTESIAN_POINT('',(130.45465250588,-44.06566627323,
    -3.184142955361));
#820 = CARTESIAN_POINT('',(130.45749788404,-43.99369028621,
    -3.086266092309));
#821 = ORIENTED_EDGE('',*,*,#822,.T.);
#822 = EDGE_CURVE('',#803,#79,#823,.T.);
#823 = ( BOUNDED_CURVE() B_SPLINE_CURVE(11,(#824,#825,#826,#827,#828,
    #829,#830,#831,#832,#833,#834,#835,#836,#837,#838,#839,#840,#841,
    #842,#843,#844,#845,#846,#847,#848,#849,#850,#851,#852,#853,#854,
    #855,#856,#857,#858,#859,#860,#861,#862,#863,#864,#865,#866,#867,
    #868,#869,#870,#871,#872,#873,#874,#875,#876,#877,#878,#879,#880,
    #881,#882,#883,#884,#885,#886,#887,#888,#889,#890,#891,#892,#893,
    #894,#895,#896,#897,#898,#899,#900,#901,#902,#903,#904,#905,#906,
    #907,#908,#909,#910,#911,#912,#913,#914,#915,#916,#917,#918,#919,
    #920,#921,#922,#923,#924,#925,#926,#927,#928,#929,#930,#931,#932,
    #933,#934,#935,#936,#937,#938,#939,#940,#941,#942,#943,#944,#945,
#946),.UNSPECIFIED.,.F.,.F.) B_SPLINE_CURVE_WITH_KNOTS((12,10,10,10,10,
    10,10,10,10,10,10,11,12),(276.65154147373,277.09219019389,
    277.36367522805,277.63026511472,278.19065033228,280.49388617556,
    283.20610543449,283.28961242511,283.33136592042,283.35224266808,
283.36268104191,283.37311941573,288.7958718024),.UNSPECIFIED.) CURVE() 
GEOMETRIC_REPRESENTATION_ITEM() RATIONAL_B_SPLINE_CURVE((1.,1.,1.,1.,
    1.000000000001,0.999999999999,1.000000000001,1.,1.,1.,1.,1.,1.,1.,
    1.000000000001,0.999999999999,1.000000000001,0.999999999999,1.,1.,1.
    ,1.,1.,1.,1.,1.,1.,1.,1.,1.,1.,1.,1.,0.999999999999,1.000000000001,
    0.999999999999,1.000000000001,0.999999999999,1.,1.,1.,1.,1.,1.,
    0.999999999999,1.000000000001,0.999999999999,1.000000000001,1.,1.,1.
    ,1.,1.,1.,0.999999999999,1.000000000001,1.,1.,1.,1.,1.,1.,1.,
    1.000000000001,0.999999999999,1.000000000001,0.999999999999,
    1.000000000001,0.999999999999,1.,1.,1.,1.,1.000000000001,
    0.999999999999,1.000000000001,0.999999999999,1.000000000001,
    0.999999999999,1.,1.,1.,1.,1.000000000001,0.999999999998,
    1.000000000003,0.999999999998,1.000000000002,0.999999999999,1.,1.,1.
    ,1.,0.999999999999,1.000000000001,0.999999999999,1.000000000001,
    0.999999999999,1.000000000001,1.,1.,1.,1.,1.,1.,1.,1.,1.,1.,1.,1.,1.
,1.,1.,1.,1.,1.,1.,1.,1.,1.,1.,1.)) REPRESENTATION_ITEM('') );
#824 = CARTESIAN_POINT('',(130.45749788404,-43.99369028621,
    -3.086266092309));
#825 = CARTESIAN_POINT('',(130.45822024337,-43.975417662,-3.061417983774
    ));
#826 = CARTESIAN_POINT('',(130.45947418027,-43.95719266323,
    -3.037158441054));
#827 = CARTESIAN_POINT('',(130.4614317313,-43.93867586823,
    -3.013033898396));
#828 = CARTESIAN_POINT('',(130.46405902923,-43.92012613024,
    -2.989316361336));
#829 = CARTESIAN_POINT('',(130.46739041386,-43.90123341952,
    -2.965606040327));
#830 = CARTESIAN_POINT('',(130.47137224616,-43.88164185448,
    -2.941501922378));
#831 = CARTESIAN_POINT('',(130.47574917857,-43.86163559255,
    -2.91739641114));
#832 = CARTESIAN_POINT('',(130.48021635524,-43.84209247951,
    -2.894320899023));
#833 = CARTESIAN_POINT('',(130.48481173752,-43.82344258572,
    -2.872639868528));
#834 = CARTESIAN_POINT('',(130.49027347106,-43.80400098547,
    -2.850261853078));
#835 = CARTESIAN_POINT('',(130.50249842004,-43.76307378837,
    -2.804436390647));
#836 = CARTESIAN_POINT('',(130.50796060506,-43.74526816967,
    -2.784716310456));
#837 = CARTESIAN_POINT('',(130.51439935294,-43.72430751089,
    -2.761840967426));
#838 = CARTESIAN_POINT('',(130.52122706906,-43.70163458579,
    -2.737546491274));
#839 = CARTESIAN_POINT('',(130.52787830129,-43.67886644448,
    -2.71363968425));
#840 = CARTESIAN_POINT('',(130.53412366612,-43.65680852905,
    -2.690924848956));
#841 = CARTESIAN_POINT('',(130.54005979108,-43.63534670735,
    -2.669171278403));
#842 = CARTESIAN_POINT('',(130.5459219661,-43.61386053197,
    -2.647664672047));
#843 = CARTESIAN_POINT('',(130.55186619666,-43.59180103172,
    -2.625885741886));
#844 = CARTESIAN_POINT('',(130.55786735149,-43.56907634243,
    -2.603859272351));
#845 = CARTESIAN_POINT('',(130.56978442802,-43.52311872675,
    -2.559973772936));
#846 = CARTESIAN_POINT('',(130.57571112135,-43.49985346026,
    -2.538087505236));
#847 = CARTESIAN_POINT('',(130.58164383891,-43.47613353663,
    -2.516112872864));
#848 = CARTESIAN_POINT('',(130.5875501955,-43.45208968981,
    -2.494173582126));
#849 = CARTESIAN_POINT('',(130.59341295357,-43.42779829105,
    -2.472338654354));
#850 = CARTESIAN_POINT('',(130.59923526002,-43.40325108375,
    -2.450599400118));
#851 = CARTESIAN_POINT('',(130.6050303905,-43.37839424074,
    -2.428906947576));
#852 = CARTESIAN_POINT('',(130.61080646579,-43.35319208584,
    -2.407230291281));
#853 = CARTESIAN_POINT('',(130.61655660498,-43.32767082235,
    -2.385594828057));
#854 = CARTESIAN_POINT('',(130.62226497999,-43.30189761018,
    -2.36406134627));
#855 = CARTESIAN_POINT('',(130.63986680579,-43.22109766369,
    -2.297504041261));
#856 = CARTESIAN_POINT('',(130.6516307249,-43.16518914045,
    -2.252792562689));
#857 = CARTESIAN_POINT('',(130.66320520658,-43.1082516137,
    -2.208586507481));
#858 = CARTESIAN_POINT('',(130.6745221211,-43.05066706699,
    -2.165150862527));
#859 = CARTESIAN_POINT('',(130.68554226617,-42.99271960151,
    -2.122648510807));
#860 = CARTESIAN_POINT('',(130.69627418471,-42.934478663,-2.081071141359
    ));
#861 = CARTESIAN_POINT('',(130.70675922762,-42.87584076545,
    -2.040288655643));
#862 = CARTESIAN_POINT('',(130.71704155874,-42.81665196502,
    -2.000153074081));
#863 = CARTESIAN_POINT('',(130.72714179934,-42.75683333715,
    -1.960592946507));
#864 = CARTESIAN_POINT('',(130.73705300921,-42.69643171016,
    -1.921634270318));
#865 = CARTESIAN_POINT('',(130.78674710108,-42.38515646616,
    -1.725660380886));
#866 = CARTESIAN_POINT('',(130.82356872049,-42.12598764979,
    -1.578280838254));
#867 = CARTESIAN_POINT('',(130.85757682215,-41.85976354948,
    -1.440582004307));
#868 = CARTESIAN_POINT('',(130.88905396437,-41.58775996201,
    -1.311964769907));
#869 = CARTESIAN_POINT('',(130.91823622342,-41.31091981928,
    -1.191844079764));
#870 = CARTESIAN_POINT('',(130.94531881133,-41.02996485609,
    -1.07968352794));
#871 = CARTESIAN_POINT('',(130.97046208987,-40.74547551726,
    -0.975014673716));
#872 = CARTESIAN_POINT('',(130.99379798058,-40.45793910418,
    -0.877441077836));
#873 = CARTESIAN_POINT('',(131.01543677098,-40.16776616068,
    -0.786627059117));
#874 = CARTESIAN_POINT('',(131.03547431688,-39.87527509833,
    -0.70227117143));
#875 = CARTESIAN_POINT('',(131.0758144889,-39.23369784601,
    -0.531970528257));
#876 = CARTESIAN_POINT('',(131.09552887516,-38.88382505823,
    -0.448413937479));
#877 = CARTESIAN_POINT('',(131.11327304524,-38.53142206353,
    -0.373049718377));
#878 = CARTESIAN_POINT('',(131.12916674773,-38.17690569676,
    -0.30509976657));
#879 = CARTESIAN_POINT('',(131.14321375586,-37.82097588946,
    -0.245630641649));
#880 = CARTESIAN_POINT('',(131.15568155264,-37.46279771366,
    -0.191509338067));
#881 = CARTESIAN_POINT('',(131.16599917277,-37.10910656695,
    -0.148227220794));
#882 = CARTESIAN_POINT('',(131.1746695593,-36.76545437207,
    -0.110366390233));
#883 = CARTESIAN_POINT('',(131.18102252714,-36.45221547491,
    -8.345210277205E-02));
#884 = CARTESIAN_POINT('',(131.1875133552,-36.13703795676,
    -5.552593181345E-02));
#885 = CARTESIAN_POINT('',(131.1935061438,-35.64893746496,
    -2.979507958438E-02));
#886 = CARTESIAN_POINT('',(131.19368462682,-35.63420044833,
    -2.902884352135E-02));
#887 = CARTESIAN_POINT('',(131.19387567884,-35.61822311197,
    -2.820860601666E-02));
#888 = CARTESIAN_POINT('',(131.19408621025,-35.6003676708,
    -2.73046436493E-02));
#889 = CARTESIAN_POINT('',(131.19431856792,-35.5803216183,
    -2.630687841757E-02));
#890 = CARTESIAN_POINT('',(131.19457188536,-35.55800274511,
    -2.521905254642E-02));
#891 = CARTESIAN_POINT('',(131.19484316939,-35.53348874104,
    -2.405404274034E-02));
#892 = CARTESIAN_POINT('',(131.19512812321,-35.50697138086,
    -2.283031389601E-02));
#893 = CARTESIAN_POINT('',(131.1954217059,-35.47873529344,
    -2.156951225589E-02));
#894 = CARTESIAN_POINT('',(131.19571842839,-35.44916131465,
    -2.02951980228E-02));
#895 = CARTESIAN_POINT('',(131.19615936462,-35.40355097819,
    -1.840147711627E-02));
#896 = CARTESIAN_POINT('',(131.19630568055,-35.38814048396,
    -1.777307405784E-02));
#897 = CARTESIAN_POINT('',(131.19645058947,-35.37258211501,
    -1.715070558875E-02));
#898 = CARTESIAN_POINT('',(131.19659335536,-35.35694314259,
    -1.653753379446E-02));
#899 = CARTESIAN_POINT('',(131.19673325034,-35.34129893512,
    -1.593668549592E-02));
#900 = CARTESIAN_POINT('',(131.19686955472,-35.32573295827,
    -1.535125225705E-02));
#901 = CARTESIAN_POINT('',(131.19700155696,-35.31033677488,
    -1.478429037451E-02));
#902 = CARTESIAN_POINT('',(131.19712855371,-35.29521004506,
    -1.423882088911E-02));
#903 = CARTESIAN_POINT('',(131.19724984977,-35.28046052606,
    -1.37178295754E-02));
#904 = CARTESIAN_POINT('',(131.19736475812,-35.26620407239,
    -1.322426694938E-02));
#905 = CARTESIAN_POINT('',(131.19752652076,-35.24574491742,
    -1.252943892122E-02));
#906 = CARTESIAN_POINT('',(131.19757867382,-35.2390800945,
    -1.230542078398E-02));
#907 = CARTESIAN_POINT('',(131.19762897769,-35.23258594857,
    -1.208934287162E-02));
#908 = CARTESIAN_POINT('',(131.19767734937,-35.22627895519,
    -1.188156138675E-02));
#909 = CARTESIAN_POINT('',(131.19772370426,-35.22017628387,
    -1.168243971112E-02));
#910 = CARTESIAN_POINT('',(131.1977679561,-35.21429579812,
    -1.149234841227E-02));
#911 = CARTESIAN_POINT('',(131.19781001704,-35.20865605539,
    -1.131166523487E-02));
#912 = CARTESIAN_POINT('',(131.19784979761,-35.20327630713,
    -1.11407751099E-02));
#913 = CARTESIAN_POINT('',(131.1978872067,-35.19817649872,
    -1.098007014668E-02));
#914 = CARTESIAN_POINT('',(131.19792215159,-35.19337726955,
    -1.082994963853E-02));
#915 = CARTESIAN_POINT('',(131.1979707311,-35.18666129466,
    -1.062125526997E-02));
#916 = CARTESIAN_POINT('',(131.1979862862,-35.18450287141,
    -1.055443139693E-02));
#917 = CARTESIAN_POINT('',(131.19800118943,-35.18242753776,
    -1.049040810455E-02));
#918 = CARTESIAN_POINT('',(131.19801542696,-35.18043814827,
    -1.04292450587E-02));
#919 = CARTESIAN_POINT('',(131.19802898499,-35.17853755748,
    -1.037100192176E-02));
#920 = CARTESIAN_POINT('',(131.19804184971,-35.17672861997,
    -1.03157383617E-02));
#921 = CARTESIAN_POINT('',(131.1980540073,-35.17501419026,
    -1.026351403939E-02));
#922 = CARTESIAN_POINT('',(131.19806544395,-35.17339712294,
    -1.021438862292E-02));
#923 = CARTESIAN_POINT('',(131.19807614585,-35.17188027254,
    -1.01684217745E-02));
#924 = CARTESIAN_POINT('',(131.19808609919,-35.17046649363,
    -1.012567316013E-02));
#925 = CARTESIAN_POINT('',(131.19810448112,-35.16785078787,
    -1.004673172772E-02));
#926 = CARTESIAN_POINT('',(131.19811304566,-35.16663321467,
    -1.001007697677E-02));
#927 = CARTESIAN_POINT('',(131.19811993565,-35.16562740116,
    -9.979835823E-03));
#928 = CARTESIAN_POINT('',(131.19812861498,-35.16443630075,
    -9.9441575073E-03));
#929 = CARTESIAN_POINT('',(131.19813233091,-35.16383936213,
    -9.926247321121E-03));
#930 = CARTESIAN_POINT('',(131.19813852634,-35.16297565722,
    -9.900436126916E-03));
#931 = CARTESIAN_POINT('',(131.19814459325,-35.16215429527,
    -9.875919717234E-03));
#932 = CARTESIAN_POINT('',(131.19814441696,-35.1620783955,
    -9.873635711321E-03));
#933 = CARTESIAN_POINT('',(131.19815072956,-35.16126426399,
    -9.849366285583E-03));
#934 = CARTESIAN_POINT('',(131.19815003996,-35.16130911644,
    -9.85069799079E-03));
#935 = CARTESIAN_POINT('',(131.19815269833,-35.16093674959,
    -9.839598729305E-03));
#936 = CARTESIAN_POINT('',(131.19856956699,-35.10087982781,
    -8.049462256938E-03));
#937 = CARTESIAN_POINT('',(131.19894647255,-35.04081725147,
    -6.438674988133E-03));
#938 = CARTESIAN_POINT('',(131.19928343426,-34.98074902293,
    -5.007162355468E-03));
#939 = CARTESIAN_POINT('',(131.19958047137,-34.92067514458,
    -3.754849789152E-03));
#940 = CARTESIAN_POINT('',(131.19983760315,-34.86059561877,
    -2.681662724124E-03));
#941 = CARTESIAN_POINT('',(131.20005484885,-34.80051044787,
    -1.787526588025E-03));
#942 = CARTESIAN_POINT('',(131.20023222772,-34.74041963425,
    -1.072366817413E-03));
#943 = CARTESIAN_POINT('',(131.20036975903,-34.68032318029,
    -5.361088401401E-04));
#944 = CARTESIAN_POINT('',(131.20046746203,-34.62022108835,
    -1.786780908439E-04));
#945 = CARTESIAN_POINT('',(131.20052535598,-34.56011336079,
    1.95399252334E-14));
#946 = CARTESIAN_POINT('',(131.20054346014,-34.5,0.));
#947 = SURFACE_OF_LINEAR_EXTRUSION('',#948,#953);
#948 = ELLIPSE('',#949,10.,4.5);
#949 = AXIS2_PLACEMENT_3D('',#950,#951,#952);
#950 = CARTESIAN_POINT('',(-132.,-34.5,-4.5));
#951 = DIRECTION('',(-1.,0.,0.));
#952 = DIRECTION('',(0.,-1.,0.));
#953 = VECTOR('',#954,1.);
#954 = DIRECTION('',(-1.,-0.,-0.));
#955 = ADVANCED_FACE('',(#956),#975,.T.);
#956 = FACE_BOUND('',#957,.T.);
#957 = EDGE_LOOP('',(#958,#967,#968,#969));
#958 = ORIENTED_EDGE('',*,*,#959,.T.);
#959 = EDGE_CURVE('',#960,#258,#962,.T.);
#960 = VERTEX_POINT('',#961);
#961 = CARTESIAN_POINT('',(-133.5,9.426515007777,0.997296323024));
#962 = CIRCLE('',#963,1.);
#963 = AXIS2_PLACEMENT_3D('',#964,#965,#966);
#964 = CARTESIAN_POINT('',(-132.5,9.426515007777,0.997296323024));
#965 = DIRECTION('',(-0.,-0.997296323024,-7.348499222285E-02));
#966 = DIRECTION('',(-1.,0.,0.));
#967 = ORIENTED_EDGE('',*,*,#265,.T.);
#968 = ORIENTED_EDGE('',*,*,#639,.F.);
#969 = ORIENTED_EDGE('',*,*,#970,.F.);
#970 = EDGE_CURVE('',#960,#630,#971,.T.);
#971 = LINE('',#972,#973);
#972 = CARTESIAN_POINT('',(-133.5,9.5,1.));
#973 = VECTOR('',#974,1.);
#974 = DIRECTION('',(0.,-1.,0.));
#975 = CYLINDRICAL_SURFACE('',#976,1.);
#976 = AXIS2_PLACEMENT_3D('',#977,#978,#979);
#977 = CARTESIAN_POINT('',(-132.5,9.5,1.));
#978 = DIRECTION('',(0.,-1.,0.));
#979 = DIRECTION('',(-1.,0.,0.));
#980 = ADVANCED_FACE('',(#981),#1136,.F.);
#981 = FACE_BOUND('',#982,.F.);
#982 = EDGE_LOOP('',(#983,#984,#985,#993,#1121));
#983 = ORIENTED_EDGE('',*,*,#86,.F.);
#984 = ORIENTED_EDGE('',*,*,#822,.F.);
#985 = ORIENTED_EDGE('',*,*,#986,.T.);
#986 = EDGE_CURVE('',#803,#987,#989,.T.);
#987 = VERTEX_POINT('',#988);
#988 = CARTESIAN_POINT('',(131.34860098411,-44.93494066342,
    -2.93478158133));
#989 = ( BOUNDED_CURVE() B_SPLINE_CURVE(2,(#990,#991,#992),
.UNSPECIFIED.,.F.,.F.) B_SPLINE_CURVE_WITH_KNOTS((3,3),(0.,
2.209095902022),.PIECEWISE_BEZIER_KNOTS.) CURVE() 
GEOMETRIC_REPRESENTATION_ITEM() RATIONAL_B_SPLINE_CURVE((1.,
0.757798692826,1.)) REPRESENTATION_ITEM('') );
#990 = CARTESIAN_POINT('',(130.45749788404,-43.99369028621,
    -3.086266092309));
#991 = CARTESIAN_POINT('',(131.25792981211,-44.18167294834,
    -3.341895143612));
#992 = CARTESIAN_POINT('',(131.34860098411,-44.93494066342,
    -2.93478158133));
#993 = ORIENTED_EDGE('',*,*,#994,.T.);
#994 = EDGE_CURVE('',#987,#995,#997,.T.);
#995 = VERTEX_POINT('',#996);
#996 = CARTESIAN_POINT('',(132.,-40.3164962766,-1.E-02));
#997 = ( BOUNDED_CURVE() B_SPLINE_CURVE(11,(#998,#999,#1000,#1001,#1002,
    #1003,#1004,#1005,#1006,#1007,#1008,#1009,#1010,#1011,#1012,#1013,
    #1014,#1015,#1016,#1017,#1018,#1019,#1020,#1021,#1022,#1023,#1024,
    #1025,#1026,#1027,#1028,#1029,#1030,#1031,#1032,#1033,#1034,#1035,
    #1036,#1037,#1038,#1039,#1040,#1041,#1042,#1043,#1044,#1045,#1046,
    #1047,#1048,#1049,#1050,#1051,#1052,#1053,#1054,#1055,#1056,#1057,
    #1058,#1059,#1060,#1061,#1062,#1063,#1064,#1065,#1066,#1067,#1068,
    #1069,#1070,#1071,#1072,#1073,#1074,#1075,#1076,#1077,#1078,#1079,
    #1080,#1081,#1082,#1083,#1084,#1085,#1086,#1087,#1088,#1089,#1090,
    #1091,#1092,#1093,#1094,#1095,#1096,#1097,#1098,#1099,#1100,#1101,
    #1102,#1103,#1104,#1105,#1106,#1107,#1108,#1109,#1110,#1111,#1112,
    #1113,#1114,#1115,#1116,#1117,#1118,#1119,#1120),.UNSPECIFIED.,.F.,
.F.) B_SPLINE_CURVE_WITH_KNOTS((12,10,10,10,10,10,10,10,10,10,10,11,12),
  (276.65154147373,277.09219019389,277.36367522805,277.63026511472,
    278.19065033228,280.49388617556,283.20610543449,283.28961242511,
    283.33136592042,283.35224266808,283.36268104191,283.37311941573,
288.7958718024),.UNSPECIFIED.) CURVE() GEOMETRIC_REPRESENTATION_ITEM() 
RATIONAL_B_SPLINE_CURVE((1.,1.,1.,1.,1.000000000001,0.999999999999,
    1.000000000001,1.,1.,1.,1.,1.,1.,1.,1.000000000001,0.999999999999,
    1.000000000001,0.999999999999,1.,1.,1.,1.,1.,1.,1.,1.,1.,1.,1.,1.,1.
    ,1.,1.,0.999999999999,1.000000000001,0.999999999999,1.000000000001,
    0.999999999999,1.,1.,1.,1.,1.,1.,0.999999999999,1.000000000001,
    0.999999999999,1.000000000001,1.,1.,1.,1.,1.,1.,0.999999999999,
    1.000000000001,1.,1.,1.,1.,1.,1.,1.,1.000000000001,0.999999999999,
    1.000000000001,0.999999999999,1.000000000001,0.999999999999,1.,1.,1.
    ,1.,1.000000000001,0.999999999999,1.000000000001,0.999999999999,
    1.000000000001,0.999999999999,1.,1.,1.,1.,1.000000000001,
    0.999999999998,1.000000000003,0.999999999998,1.000000000002,
    0.999999999999,1.,1.,1.,1.,0.999999999999,1.000000000001,
    0.999999999999,1.000000000001,0.999999999999,1.000000000001,1.,1.,1.
    ,1.,1.,1.,1.,1.,1.,1.,1.,1.,1.,1.,1.,1.,1.,1.,1.,1.,1.,1.,1.,1.)) 
REPRESENTATION_ITEM('') );
#998 = CARTESIAN_POINT('',(131.34860098411,-44.93494066342,
    -2.93478158133));
#999 = CARTESIAN_POINT('',(131.36044783267,-44.90328173748,
    -2.881589231275));
#1000 = CARTESIAN_POINT('',(131.3720444972,-44.87095717866,
    -2.829520207558));
#1001 = CARTESIAN_POINT('',(131.38341285981,-44.83785822958,
    -2.778476259416));
#1002 = CARTESIAN_POINT('',(131.39446924842,-44.80431867619,
    -2.728833074557));
#1003 = CARTESIAN_POINT('',(131.40529149432,-44.77017352042,
    -2.680241190479));
#1004 = CARTESIAN_POINT('',(131.41599547101,-44.73512799009,
    -2.632180335153));
#1005 = CARTESIAN_POINT('',(131.42658001208,-44.69925934705,
    -2.584655745722));
#1006 = CARTESIAN_POINT('',(131.43692562059,-44.6630269688,
    -2.538203963549));
#1007 = CARTESIAN_POINT('',(131.44695889677,-44.62671919305,
    -2.493154553484));
#1008 = CARTESIAN_POINT('',(131.45682112586,-44.58981842883,
    -2.448873144879));
#1009 = CARTESIAN_POINT('',(131.4727960721,-44.52759946689,
    -2.377145636269));
#1010 = CARTESIAN_POINT('',(131.47890392432,-44.50323416043,
    -2.3497213798));
#1011 = CARTESIAN_POINT('',(131.48506143298,-44.47810504517,
    -2.322074165915));
#1012 = CARTESIAN_POINT('',(131.49134660007,-44.45197633106,
    -2.293853765663));
#1013 = CARTESIAN_POINT('',(131.4977621017,-44.42489971093,
    -2.265048163333));
#1014 = CARTESIAN_POINT('',(131.50422417743,-44.39723314991,
    -2.23603344331));
#1015 = CARTESIAN_POINT('',(131.51061710855,-44.36943207286,
    -2.207329182607));
#1016 = CARTESIAN_POINT('',(131.51686855147,-44.34177174314,
    -2.179260203896));
#1017 = CARTESIAN_POINT('',(131.52300099243,-44.31415962713,
    -2.151725543964));
#1018 = CARTESIAN_POINT('',(131.52911458965,-44.2861965379,
    -2.12427549243));
#1019 = CARTESIAN_POINT('',(131.54128800074,-44.22960897316,
    -2.069616876662));
#1020 = CARTESIAN_POINT('',(131.54734006495,-44.20104148615,
    -2.042443108373));
#1021 = CARTESIAN_POINT('',(131.55343340249,-44.17183165344,
    -2.015084022823));
#1022 = CARTESIAN_POINT('',(131.559511574,-44.14223572804,
    -1.987793032725));
#1023 = CARTESIAN_POINT('',(131.56552677294,-44.11248123003,
    -1.960784789473));
#1024 = CARTESIAN_POINT('',(131.5714695878,-44.08262326511,
    -1.934101550775));
#1025 = CARTESIAN_POINT('',(131.57736167891,-44.05257059699,
    -1.907646061655));
#1026 = CARTESIAN_POINT('',(131.58323013531,-44.02219868396,
    -1.881296692458));
#1027 = CARTESIAN_POINT('',(131.58908227669,-43.99146689105,
    -1.855020577633));
#1028 = CARTESIAN_POINT('',(131.59489966615,-43.96045708833,
    -1.828900498951));
#1029 = CARTESIAN_POINT('',(131.61279983521,-43.86365377242,
    -1.748528739903));
#1030 = CARTESIAN_POINT('',(131.62472188018,-43.79716066472,
    -1.694998757963));
#1031 = CARTESIAN_POINT('',(131.63634681114,-43.73036997923,
    -1.642802817956));
#1032 = CARTESIAN_POINT('',(131.64774293657,-43.6629747454,
    -1.591634214777));
#1033 = CARTESIAN_POINT('',(131.65896039587,-43.59475796379,
    -1.541267822529));
#1034 = CARTESIAN_POINT('',(131.66998081156,-43.52588807652,
    -1.491786156055));
#1035 = CARTESIAN_POINT('',(131.68074563208,-43.45677111555,
    -1.443452111953));
#1036 = CARTESIAN_POINT('',(131.6912163033,-43.38771613414,
    -1.396438798168));
#1037 = CARTESIAN_POINT('',(131.70141940728,-43.31867052647,
    -1.350626861277));
#1038 = CARTESIAN_POINT('',(131.71142990632,-43.24928184039,
    -1.305679720591));
#1039 = CARTESIAN_POINT('',(131.76158917919,-42.8929082286,
    -1.080464585405));
#1040 = CARTESIAN_POINT('',(131.79867135386,-42.60049481409,
    -0.913965621134));
#1041 = CARTESIAN_POINT('',(131.83287250593,-42.303652838,
    -0.760402448356));
#1042 = CARTESIAN_POINT('',(131.8644998439,-42.00330168668,
    -0.618395700874));
#1043 = CARTESIAN_POINT('',(131.89380143707,-41.70007262188,
    -0.486831547516));
#1044 = CARTESIAN_POINT('',(131.92097842734,-41.3944186972,
    -0.364806861218));
#1045 = CARTESIAN_POINT('',(131.94619544922,-41.0866917087,
    -0.25158243296));
#1046 = CARTESIAN_POINT('',(131.96958925822,-40.77718617986,
    -0.146544230572));
#1047 = CARTESIAN_POINT('',(131.99127556739,-40.46615038073,
    -4.917270237971E-02));
#1048 = CARTESIAN_POINT('',(132.01135409226,-40.1537643814,
    4.097987428126E-02));
#1049 = CARTESIAN_POINT('',(132.05176479096,-39.47070617109,
    0.222423911447));
#1050 = CARTESIAN_POINT('',(132.0715133286,-39.09956817564,
    0.311094845426));
#1051 = CARTESIAN_POINT('',(132.0892399462,-38.72682565324,
    0.390687358451));
#1052 = CARTESIAN_POINT('',(132.10528780022,-38.35323717383,
    0.462742223006));
#1053 = CARTESIAN_POINT('',(132.11906336058,-37.97653743608,
    0.524594489006));
#1054 = CARTESIAN_POINT('',(132.13190379473,-37.60602527236,
    0.582248038379));
#1055 = CARTESIAN_POINT('',(132.14177583862,-37.22768283596,
    0.626573515435));
#1056 = CARTESIAN_POINT('',(132.1506520979,-36.8819763496,0.666427919592
    ));
#1057 = CARTESIAN_POINT('',(132.15718969501,-36.53930318104,
    0.695781730637));
#1058 = CARTESIAN_POINT('',(132.16369758,-36.20285965674,0.725002134236)
  );
#1059 = CARTESIAN_POINT('',(132.16958790452,-35.7011598805,
    0.751449691293));
#1060 = CARTESIAN_POINT('',(132.169763051,-35.68603672129,0.752236099011
    ));
#1061 = CARTESIAN_POINT('',(132.16995225104,-35.66949778311,0.7530856072
    ));
#1062 = CARTESIAN_POINT('',(132.17016264207,-35.65085384366,
    0.754030262933));
#1063 = CARTESIAN_POINT('',(132.170396033,-35.62981867077,0.755078188191
    ));
#1064 = CARTESIAN_POINT('',(132.17065082197,-35.60636458252,
    0.756222190679));
#1065 = CARTESIAN_POINT('',(132.1709234497,-35.58061950445,
    0.757446289174));
#1066 = CARTESIAN_POINT('',(132.17120938827,-35.55280552379,
    0.758730153355));
#1067 = CARTESIAN_POINT('',(132.17150366551,-35.52321894082,
    0.760051458179));
#1068 = CARTESIAN_POINT('',(132.17180092488,-35.49225181727,
    0.761386152741));
#1069 = CARTESIAN_POINT('',(132.17224206884,-35.44455662409,
    0.76336688911));
#1070 = CARTESIAN_POINT('',(132.17238837661,-35.42844993397,
    0.764023810992));
#1071 = CARTESIAN_POINT('',(132.17253320778,-35.41219683809,
    0.76467410295));
#1072 = CARTESIAN_POINT('',(132.17267583698,-35.39586712542,
    0.765314508039));
#1073 = CARTESIAN_POINT('',(132.17281554982,-35.37953848724,
    0.76594181873));
#1074 = CARTESIAN_POINT('',(132.17295164295,-35.36329651718,
    0.766552876888));
#1075 = CARTESIAN_POINT('',(132.17308342401,-35.34723471119,
    0.767144573806));
#1076 = CARTESIAN_POINT('',(132.17321021161,-35.33145446753,
    0.767713850166));
#1077 = CARTESIAN_POINT('',(132.17333133542,-35.31606508682,
    0.768257696071));
#1078 = CARTESIAN_POINT('',(132.17344613608,-35.30118377198,
    0.768773151025));
#1079 = CARTESIAN_POINT('',(132.17360787982,-35.27981155642,
    0.769499380406));
#1080 = CARTESIAN_POINT('',(132.17366004967,-35.27284647002,
    0.769733623019));
#1081 = CARTESIAN_POINT('',(132.17371039724,-35.26605625545,
    0.769959683609));
#1082 = CARTESIAN_POINT('',(132.17375884331,-35.25945750872,
    0.770177206467));
#1083 = CARTESIAN_POINT('',(132.17380530698,-35.25306753544,
    0.770385828339));
#1084 = CARTESIAN_POINT('',(132.17384970566,-35.24690435083,
    0.770585178446));
#1085 = CARTESIAN_POINT('',(132.17389195511,-35.24098667974,
    0.770774878455));
#1086 = CARTESIAN_POINT('',(132.17393196937,-35.23533395661,
    0.770954542512));
#1087 = CARTESIAN_POINT('',(132.17396966084,-35.22996632551,
    0.771123777214));
#1088 = CARTESIAN_POINT('',(132.17400494022,-35.22490464011,
    0.771282181625));
#1089 = CARTESIAN_POINT('',(132.17405410469,-35.2178033755,
    0.771502930096));
#1090 = CARTESIAN_POINT('',(132.17406986977,-35.21551773833,
    0.771573715284));
#1091 = CARTESIAN_POINT('',(132.17408499766,-35.21331655309,
    0.771641639518));
#1092 = CARTESIAN_POINT('',(132.17409947427,-35.21120282066,
    0.771706639478));
#1093 = CARTESIAN_POINT('',(132.17411328549,-35.20917954192,
    0.77176865185));
#1094 = CARTESIAN_POINT('',(132.17412641721,-35.20724971775,
    0.771827613307));
#1095 = CARTESIAN_POINT('',(132.17413885535,-35.20541634905,
    0.77188346054));
#1096 = CARTESIAN_POINT('',(132.17415058579,-35.2036824367,
    0.771936130221));
#1097 = CARTESIAN_POINT('',(132.17416159444,-35.20205098157,
    0.771985559039));
#1098 = CARTESIAN_POINT('',(132.17417186718,-35.20052498456,
    0.772031683671));
#1099 = CARTESIAN_POINT('',(132.17419091267,-35.19768990855,
    0.772117197928));
#1100 = CARTESIAN_POINT('',(132.17419916738,-35.19645451612,
    0.772154261536));
#1101 = CARTESIAN_POINT('',(132.17420996349,-35.19485950087,
    0.772202736112));
#1102 = CARTESIAN_POINT('',(132.17421036429,-35.19474958463,
    0.77220453569));
#1103 = CARTESIAN_POINT('',(132.17422539992,-35.19255568146,
    0.772272045664));
#1104 = CARTESIAN_POINT('',(132.17422720581,-35.19225783827,
    0.772280154109));
#1105 = CARTESIAN_POINT('',(132.17422556733,-35.19245200681,
    0.772272797309));
#1106 = CARTESIAN_POINT('',(132.17424306674,-35.18992126036,
    0.772351369679));
#1107 = CARTESIAN_POINT('',(132.1742318486,-35.19151246462,
    0.772301000222));
#1108 = CARTESIAN_POINT('',(132.17424296103,-35.18989472962,
    0.772350895064));
#1109 = CARTESIAN_POINT('',(132.17423581035,-35.19096075666,
    0.772318788484));
#1110 = CARTESIAN_POINT('',(132.17463450525,-35.13090371341,
    0.774108928577));
#1111 = CARTESIAN_POINT('',(132.17499325592,-35.07084101571,
    0.775719719101));
#1112 = CARTESIAN_POINT('',(132.17531207898,-35.01077266592,
    0.777151234625));
#1113 = CARTESIAN_POINT('',(132.17559099102,-34.95069866638,
    0.778403549717));
#1114 = CARTESIAN_POINT('',(132.17583000867,-34.89061901945,
    0.779476738947));
#1115 = CARTESIAN_POINT('',(132.17602914852,-34.83053372748,
    0.780370876883));
#1116 = CARTESIAN_POINT('',(132.17618842719,-34.77044279283,
    0.781086038095));
#1117 = CARTESIAN_POINT('',(132.17630786128,-34.71034621782,
    0.78162229715));
#1118 = CARTESIAN_POINT('',(132.17638746739,-34.65024400484,
    0.781979728618));
#1119 = CARTESIAN_POINT('',(132.17642726215,-34.59013615621,
    0.782158407067));
#1120 = CARTESIAN_POINT('',(132.17642726215,-34.5300226743,
    0.782158407067));
#1121 = ORIENTED_EDGE('',*,*,#1122,.F.);
#1122 = EDGE_CURVE('',#87,#995,#1123,.T.);
#1123 = B_SPLINE_CURVE_WITH_KNOTS('',6,(#1124,#1125,#1126,#1127,#1128,
    #1129,#1130,#1131,#1132,#1133,#1134,#1135),.UNSPECIFIED.,.F.,.F.,(7,
    5,7),(0.,0.739062466944,1.),.UNSPECIFIED.);
#1124 = CARTESIAN_POINT('',(132.,-39.78783364993,2.149160831393E-02));
#1125 = CARTESIAN_POINT('',(132.,-39.86592275085,1.418009335604E-02));
#1126 = CARTESIAN_POINT('',(132.,-39.94043982469,7.727771128923E-03));
#1127 = CARTESIAN_POINT('',(132.,-40.011211002,2.230976698412E-03));
#1128 = CARTESIAN_POINT('',(132.,-40.07809438815,-2.220843894891E-03));
#1129 = CARTESIAN_POINT('',(132.,-40.14096586739,-5.55124791261E-03));
#1130 = CARTESIAN_POINT('',(132.,-40.22048512478,-8.460105777028E-03));
#1131 = CARTESIAN_POINT('',(132.,-40.24072352108,-9.07198142056E-03));
#1132 = CARTESIAN_POINT('',(132.,-40.26044684791,-9.534092047854E-03));
#1133 = CARTESIAN_POINT('',(132.,-40.27965173486,-9.844111915203E-03));
#1134 = CARTESIAN_POINT('',(132.,-40.29833534802,-9.999999999815E-03));
#1135 = CARTESIAN_POINT('',(132.,-40.31649539002,-9.999999999812E-03));
#1136 = ( BOUNDED_SURFACE() B_SPLINE_SURFACE(2,11,(
    (#1137,#1138,#1139,#1140,#1141,#1142,#1143,#1144,#1145,#1146,#1147
      ,#1148,#1149,#1150,#1151,#1152,#1153,#1154,#1155,#1156,#1157,#1158
      ,#1159,#1160,#1161,#1162,#1163,#1164,#1165,#1166,#1167,#1168,#1169
      ,#1170,#1171,#1172,#1173,#1174,#1175,#1176,#1177,#1178,#1179,#1180
      ,#1181,#1182,#1183,#1184,#1185,#1186,#1187,#1188,#1189,#1190,#1191
      ,#1192,#1193,#1194,#1195,#1196,#1197,#1198,#1199,#1200,#1201,#1202
      ,#1203,#1204,#1205,#1206,#1207,#1208,#1209,#1210,#1211,#1212,#1213
      ,#1214,#1215,#1216,#1217,#1218,#1219,#1220,#1221,#1222,#1223,#1224
      ,#1225,#1226,#1227,#1228,#1229,#1230,#1231,#1232,#1233,#1234,#1235
      ,#1236,#1237,#1238,#1239,#1240,#1241,#1242,#1243,#1244,#1245,#1246
      ,#1247,#1248,#1249,#1250,#1251,#1252,#1253,#1254,#1255,#1256,#1257
      ,#1258,#1259)
    ,(#1260,#1261,#1262,#1263,#1264,#1265,#1266,#1267,#1268,#1269,#1270
      ,#1271,#1272,#1273,#1274,#1275,#1276,#1277,#1278,#1279,#1280,#1281
      ,#1282,#1283,#1284,#1285,#1286,#1287,#1288,#1289,#1290,#1291,#1292
      ,#1293,#1294,#1295,#1296,#1297,#1298,#1299,#1300,#1301,#1302,#1303
      ,#1304,#1305,#1306,#1307,#1308,#1309,#1310,#1311,#1312,#1313,#1314
      ,#1315,#1316,#1317,#1318,#1319,#1320,#1321,#1322,#1323,#1324,#1325
      ,#1326,#1327,#1328,#1329,#1330,#1331,#1332,#1333,#1334,#1335,#1336
      ,#1337,#1338,#1339,#1340,#1341,#1342,#1343,#1344,#1345,#1346,#1347
      ,#1348,#1349,#1350,#1351,#1352,#1353,#1354,#1355,#1356,#1357,#1358
      ,#1359,#1360,#1361,#1362,#1363,#1364,#1365,#1366,#1367,#1368,#1369
      ,#1370,#1371,#1372,#1373,#1374,#1375,#1376,#1377,#1378,#1379,#1380
      ,#1381,#1382)
    ,(#1383,#1384,#1385,#1386,#1387,#1388,#1389,#1390,#1391,#1392,#1393
      ,#1394,#1395,#1396,#1397,#1398,#1399,#1400,#1401,#1402,#1403,#1404
      ,#1405,#1406,#1407,#1408,#1409,#1410,#1411,#1412,#1413,#1414,#1415
      ,#1416,#1417,#1418,#1419,#1420,#1421,#1422,#1423,#1424,#1425,#1426
      ,#1427,#1428,#1429,#1430,#1431,#1432,#1433,#1434,#1435,#1436,#1437
      ,#1438,#1439,#1440,#1441,#1442,#1443,#1444,#1445,#1446,#1447,#1448
      ,#1449,#1450,#1451,#1452,#1453,#1454,#1455,#1456,#1457,#1458,#1459
      ,#1460,#1461,#1462,#1463,#1464,#1465,#1466,#1467,#1468,#1469,#1470
      ,#1471,#1472,#1473,#1474,#1475,#1476,#1477,#1478,#1479,#1480,#1481
      ,#1482,#1483,#1484,#1485,#1486,#1487,#1488,#1489,#1490,#1491,#1492
      ,#1493,#1494,#1495,#1496,#1497,#1498,#1499,#1500,#1501,#1502,#1503
      ,#1504,#1505
)),.UNSPECIFIED.,.F.,.F.,.F.) B_SPLINE_SURFACE_WITH_KNOTS((3,3),(12,10,
    10,10,10,10,10,10,10,10,10,11,12),(0.,12.144330328669),(
    276.65154147373,277.09219019389,277.36367522805,277.63026511472,
    278.19065033228,280.49388617556,283.20610543449,283.28961242511,
    283.33136592042,283.35224266808,283.36268104191,283.37311941573,
288.7958718024),.UNSPECIFIED.) GEOMETRIC_REPRESENTATION_ITEM() 
RATIONAL_B_SPLINE_SURFACE((
    (1.,1.,1.,1.,1.000000000001,0.999999999999,1.000000000001,1.,1.,1.
      ,1.,1.,1.,1.,1.000000000001,0.999999999999,1.000000000001
      ,0.999999999999,1.,1.,1.,1.,1.,1.,1.,1.,1.,1.,1.,1.,1.,1.,1.
      ,0.999999999999,1.000000000001,0.999999999999,1.000000000001
      ,0.999999999999,1.,1.,1.,1.,1.,1.,0.999999999999,1.000000000001
      ,0.999999999999,1.000000000001,1.,1.,1.,1.,1.,1.,0.999999999999
      ,1.000000000001,1.,1.,1.,1.,1.,1.,1.,1.000000000001,0.999999999999
      ,1.000000000001,0.999999999999,1.000000000001,0.999999999999,1.,1.
      ,1.,1.,1.000000000001,0.999999999999,1.000000000001,0.999999999999
      ,1.000000000001,0.999999999999,1.,1.,1.,1.,1.000000000001
      ,0.999999999998,1.000000000003,0.999999999998,1.000000000002
      ,0.999999999999,1.,1.,1.,1.,0.999999999999,1.000000000001
      ,0.999999999999,1.000000000001,0.999999999999,1.000000000001,1.,1.
      ,1.,1.,1.,1.,1.,1.,1.,1.,1.,1.,1.,1.,1.,1.,1.,1.,1.,1.,1.,1.,1.,1.
      )
    ,(0.757798692826,0.757268565606,0.756810002341,0.756451297034
      ,0.756198818105,0.756049864794,0.755986126619,0.755975663619
      ,0.755993890581,0.75605661378,0.75624073425,0.756903437805
      ,0.757243468368,0.757676784116,0.758135767207,0.758563447932
      ,0.758943254243,0.759292513733,0.759637872476,0.759990795109
      ,0.76034131057,0.761028770997,0.761366153724,0.761698991776
      ,0.76202574587,0.762345829223,0.762659639658,0.762967951367
      ,0.763271161286,0.763568885158,0.763860398252,0.764747638826
      ,0.765323815836,0.765874988719,0.766398331277,0.766892987093
      ,0.767361152721,0.767806820756,0.768233597588,0.768643010402
      ,0.769034718215,0.770952655719,0.77221718126,0.773271711041
      ,0.774164532541,0.774929641644,0.775591225553,0.776167114911
      ,0.77667120504,0.777114846382,0.777507204068,0.778263653686
      ,0.77861003775,0.778910603316,0.779148687783,0.779399832341
      ,0.779529474769,0.779741613869,0.779816134885,0.779928361526
      ,0.780013201356,0.780095184768,0.780097633785,0.780100252324
      ,0.780103131244,0.78010630255,0.7801097559,0.780113452097
      ,0.780117333464,0.780121331209,0.780125369694,0.780131366647
      ,0.780133355958,0.780135325557,0.780137265502,0.780139165955
      ,0.780141017163,0.78014280949,0.780144533381,0.780146179391
      ,0.780147738166,0.780149931599,0.780150638617,0.780151320373
      ,0.780151975716,0.780152603503,0.780153202565,0.780153771745
      ,0.780154309862,0.780154815743,0.780155288197,0.780155944951
      ,0.78015615523,0.780156356707,0.780156549219,0.780156732599
      ,0.780156906688,0.780157071317,0.780157226328,0.780157371552
      ,0.780157506828,0.780157757156,0.780157882551,0.780157930958
      ,0.78015816028,0.780158074897,0.78015821466,0.780158404421
      ,0.780158190171,0.780158473985,0.780158351058,0.780158409353
      ,0.780164094071,0.780169772812,0.780175446405,0.780181115678
      ,0.78018678146,0.78019244458,0.780198105867,0.780203766149
      ,0.780209426254,0.780215087012,0.780220749251)
    ,(1.,1.,1.,1.,1.000000000001,0.999999999999,1.000000000001,1.,1.,1.
      ,1.,1.,1.,1.,1.000000000001,0.999999999999,1.000000000001
      ,0.999999999999,1.,1.,1.,1.,1.,1.,1.,1.,1.,1.,1.,1.,1.,1.,1.
      ,0.999999999999,1.000000000001,0.999999999999,1.000000000001
      ,0.999999999999,1.,1.,1.,1.,1.,1.,0.999999999999,1.000000000001
      ,0.999999999999,1.000000000001,1.,1.,1.,1.,1.,1.,0.999999999999
      ,1.000000000001,1.,1.,1.,1.,1.,1.,1.,1.000000000001,0.999999999999
      ,1.000000000001,0.999999999999,1.000000000001,0.999999999999,1.,1.
      ,1.,1.,1.000000000001,0.999999999999,1.000000000001,0.999999999999
      ,1.000000000001,0.999999999999,1.,1.,1.,1.,1.000000000001
      ,0.999999999998,1.000000000003,0.999999999998,1.000000000002
      ,0.999999999999,1.,1.,1.,1.,0.999999999999,1.000000000001
      ,0.999999999999,1.000000000001,0.999999999999,1.000000000001,1.,1.
      ,1.,1.,1.,1.,1.,1.,1.,1.,1.,1.,1.,1.,1.,1.,1.,1.,1.,1.,1.,1.,1.,1.
))) REPRESENTATION_ITEM('') SURFACE() );
#1137 = CARTESIAN_POINT('',(130.45749788404,-43.99369028621,
    -3.086266092309));
#1138 = CARTESIAN_POINT('',(130.45822024337,-43.975417662,
    -3.061417983774));
#1139 = CARTESIAN_POINT('',(130.45947418027,-43.95719266323,
    -3.037158441054));
#1140 = CARTESIAN_POINT('',(130.4614317313,-43.93867586823,
    -3.013033898396));
#1141 = CARTESIAN_POINT('',(130.46405902923,-43.92012613024,
    -2.989316361336));
#1142 = CARTESIAN_POINT('',(130.46739041386,-43.90123341952,
    -2.965606040327));
#1143 = CARTESIAN_POINT('',(130.47137224616,-43.88164185448,
    -2.941501922378));
#1144 = CARTESIAN_POINT('',(130.47574917857,-43.86163559255,
    -2.91739641114));
#1145 = CARTESIAN_POINT('',(130.48021635524,-43.84209247951,
    -2.894320899023));
#1146 = CARTESIAN_POINT('',(130.48481173752,-43.82344258572,
    -2.872639868528));
#1147 = CARTESIAN_POINT('',(130.49027347106,-43.80400098547,
    -2.850261853078));
#1148 = CARTESIAN_POINT('',(130.50249842004,-43.76307378837,
    -2.804436390647));
#1149 = CARTESIAN_POINT('',(130.50796060506,-43.74526816967,
    -2.784716310456));
#1150 = CARTESIAN_POINT('',(130.51439935294,-43.72430751089,
    -2.761840967426));
#1151 = CARTESIAN_POINT('',(130.52122706906,-43.70163458579,
    -2.737546491274));
#1152 = CARTESIAN_POINT('',(130.52787830129,-43.67886644448,
    -2.71363968425));
#1153 = CARTESIAN_POINT('',(130.53412366612,-43.65680852905,
    -2.690924848956));
#1154 = CARTESIAN_POINT('',(130.54005979108,-43.63534670735,
    -2.669171278403));
#1155 = CARTESIAN_POINT('',(130.5459219661,-43.61386053197,
    -2.647664672047));
#1156 = CARTESIAN_POINT('',(130.55186619666,-43.59180103172,
    -2.625885741886));
#1157 = CARTESIAN_POINT('',(130.55786735149,-43.56907634243,
    -2.603859272351));
#1158 = CARTESIAN_POINT('',(130.56978442802,-43.52311872675,
    -2.559973772936));
#1159 = CARTESIAN_POINT('',(130.57571112135,-43.49985346026,
    -2.538087505236));
#1160 = CARTESIAN_POINT('',(130.58164383891,-43.47613353663,
    -2.516112872864));
#1161 = CARTESIAN_POINT('',(130.5875501955,-43.45208968981,
    -2.494173582126));
#1162 = CARTESIAN_POINT('',(130.59341295357,-43.42779829105,
    -2.472338654354));
#1163 = CARTESIAN_POINT('',(130.59923526002,-43.40325108375,
    -2.450599400118));
#1164 = CARTESIAN_POINT('',(130.6050303905,-43.37839424074,
    -2.428906947576));
#1165 = CARTESIAN_POINT('',(130.61080646579,-43.35319208584,
    -2.407230291281));
#1166 = CARTESIAN_POINT('',(130.61655660498,-43.32767082235,
    -2.385594828057));
#1167 = CARTESIAN_POINT('',(130.62226497999,-43.30189761018,
    -2.36406134627));
#1168 = CARTESIAN_POINT('',(130.63986680579,-43.22109766369,
    -2.297504041261));
#1169 = CARTESIAN_POINT('',(130.6516307249,-43.16518914045,
    -2.252792562689));
#1170 = CARTESIAN_POINT('',(130.66320520658,-43.1082516137,
    -2.208586507481));
#1171 = CARTESIAN_POINT('',(130.6745221211,-43.05066706699,
    -2.165150862527));
#1172 = CARTESIAN_POINT('',(130.68554226617,-42.99271960151,
    -2.122648510807));
#1173 = CARTESIAN_POINT('',(130.69627418471,-42.934478663,
    -2.081071141359));
#1174 = CARTESIAN_POINT('',(130.70675922762,-42.87584076545,
    -2.040288655643));
#1175 = CARTESIAN_POINT('',(130.71704155874,-42.81665196502,
    -2.000153074081));
#1176 = CARTESIAN_POINT('',(130.72714179934,-42.75683333715,
    -1.960592946507));
#1177 = CARTESIAN_POINT('',(130.73705300921,-42.69643171016,
    -1.921634270318));
#1178 = CARTESIAN_POINT('',(130.78674710108,-42.38515646616,
    -1.725660380886));
#1179 = CARTESIAN_POINT('',(130.82356872049,-42.12598764979,
    -1.578280838254));
#1180 = CARTESIAN_POINT('',(130.85757682215,-41.85976354948,
    -1.440582004307));
#1181 = CARTESIAN_POINT('',(130.88905396437,-41.58775996201,
    -1.311964769907));
#1182 = CARTESIAN_POINT('',(130.91823622342,-41.31091981928,
    -1.191844079764));
#1183 = CARTESIAN_POINT('',(130.94531881133,-41.02996485609,
    -1.07968352794));
#1184 = CARTESIAN_POINT('',(130.97046208987,-40.74547551726,
    -0.975014673716));
#1185 = CARTESIAN_POINT('',(130.99379798058,-40.45793910418,
    -0.877441077836));
#1186 = CARTESIAN_POINT('',(131.01543677098,-40.16776616068,
    -0.786627059117));
#1187 = CARTESIAN_POINT('',(131.03547431688,-39.87527509833,
    -0.70227117143));
#1188 = CARTESIAN_POINT('',(131.0758144889,-39.23369784601,
    -0.531970528257));
#1189 = CARTESIAN_POINT('',(131.09552887516,-38.88382505823,
    -0.448413937479));
#1190 = CARTESIAN_POINT('',(131.11327304524,-38.53142206353,
    -0.373049718377));
#1191 = CARTESIAN_POINT('',(131.12916674773,-38.17690569676,
    -0.30509976657));
#1192 = CARTESIAN_POINT('',(131.14321375586,-37.82097588946,
    -0.245630641649));
#1193 = CARTESIAN_POINT('',(131.15568155264,-37.46279771366,
    -0.191509338067));
#1194 = CARTESIAN_POINT('',(131.16599917277,-37.10910656695,
    -0.148227220794));
#1195 = CARTESIAN_POINT('',(131.1746695593,-36.76545437207,
    -0.110366390233));
#1196 = CARTESIAN_POINT('',(131.18102252714,-36.45221547491,
    -8.345210277205E-02));
#1197 = CARTESIAN_POINT('',(131.1875133552,-36.13703795676,
    -5.552593181345E-02));
#1198 = CARTESIAN_POINT('',(131.1935061438,-35.64893746496,
    -2.979507958438E-02));
#1199 = CARTESIAN_POINT('',(131.19368462682,-35.63420044833,
    -2.902884352135E-02));
#1200 = CARTESIAN_POINT('',(131.19387567884,-35.61822311197,
    -2.820860601666E-02));
#1201 = CARTESIAN_POINT('',(131.19408621025,-35.6003676708,
    -2.73046436493E-02));
#1202 = CARTESIAN_POINT('',(131.19431856792,-35.5803216183,
    -2.630687841757E-02));
#1203 = CARTESIAN_POINT('',(131.19457188536,-35.55800274511,
    -2.521905254642E-02));
#1204 = CARTESIAN_POINT('',(131.19484316939,-35.53348874104,
    -2.405404274034E-02));
#1205 = CARTESIAN_POINT('',(131.19512812321,-35.50697138086,
    -2.283031389601E-02));
#1206 = CARTESIAN_POINT('',(131.1954217059,-35.47873529344,
    -2.156951225589E-02));
#1207 = CARTESIAN_POINT('',(131.19571842839,-35.44916131465,
    -2.02951980228E-02));
#1208 = CARTESIAN_POINT('',(131.19615936462,-35.40355097819,
    -1.840147711627E-02));
#1209 = CARTESIAN_POINT('',(131.19630568055,-35.38814048396,
    -1.777307405784E-02));
#1210 = CARTESIAN_POINT('',(131.19645058947,-35.37258211501,
    -1.715070558875E-02));
#1211 = CARTESIAN_POINT('',(131.19659335536,-35.35694314259,
    -1.653753379446E-02));
#1212 = CARTESIAN_POINT('',(131.19673325034,-35.34129893512,
    -1.593668549592E-02));
#1213 = CARTESIAN_POINT('',(131.19686955472,-35.32573295827,
    -1.535125225705E-02));
#1214 = CARTESIAN_POINT('',(131.19700155696,-35.31033677488,
    -1.478429037451E-02));
#1215 = CARTESIAN_POINT('',(131.19712855371,-35.29521004506,
    -1.423882088911E-02));
#1216 = CARTESIAN_POINT('',(131.19724984977,-35.28046052606,
    -1.37178295754E-02));
#1217 = CARTESIAN_POINT('',(131.19736475812,-35.26620407239,
    -1.322426694938E-02));
#1218 = CARTESIAN_POINT('',(131.19752652076,-35.24574491742,
    -1.252943892122E-02));
#1219 = CARTESIAN_POINT('',(131.19757867382,-35.2390800945,
    -1.230542078398E-02));
#1220 = CARTESIAN_POINT('',(131.19762897769,-35.23258594857,
    -1.208934287162E-02));
#1221 = CARTESIAN_POINT('',(131.19767734937,-35.22627895519,
    -1.188156138675E-02));
#1222 = CARTESIAN_POINT('',(131.19772370426,-35.22017628387,
    -1.168243971112E-02));
#1223 = CARTESIAN_POINT('',(131.1977679561,-35.21429579812,
    -1.149234841227E-02));
#1224 = CARTESIAN_POINT('',(131.19781001704,-35.20865605539,
    -1.131166523487E-02));
#1225 = CARTESIAN_POINT('',(131.19784979761,-35.20327630713,
    -1.11407751099E-02));
#1226 = CARTESIAN_POINT('',(131.1978872067,-35.19817649872,
    -1.098007014668E-02));
#1227 = CARTESIAN_POINT('',(131.19792215159,-35.19337726955,
    -1.082994963853E-02));
#1228 = CARTESIAN_POINT('',(131.1979707311,-35.18666129466,
    -1.062125526997E-02));
#1229 = CARTESIAN_POINT('',(131.1979862862,-35.18450287141,
    -1.055443139693E-02));
#1230 = CARTESIAN_POINT('',(131.19800118943,-35.18242753776,
    -1.049040810455E-02));
#1231 = CARTESIAN_POINT('',(131.19801542696,-35.18043814827,
    -1.04292450587E-02));
#1232 = CARTESIAN_POINT('',(131.19802898499,-35.17853755748,
    -1.037100192176E-02));
#1233 = CARTESIAN_POINT('',(131.19804184971,-35.17672861997,
    -1.03157383617E-02));
#1234 = CARTESIAN_POINT('',(131.1980540073,-35.17501419026,
    -1.026351403939E-02));
#1235 = CARTESIAN_POINT('',(131.19806544395,-35.17339712294,
    -1.021438862292E-02));
#1236 = CARTESIAN_POINT('',(131.19807614585,-35.17188027254,
    -1.01684217745E-02));
#1237 = CARTESIAN_POINT('',(131.19808609919,-35.17046649363,
    -1.012567316013E-02));
#1238 = CARTESIAN_POINT('',(131.19810448112,-35.16785078787,
    -1.004673172772E-02));
#1239 = CARTESIAN_POINT('',(131.19811304566,-35.16663321467,
    -1.001007697677E-02));
#1240 = CARTESIAN_POINT('',(131.19811993565,-35.16562740116,
    -9.979835823E-03));
#1241 = CARTESIAN_POINT('',(131.19812861498,-35.16443630075,
    -9.9441575073E-03));
#1242 = CARTESIAN_POINT('',(131.19813233091,-35.16383936213,
    -9.926247321121E-03));
#1243 = CARTESIAN_POINT('',(131.19813852634,-35.16297565722,
    -9.900436126916E-03));
#1244 = CARTESIAN_POINT('',(131.19814459325,-35.16215429527,
    -9.875919717234E-03));
#1245 = CARTESIAN_POINT('',(131.19814441696,-35.1620783955,
    -9.873635711321E-03));
#1246 = CARTESIAN_POINT('',(131.19815072956,-35.16126426399,
    -9.849366285583E-03));
#1247 = CARTESIAN_POINT('',(131.19815003996,-35.16130911644,
    -9.85069799079E-03));
#1248 = CARTESIAN_POINT('',(131.19815269833,-35.16093674959,
    -9.839598729305E-03));
#1249 = CARTESIAN_POINT('',(131.19856956699,-35.10087982781,
    -8.049462256938E-03));
#1250 = CARTESIAN_POINT('',(131.19894647255,-35.04081725147,
    -6.438674988133E-03));
#1251 = CARTESIAN_POINT('',(131.19928343426,-34.98074902293,
    -5.007162355468E-03));
#1252 = CARTESIAN_POINT('',(131.19958047137,-34.92067514458,
    -3.754849789152E-03));
#1253 = CARTESIAN_POINT('',(131.19983760315,-34.86059561877,
    -2.681662724124E-03));
#1254 = CARTESIAN_POINT('',(131.20005484885,-34.80051044787,
    -1.787526588025E-03));
#1255 = CARTESIAN_POINT('',(131.20023222772,-34.74041963425,
    -1.072366817413E-03));
#1256 = CARTESIAN_POINT('',(131.20036975903,-34.68032318029,
    -5.361088401401E-04));
#1257 = CARTESIAN_POINT('',(131.20046746203,-34.62022108835,
    -1.786780908439E-04));
#1258 = CARTESIAN_POINT('',(131.20052535598,-34.56011336079,
    1.95399252334E-14));
#1259 = CARTESIAN_POINT('',(131.20054346014,-34.5,0.));
#1260 = CARTESIAN_POINT('',(131.25792981211,-44.18167294834,
    -3.341895143612));
#1261 = CARTESIAN_POINT('',(131.26690230478,-44.15571576097,
    -3.301608651498));
#1262 = CARTESIAN_POINT('',(131.27567793104,-44.12947412717,
    -3.262206089588));
#1263 = CARTESIAN_POINT('',(131.28430194349,-44.10287373691,
    -3.223484273724));
#1264 = CARTESIAN_POINT('',(131.29274082217,-44.07610060214,
    -3.185593708429));
#1265 = CARTESIAN_POINT('',(131.30105639753,-44.04900608799,
    -3.148256775087));
#1266 = CARTESIAN_POINT('',(131.30931993777,-44.02135422189,
    -3.111153479388));
#1267 = CARTESIAN_POINT('',(131.31750974734,-43.99317564193,
    -3.074381234403));
#1268 = CARTESIAN_POINT('',(131.32552035852,-43.96481128797,
    -3.038413590233));
#1269 = CARTESIAN_POINT('',(131.33329695899,-43.93654471129,
    -3.003496654102));
#1270 = CARTESIAN_POINT('',(131.3409960548,-43.90803148857,
    -2.968927713933));
#1271 = CARTESIAN_POINT('',(131.35386578496,-43.85957533136,
    -2.911142625519));
#1272 = CARTESIAN_POINT('',(131.35885286115,-43.84061879986,
    -2.888750653408));
#1273 = CARTESIAN_POINT('',(131.36404755325,-43.8207134244,
    -2.865426485909));
#1274 = CARTESIAN_POINT('',(131.36944707418,-43.7996641981,
    -2.841182636905));
#1275 = CARTESIAN_POINT('',(131.37495069962,-43.77771521544,
    -2.816471358675));
#1276 = CARTESIAN_POINT('',(131.38042393729,-43.75538523888,
    -2.791896521544));
#1277 = CARTESIAN_POINT('',(131.38577068617,-43.73314096179,
    -2.767889619076));
#1278 = CARTESIAN_POINT('',(131.39098573119,-43.71109017577,
    -2.744474066924));
#1279 = CARTESIAN_POINT('',(131.39615886923,-43.68888044685,
    -2.721246677136));
#1280 = CARTESIAN_POINT('',(131.4014008758,-43.66599320974,
    -2.697710067641));
#1281 = CARTESIAN_POINT('',(131.41182106952,-43.61970206683,
    -2.650923397831));
#1282 = CARTESIAN_POINT('',(131.41701250696,-43.59626058394,
    -2.627613843724));
#1283 = CARTESIAN_POINT('',(131.42222682191,-43.57231924212,
    -2.604201569604));
#1284 = CARTESIAN_POINT('',(131.42743170165,-43.54802356188,
    -2.580831659566));
#1285 = CARTESIAN_POINT('',(131.43260687394,-43.52347024633,
    -2.557595135983));
#1286 = CARTESIAN_POINT('',(131.43775267233,-43.49866123496,
    -2.534490501232));
#1287 = CARTESIAN_POINT('',(131.44288159832,-43.4735396882,
    -2.511461623504));
#1288 = CARTESIAN_POINT('',(131.44800338137,-43.44805882801,
    -2.488464817619));
#1289 = CARTESIAN_POINT('',(131.45311397424,-43.42223485668,
    -2.465518255629));
#1290 = CARTESIAN_POINT('',(131.45819886233,-43.39613546332,
    -2.442687108102));
#1291 = CARTESIAN_POINT('',(131.47388954692,-43.31436849498,
    -2.37223593432));
#1292 = CARTESIAN_POINT('',(131.4844097865,-43.25778040341,
    -2.325000058585));
#1293 = CARTESIAN_POINT('',(131.49478516929,-43.20019295086,
    -2.278414589859));
#1294 = CARTESIAN_POINT('',(131.50497290136,-43.14188726132,
    -2.232671672861));
#1295 = CARTESIAN_POINT('',(131.51494821613,-43.08307558548,
    -2.187882509546));
#1296 = CARTESIAN_POINT('',(131.52471033532,-43.02384804039,
    -2.144050594404));
#1297 = CARTESIAN_POINT('',(131.53427644579,-42.96418584911,
    -2.101098758389));
#1298 = CARTESIAN_POINT('',(131.54366979712,-42.90401339927,
    -2.058922610931));
#1299 = CARTESIAN_POINT('',(131.55290783617,-42.84326247806,
    -2.017443815573));
#1300 = CARTESIAN_POINT('',(131.56199613187,-42.78192304832,
    -1.976637367868));
#1301 = CARTESIAN_POINT('',(131.60757653364,-42.4664089266,
    -1.771981363921));
#1302 = CARTESIAN_POINT('',(131.64172490444,-42.20355924946,
    -1.618655179036));
#1303 = CARTESIAN_POINT('',(131.67353461185,-41.93349119746,
    -1.475829592763));
#1304 = CARTESIAN_POINT('',(131.70316656923,-41.65761827629,
    -1.342782104151));
#1305 = CARTESIAN_POINT('',(131.73077582618,-41.37695611192,
    -1.218816540431));
#1306 = CARTESIAN_POINT('',(131.75650333941,-41.09225876593,
    -1.103300006022));
#1307 = CARTESIAN_POINT('',(131.78047106166,-40.80411858768,
    -0.995684933118));
#1308 = CARTESIAN_POINT('',(131.80278082033,-40.51302856383,
    -0.895514116719));
#1309 = CARTESIAN_POINT('',(131.82351736472,-40.21940543875,
    -0.802407032365));
#1310 = CARTESIAN_POINT('',(131.84275588213,-39.92357145791,
    -0.716026089224));
#1311 = CARTESIAN_POINT('',(131.88153613962,-39.27526000419,
    -0.54190273307));
#1312 = CARTESIAN_POINT('',(131.90053589509,-38.92193956984,
    -0.456593831026));
#1313 = CARTESIAN_POINT('',(131.9176563594,-38.56611480417,
    -0.379722946267));
#1314 = CARTESIAN_POINT('',(131.93308673172,-38.20838553434,
    -0.310440574566));
#1315 = CARTESIAN_POINT('',(131.94657260653,-37.84872691428,
    -0.249888996647));
#1316 = CARTESIAN_POINT('',(131.95883996951,-37.48849948842,
    -0.194808536897));
#1317 = CARTESIAN_POINT('',(131.96864646029,-37.13028843269,
    -0.150777393274));
#1318 = CARTESIAN_POINT('',(131.97720088449,-36.78629099828,
    -0.112368028639));
#1319 = CARTESIAN_POINT('',(131.98335669343,-36.46778909126,
    -8.472844645974E-02));
#1320 = CARTESIAN_POINT('',(131.98967681097,-36.14881812252,
    -5.635111871473E-02));
#1321 = CARTESIAN_POINT('',(131.99548332925,-35.65825257135,
    -3.027985165534E-02));
#1322 = CARTESIAN_POINT('',(131.99565618124,-35.64344698461,
    -2.950374619833E-02));
#1323 = CARTESIAN_POINT('',(131.99584151838,-35.6273698063,
    -2.867158245926E-02));
#1324 = CARTESIAN_POINT('',(131.99604610474,-35.60937408587,
    -2.775298968663E-02));
#1325 = CARTESIAN_POINT('',(131.99627212561,-35.58915199239,
    -2.673815598268E-02));
#1326 = CARTESIAN_POINT('',(131.99651860482,-35.56663101918,
    -2.563146434126E-02));
#1327 = CARTESIAN_POINT('',(131.99678252903,-35.54189778843,
    -2.444644463269E-02));
#1328 = CARTESIAN_POINT('',(131.99705967894,-35.51514945569,
    -2.320204155363E-02));
#1329 = CARTESIAN_POINT('',(131.99734516736,-35.48667271395,
    -2.192019853358E-02));
#1330 = CARTESIAN_POINT('',(131.99763368428,-35.45685039662,
    -2.062475758079E-02));
#1331 = CARTESIAN_POINT('',(131.99806232992,-35.41086843721,
    -1.870013865804E-02));
#1332 = CARTESIAN_POINT('',(131.99820455445,-35.3953339108,
    -1.806155049127E-02));
#1333 = CARTESIAN_POINT('',(131.99834540021,-35.37965175509,
    -1.742915305089E-02));
#1334 = CARTESIAN_POINT('',(131.99848415348,-35.36388968913,
    -1.680615084326E-02));
#1335 = CARTESIAN_POINT('',(131.99862010905,-35.34812349517,
    -1.619571034631E-02));
#1336 = CARTESIAN_POINT('',(131.99875257015,-35.33243701852,
    -1.560096000888E-02));
#1337 = CARTESIAN_POINT('',(131.99888084849,-35.31692216758,
    -1.502499026133E-02));
#1338 = CARTESIAN_POINT('',(131.99900426425,-35.30167891378,
    -1.447085351359E-02));
#1339 = CARTESIAN_POINT('',(131.99912214606,-35.28681529164,
    -1.394156416724E-02));
#1340 = CARTESIAN_POINT('',(131.99923383104,-35.27244739882,
    -1.344009861744E-02));
#1341 = CARTESIAN_POINT('',(131.99939108146,-35.25182541425,
    -1.273404424671E-02));
#1342 = CARTESIAN_POINT('',(131.99944178408,-35.24510705286,
    -1.250638946564E-02));
#1343 = CARTESIAN_POINT('',(131.99949069427,-35.23856011262,
    -1.228678271946E-02));
#1344 = CARTESIAN_POINT('',(131.99953773205,-35.23220109082,
    -1.20755830704E-02));
#1345 = CARTESIAN_POINT('',(131.99958281584,-35.22604718156,
    -1.187315684269E-02));
#1346 = CARTESIAN_POINT('',(131.99962586244,-35.22011627563,
    -1.167987762331E-02));
#1347 = CARTESIAN_POINT('',(131.99966678702,-35.21442696063,
    -1.149612626138E-02));
#1348 = CARTESIAN_POINT('',(131.99970550314,-35.20899852092,
    -1.132229086941E-02));
#1349 = CARTESIAN_POINT('',(131.99974192275,-35.20385093763,
    -1.115876682264E-02));
#1350 = CARTESIAN_POINT('',(131.99977595617,-35.1990048887,
    -1.100595675995E-02));
#1351 = CARTESIAN_POINT('',(131.99982329007,-35.19222018082,
    -1.079342755546E-02));
#1352 = CARTESIAN_POINT('',(131.9998384504,-35.190039064,
    -1.07253576967E-02));
#1353 = CARTESIAN_POINT('',(131.99985297956,-35.18794127908,
    -1.066012174503E-02));
#1354 = CARTESIAN_POINT('',(131.99986686404,-35.18592970675,
    -1.059778043777E-02));
#1355 = CARTESIAN_POINT('',(131.9998800903,-35.18400722772,
    -1.053839451286E-02));
#1356 = CARTESIAN_POINT('',(131.99989264483,-35.18217672268,
    -1.048202470733E-02));
#1357 = CARTESIAN_POINT('',(131.99990451408,-35.18044107234,
    -1.042873175969E-02));
#1358 = CARTESIAN_POINT('',(131.99991568454,-35.1788031574,
    -1.037857640719E-02));
#1359 = CARTESIAN_POINT('',(131.99992614267,-35.17726585857,
    -1.033161938827E-02));
#1360 = CARTESIAN_POINT('',(131.99993587495,-35.17583205657,
    -1.028792144095E-02));
#1361 = CARTESIAN_POINT('',(131.99995386076,-35.17317720806,
    -1.020716517921E-02));
#1362 = CARTESIAN_POINT('',(131.99996211223,-35.17195646209,
    -1.017011608134E-02));
#1363 = CARTESIAN_POINT('',(131.99996959997,-35.17084547594,
    -1.013649610161E-02));
#1364 = CARTESIAN_POINT('',(131.99997633015,-35.16984738731,
    -1.010627761474E-02));
#1365 = CARTESIAN_POINT('',(131.99998224222,-35.16896537596,
    -1.007973240081E-02));
#1366 = CARTESIAN_POINT('',(131.9999873668,-35.16820268927,
    -1.005672305535E-02));
#1367 = CARTESIAN_POINT('',(131.99999166818,-35.16756261736,
    -1.003740986951E-02));
#1368 = CARTESIAN_POINT('',(131.99999508752,-35.16704849916,
    -1.002205702048E-02));
#1369 = CARTESIAN_POINT('',(131.99999768737,-35.16666375232,
    -1.00103837092E-02));
#1370 = CARTESIAN_POINT('',(131.99999935719,-35.16641181513,
    -1.000288621102E-02));
#1371 = CARTESIAN_POINT('',(132.00000014475,-35.16629621385,
    -9.999350047716E-03));
#1372 = CARTESIAN_POINT('',(132.00040208082,-35.10624006743,
    -8.194657081436E-03));
#1373 = CARTESIAN_POINT('',(132.0007640704,-35.04617817982,
    -6.569323874365E-03));
#1374 = CARTESIAN_POINT('',(132.00108613038,-34.98611055251,
    -5.123274556565E-03));
#1375 = CARTESIAN_POINT('',(132.00136827766,-34.92603718725,
    -3.85643327444E-03));
#1376 = CARTESIAN_POINT('',(132.00161052913,-34.86595808601,
    -2.768724187257E-03));
#1377 = CARTESIAN_POINT('',(132.00181290167,-34.80587325107,
    -1.860071467957E-03));
#1378 = CARTESIAN_POINT('',(132.00197541218,-34.74578268493,
    -1.130399297536E-03));
#1379 = CARTESIAN_POINT('',(132.00209807753,-34.68568639035,
    -5.796318672469E-04));
#1380 = CARTESIAN_POINT('',(132.00218091461,-34.62558437034,
    -2.076933729895E-04));
#1381 = CARTESIAN_POINT('',(132.0022239403,-34.56547662819,
    -1.450801612624E-05));
#1382 = CARTESIAN_POINT('',(132.00222717149,-34.50536316742,0.));
#1383 = CARTESIAN_POINT('',(131.34860098411,-44.93494066342,
    -2.93478158133));
#1384 = CARTESIAN_POINT('',(131.36044783267,-44.90328173748,
    -2.881589231275));
#1385 = CARTESIAN_POINT('',(131.3720444972,-44.87095717866,
    -2.829520207558));
#1386 = CARTESIAN_POINT('',(131.38341285981,-44.83785822958,
    -2.778476259416));
#1387 = CARTESIAN_POINT('',(131.39446924842,-44.80431867619,
    -2.728833074557));
#1388 = CARTESIAN_POINT('',(131.40529149432,-44.77017352042,
    -2.680241190479));
#1389 = CARTESIAN_POINT('',(131.41599547101,-44.73512799009,
    -2.632180335153));
#1390 = CARTESIAN_POINT('',(131.42658001208,-44.69925934705,
    -2.584655745722));
#1391 = CARTESIAN_POINT('',(131.43692562059,-44.6630269688,
    -2.538203963549));
#1392 = CARTESIAN_POINT('',(131.44695889677,-44.62671919305,
    -2.493154553484));
#1393 = CARTESIAN_POINT('',(131.45682112586,-44.58981842883,
    -2.448873144879));
#1394 = CARTESIAN_POINT('',(131.4727960721,-44.52759946689,
    -2.377145636269));
#1395 = CARTESIAN_POINT('',(131.47890392432,-44.50323416043,
    -2.3497213798));
#1396 = CARTESIAN_POINT('',(131.48506143298,-44.47810504517,
    -2.322074165915));
#1397 = CARTESIAN_POINT('',(131.49134660007,-44.45197633106,
    -2.293853765663));
#1398 = CARTESIAN_POINT('',(131.4977621017,-44.42489971093,
    -2.265048163333));
#1399 = CARTESIAN_POINT('',(131.50422417743,-44.39723314991,
    -2.23603344331));
#1400 = CARTESIAN_POINT('',(131.51061710855,-44.36943207286,
    -2.207329182607));
#1401 = CARTESIAN_POINT('',(131.51686855147,-44.34177174314,
    -2.179260203896));
#1402 = CARTESIAN_POINT('',(131.52300099243,-44.31415962713,
    -2.151725543964));
#1403 = CARTESIAN_POINT('',(131.52911458965,-44.2861965379,
    -2.12427549243));
#1404 = CARTESIAN_POINT('',(131.54128800074,-44.22960897316,
    -2.069616876662));
#1405 = CARTESIAN_POINT('',(131.54734006495,-44.20104148615,
    -2.042443108373));
#1406 = CARTESIAN_POINT('',(131.55343340249,-44.17183165344,
    -2.015084022823));
#1407 = CARTESIAN_POINT('',(131.559511574,-44.14223572804,
    -1.987793032725));
#1408 = CARTESIAN_POINT('',(131.56552677294,-44.11248123003,
    -1.960784789473));
#1409 = CARTESIAN_POINT('',(131.5714695878,-44.08262326511,
    -1.934101550775));
#1410 = CARTESIAN_POINT('',(131.57736167891,-44.05257059699,
    -1.907646061655));
#1411 = CARTESIAN_POINT('',(131.58323013531,-44.02219868396,
    -1.881296692458));
#1412 = CARTESIAN_POINT('',(131.58908227669,-43.99146689105,
    -1.855020577633));
#1413 = CARTESIAN_POINT('',(131.59489966615,-43.96045708833,
    -1.828900498951));
#1414 = CARTESIAN_POINT('',(131.61279983521,-43.86365377242,
    -1.748528739903));
#1415 = CARTESIAN_POINT('',(131.62472188018,-43.79716066472,
    -1.694998757963));
#1416 = CARTESIAN_POINT('',(131.63634681114,-43.73036997923,
    -1.642802817956));
#1417 = CARTESIAN_POINT('',(131.64774293657,-43.6629747454,
    -1.591634214777));
#1418 = CARTESIAN_POINT('',(131.65896039587,-43.59475796379,
    -1.541267822529));
#1419 = CARTESIAN_POINT('',(131.66998081156,-43.52588807652,
    -1.491786156055));
#1420 = CARTESIAN_POINT('',(131.68074563208,-43.45677111555,
    -1.443452111953));
#1421 = CARTESIAN_POINT('',(131.6912163033,-43.38771613414,
    -1.396438798168));
#1422 = CARTESIAN_POINT('',(131.70141940728,-43.31867052647,
    -1.350626861277));
#1423 = CARTESIAN_POINT('',(131.71142990632,-43.24928184039,
    -1.305679720591));
#1424 = CARTESIAN_POINT('',(131.76158917919,-42.8929082286,
    -1.080464585405));
#1425 = CARTESIAN_POINT('',(131.79867135386,-42.60049481409,
    -0.913965621134));
#1426 = CARTESIAN_POINT('',(131.83287250593,-42.303652838,
    -0.760402448356));
#1427 = CARTESIAN_POINT('',(131.8644998439,-42.00330168668,
    -0.618395700874));
#1428 = CARTESIAN_POINT('',(131.89380143707,-41.70007262188,
    -0.486831547516));
#1429 = CARTESIAN_POINT('',(131.92097842734,-41.3944186972,
    -0.364806861218));
#1430 = CARTESIAN_POINT('',(131.94619544922,-41.0866917087,
    -0.25158243296));
#1431 = CARTESIAN_POINT('',(131.96958925822,-40.77718617986,
    -0.146544230572));
#1432 = CARTESIAN_POINT('',(131.99127556739,-40.46615038073,
    -4.917270237971E-02));
#1433 = CARTESIAN_POINT('',(132.01135409226,-40.1537643814,
    4.097987428126E-02));
#1434 = CARTESIAN_POINT('',(132.05176479096,-39.47070617109,
    0.222423911447));
#1435 = CARTESIAN_POINT('',(132.0715133286,-39.09956817564,
    0.311094845426));
#1436 = CARTESIAN_POINT('',(132.0892399462,-38.72682565324,
    0.390687358451));
#1437 = CARTESIAN_POINT('',(132.10528780022,-38.35323717383,
    0.462742223006));
#1438 = CARTESIAN_POINT('',(132.11906336058,-37.97653743608,
    0.524594489006));
#1439 = CARTESIAN_POINT('',(132.13190379473,-37.60602527236,
    0.582248038379));
#1440 = CARTESIAN_POINT('',(132.14177583862,-37.22768283596,
    0.626573515435));
#1441 = CARTESIAN_POINT('',(132.1506520979,-36.8819763496,0.666427919592
    ));
#1442 = CARTESIAN_POINT('',(132.15718969501,-36.53930318104,
    0.695781730637));
#1443 = CARTESIAN_POINT('',(132.16369758,-36.20285965674,0.725002134236)
  );
#1444 = CARTESIAN_POINT('',(132.16958790452,-35.7011598805,
    0.751449691293));
#1445 = CARTESIAN_POINT('',(132.169763051,-35.68603672129,0.752236099011
    ));
#1446 = CARTESIAN_POINT('',(132.16995225104,-35.66949778311,0.7530856072
    ));
#1447 = CARTESIAN_POINT('',(132.17016264207,-35.65085384366,
    0.754030262933));
#1448 = CARTESIAN_POINT('',(132.170396033,-35.62981867077,0.755078188191
    ));
#1449 = CARTESIAN_POINT('',(132.17065082197,-35.60636458252,
    0.756222190679));
#1450 = CARTESIAN_POINT('',(132.1709234497,-35.58061950445,
    0.757446289174));
#1451 = CARTESIAN_POINT('',(132.17120938827,-35.55280552379,
    0.758730153355));
#1452 = CARTESIAN_POINT('',(132.17150366551,-35.52321894082,
    0.760051458179));
#1453 = CARTESIAN_POINT('',(132.17180092488,-35.49225181727,
    0.761386152741));
#1454 = CARTESIAN_POINT('',(132.17224206884,-35.44455662409,
    0.76336688911));
#1455 = CARTESIAN_POINT('',(132.17238837661,-35.42844993397,
    0.764023810992));
#1456 = CARTESIAN_POINT('',(132.17253320778,-35.41219683809,
    0.76467410295));
#1457 = CARTESIAN_POINT('',(132.17267583698,-35.39586712542,
    0.765314508039));
#1458 = CARTESIAN_POINT('',(132.17281554982,-35.37953848724,
    0.76594181873));
#1459 = CARTESIAN_POINT('',(132.17295164295,-35.36329651718,
    0.766552876888));
#1460 = CARTESIAN_POINT('',(132.17308342401,-35.34723471119,
    0.767144573806));
#1461 = CARTESIAN_POINT('',(132.17321021161,-35.33145446753,
    0.767713850166));
#1462 = CARTESIAN_POINT('',(132.17333133542,-35.31606508682,
    0.768257696071));
#1463 = CARTESIAN_POINT('',(132.17344613608,-35.30118377198,
    0.768773151025));
#1464 = CARTESIAN_POINT('',(132.17360787982,-35.27981155642,
    0.769499380406));
#1465 = CARTESIAN_POINT('',(132.17366004967,-35.27284647002,
    0.769733623019));
#1466 = CARTESIAN_POINT('',(132.17371039724,-35.26605625545,
    0.769959683609));
#1467 = CARTESIAN_POINT('',(132.17375884331,-35.25945750872,
    0.770177206467));
#1468 = CARTESIAN_POINT('',(132.17380530698,-35.25306753544,
    0.770385828339));
#1469 = CARTESIAN_POINT('',(132.17384970566,-35.24690435083,
    0.770585178446));
#1470 = CARTESIAN_POINT('',(132.17389195511,-35.24098667974,
    0.770774878455));
#1471 = CARTESIAN_POINT('',(132.17393196937,-35.23533395661,
    0.770954542512));
#1472 = CARTESIAN_POINT('',(132.17396966084,-35.22996632551,
    0.771123777214));
#1473 = CARTESIAN_POINT('',(132.17400494022,-35.22490464011,
    0.771282181625));
#1474 = CARTESIAN_POINT('',(132.17405410469,-35.2178033755,
    0.771502930096));
#1475 = CARTESIAN_POINT('',(132.17406986977,-35.21551773833,
    0.771573715284));
#1476 = CARTESIAN_POINT('',(132.17408499766,-35.21331655309,
    0.771641639518));
#1477 = CARTESIAN_POINT('',(132.17409947427,-35.21120282066,
    0.771706639478));
#1478 = CARTESIAN_POINT('',(132.17411328549,-35.20917954192,
    0.77176865185));
#1479 = CARTESIAN_POINT('',(132.17412641721,-35.20724971775,
    0.771827613307));
#1480 = CARTESIAN_POINT('',(132.17413885535,-35.20541634905,
    0.77188346054));
#1481 = CARTESIAN_POINT('',(132.17415058579,-35.2036824367,
    0.771936130221));
#1482 = CARTESIAN_POINT('',(132.17416159444,-35.20205098157,
    0.771985559039));
#1483 = CARTESIAN_POINT('',(132.17417186718,-35.20052498456,
    0.772031683671));
#1484 = CARTESIAN_POINT('',(132.17419091267,-35.19768990855,
    0.772117197928));
#1485 = CARTESIAN_POINT('',(132.17419916738,-35.19645451612,
    0.772154261536));
#1486 = CARTESIAN_POINT('',(132.17420996349,-35.19485950087,
    0.772202736112));
#1487 = CARTESIAN_POINT('',(132.17421036429,-35.19474958463,
    0.77220453569));
#1488 = CARTESIAN_POINT('',(132.17422539992,-35.19255568146,
    0.772272045664));
#1489 = CARTESIAN_POINT('',(132.17422720581,-35.19225783827,
    0.772280154109));
#1490 = CARTESIAN_POINT('',(132.17422556733,-35.19245200681,
    0.772272797309));
#1491 = CARTESIAN_POINT('',(132.17424306674,-35.18992126036,
    0.772351369679));
#1492 = CARTESIAN_POINT('',(132.1742318486,-35.19151246462,
    0.772301000222));
#1493 = CARTESIAN_POINT('',(132.17424296103,-35.18989472962,
    0.772350895064));
#1494 = CARTESIAN_POINT('',(132.17423581035,-35.19096075666,
    0.772318788484));
#1495 = CARTESIAN_POINT('',(132.17463450525,-35.13090371341,
    0.774108928577));
#1496 = CARTESIAN_POINT('',(132.17499325592,-35.07084101571,
    0.775719719101));
#1497 = CARTESIAN_POINT('',(132.17531207898,-35.01077266592,
    0.777151234625));
#1498 = CARTESIAN_POINT('',(132.17559099102,-34.95069866638,
    0.778403549717));
#1499 = CARTESIAN_POINT('',(132.17583000867,-34.89061901945,
    0.779476738947));
#1500 = CARTESIAN_POINT('',(132.17602914852,-34.83053372748,
    0.780370876883));
#1501 = CARTESIAN_POINT('',(132.17618842719,-34.77044279283,
    0.781086038095));
#1502 = CARTESIAN_POINT('',(132.17630786128,-34.71034621782,
    0.78162229715));
#1503 = CARTESIAN_POINT('',(132.17638746739,-34.65024400484,
    0.781979728618));
#1504 = CARTESIAN_POINT('',(132.17642726215,-34.59013615621,
    0.782158407067));
#1505 = CARTESIAN_POINT('',(132.17642726215,-34.5300226743,
    0.782158407067));
#1506 = ADVANCED_FACE('',(#1507),#1532,.T.);
#1507 = FACE_BOUND('',#1508,.F.);
#1508 = EDGE_LOOP('',(#1509,#1519,#1525,#1526));
#1509 = ORIENTED_EDGE('',*,*,#1510,.T.);
#1510 = EDGE_CURVE('',#1511,#1513,#1515,.T.);
#1511 = VERTEX_POINT('',#1512);
#1512 = CARTESIAN_POINT('',(132.5,99.513518384878,6.632575038886));
#1513 = VERTEX_POINT('',#1514);
#1514 = CARTESIAN_POINT('',(-132.5,99.513518384878,6.632575038886));
#1515 = LINE('',#1516,#1517);
#1516 = CARTESIAN_POINT('',(133.5,99.513518384878,6.632575038886));
#1517 = VECTOR('',#1518,1.);
#1518 = DIRECTION('',(-1.,0.,0.));
#1519 = ORIENTED_EDGE('',*,*,#1520,.T.);
#1520 = EDGE_CURVE('',#1513,#258,#1521,.T.);
#1521 = LINE('',#1522,#1523);
#1522 = CARTESIAN_POINT('',(-132.5,99.513518384878,6.632575038886));
#1523 = VECTOR('',#1524,1.);
#1524 = DIRECTION('',(0.,-0.997296323024,-7.348499222285E-02));
#1525 = ORIENTED_EDGE('',*,*,#257,.F.);
#1526 = ORIENTED_EDGE('',*,*,#1527,.T.);
#1527 = EDGE_CURVE('',#250,#1511,#1528,.T.);
#1528 = LINE('',#1529,#1530);
#1529 = CARTESIAN_POINT('',(132.5,9.5,-5.551115123126E-16));
#1530 = VECTOR('',#1531,1.);
#1531 = DIRECTION('',(0.,0.997296323024,7.348499222285E-02));
#1532 = PLANE('',#1533);
#1533 = AXIS2_PLACEMENT_3D('',#1534,#1535,#1536);
#1534 = CARTESIAN_POINT('',(133.5,57.,3.5));
#1535 = DIRECTION('',(0.,7.348499222285E-02,-0.997296323024));
#1536 = DIRECTION('',(1.,0.,0.));
#1537 = ADVANCED_FACE('',(#1538),#1549,.F.);
#1538 = FACE_BOUND('',#1539,.F.);
#1539 = EDGE_LOOP('',(#1540,#1541,#1542,#1548));
#1540 = ORIENTED_EDGE('',*,*,#233,.F.);
#1541 = ORIENTED_EDGE('',*,*,#1122,.T.);
#1542 = ORIENTED_EDGE('',*,*,#1543,.T.);
#1543 = EDGE_CURVE('',#995,#713,#1544,.T.);
#1544 = LINE('',#1545,#1546);
#1545 = CARTESIAN_POINT('',(132.,-34.5,-1.E-02));
#1546 = VECTOR('',#1547,1.);
#1547 = DIRECTION('',(0.,-1.,0.));
#1548 = ORIENTED_EDGE('',*,*,#720,.F.);
#1549 = PLANE('',#1550);
#1550 = AXIS2_PLACEMENT_3D('',#1551,#1552,#1553);
#1551 = CARTESIAN_POINT('',(132.,-34.5,0.));
#1552 = DIRECTION('',(-1.,-0.,-0.));
#1553 = DIRECTION('',(0.,-1.,0.));
#1554 = ADVANCED_FACE('',(#1555),#1574,.T.);
#1555 = FACE_BOUND('',#1556,.F.);
#1556 = EDGE_LOOP('',(#1557,#1558,#1559,#1567));
#1557 = ORIENTED_EDGE('',*,*,#249,.F.);
#1558 = ORIENTED_EDGE('',*,*,#727,.T.);
#1559 = ORIENTED_EDGE('',*,*,#1560,.T.);
#1560 = EDGE_CURVE('',#728,#1561,#1563,.T.);
#1561 = VERTEX_POINT('',#1562);
#1562 = CARTESIAN_POINT('',(133.5,9.5,1.));
#1563 = LINE('',#1564,#1565);
#1564 = CARTESIAN_POINT('',(133.5,-104.5,1.));
#1565 = VECTOR('',#1566,1.);
#1566 = DIRECTION('',(0.,1.,0.));
#1567 = ORIENTED_EDGE('',*,*,#1568,.F.);
#1568 = EDGE_CURVE('',#250,#1561,#1569,.T.);
#1569 = CIRCLE('',#1570,1.);
#1570 = AXIS2_PLACEMENT_3D('',#1571,#1572,#1573);
#1571 = CARTESIAN_POINT('',(132.5,9.5,1.));
#1572 = DIRECTION('',(0.,-1.,0.));
#1573 = DIRECTION('',(0.,0.,-1.));
#1574 = CYLINDRICAL_SURFACE('',#1575,1.);
#1575 = AXIS2_PLACEMENT_3D('',#1576,#1577,#1578);
#1576 = CARTESIAN_POINT('',(132.5,-104.5,1.));
#1577 = DIRECTION('',(0.,1.,0.));
#1578 = DIRECTION('',(0.,0.,-1.));
#1579 = ADVANCED_FACE('',(#1580),#1598,.T.);
#1580 = FACE_BOUND('',#1581,.T.);
#1581 = EDGE_LOOP('',(#1582,#1590,#1596,#1597));
#1582 = ORIENTED_EDGE('',*,*,#1583,.F.);
#1583 = EDGE_CURVE('',#1584,#325,#1586,.T.);
#1584 = VERTEX_POINT('',#1585);
#1585 = CARTESIAN_POINT('',(-131.3486009841,-103.8486009841,
    -2.93478158133));
#1586 = LINE('',#1587,#1588);
#1587 = CARTESIAN_POINT('',(-131.3486009841,-103.5,-2.93478158133));
#1588 = VECTOR('',#1589,1.);
#1589 = DIRECTION('',(0.,1.,0.));
#1590 = ORIENTED_EDGE('',*,*,#1591,.F.);
#1591 = EDGE_CURVE('',#289,#1584,#1592,.T.);
#1592 = LINE('',#1593,#1594);
#1593 = CARTESIAN_POINT('',(-125.5659112549,-98.06591125491,
    -28.89905846544));
#1594 = VECTOR('',#1595,1.);
#1595 = DIRECTION('',(0.212429165024,0.212429165024,-0.953806950957));
#1596 = ORIENTED_EDGE('',*,*,#296,.T.);
#1597 = ORIENTED_EDGE('',*,*,#324,.T.);
#1598 = PLANE('',#1599);
#1599 = AXIS2_PLACEMENT_3D('',#1600,#1601,#1602);
#1600 = CARTESIAN_POINT('',(-131.5,-104.5,-2.255));
#1601 = DIRECTION('',(-0.976084650086,1.52756624948E-17,-0.217390790665)
  );
#1602 = DIRECTION('',(1.491033968107E-17,1.,3.320788347677E-18));
#1603 = ADVANCED_FACE('',(#1604),#1637,.F.);
#1604 = FACE_BOUND('',#1605,.F.);
#1605 = EDGE_LOOP('',(#1606,#1607,#1630,#1636));
#1606 = ORIENTED_EDGE('',*,*,#386,.T.);
#1607 = ORIENTED_EDGE('',*,*,#1608,.T.);
#1608 = EDGE_CURVE('',#325,#1609,#1611,.T.);
#1609 = VERTEX_POINT('',#1610);
#1610 = CARTESIAN_POINT('',(-129.3964316839,-45.33287685512,-4.5));
#1611 = ( BOUNDED_CURVE() B_SPLINE_CURVE(9,(#1612,#1613,#1614,#1615,
    #1616,#1617,#1618,#1619,#1620,#1621,#1622,#1623,#1624,#1625,#1626,
#1627,#1628,#1629),.UNSPECIFIED.,.F.,.F.) B_SPLINE_CURVE_WITH_KNOTS((10,
    8,10),(8.284429465345,9.056473910809,10.496962517356),
.UNSPECIFIED.) CURVE() GEOMETRIC_REPRESENTATION_ITEM() 
RATIONAL_B_SPLINE_CURVE((1.,1.,1.,1.,1.,1.,1.,1.,1.,1.,1.,1.,1.,1.,1.,1.
,1.,1.)) REPRESENTATION_ITEM('') );
#1612 = CARTESIAN_POINT('',(-131.3486009841,-44.93498237742,
    -2.93478158133));
#1613 = CARTESIAN_POINT('',(-131.3204258439,-44.97340177833,
    -3.061287960753));
#1614 = CARTESIAN_POINT('',(-131.2828531501,-45.00956376479,
    -3.18646751509));
#1615 = CARTESIAN_POINT('',(-131.2361226459,-45.04413701071,
    -3.308813583616));
#1616 = CARTESIAN_POINT('',(-131.1801240657,-45.07753593579,
    -3.428090321208));
#1617 = CARTESIAN_POINT('',(-131.116607539,-45.10584861168,
    -3.538921978831));
#1618 = CARTESIAN_POINT('',(-131.0486150255,-45.13221581406,
    -3.641499160269));
#1619 = CARTESIAN_POINT('',(-130.9757489357,-45.15563666892,
    -3.736775738204));
#1620 = CARTESIAN_POINT('',(-130.899248071,-45.17705539472,
    -3.824506930485));
#1621 = CARTESIAN_POINT('',(-130.6717011067,-45.23231628458,
    -4.055044467569));
#1622 = CARTESIAN_POINT('',(-130.5134145902,-45.26110207455,
    -4.179717185179));
#1623 = CARTESIAN_POINT('',(-130.3512825737,-45.28293552736,
    -4.279457889402));
#1624 = CARTESIAN_POINT('',(-130.18789181,-45.30121624162,
    -4.357446540855));
#1625 = CARTESIAN_POINT('',(-130.0265155686,-45.31397587748,
    -4.416256345325));
#1626 = CARTESIAN_POINT('',(-129.86782895,-45.32200317318,
    -4.458409831818));
#1627 = CARTESIAN_POINT('',(-129.7101482241,-45.32894979429,
    -4.48614714684));
#1628 = CARTESIAN_POINT('',(-129.5534447693,-45.33288166526,-4.5));
#1629 = CARTESIAN_POINT('',(-129.3964316839,-45.33287685512,-4.5));
#1630 = ORIENTED_EDGE('',*,*,#1631,.F.);
#1631 = EDGE_CURVE('',#761,#1609,#1632,.T.);
#1632 = ( BOUNDED_CURVE() B_SPLINE_CURVE(2,(#1633,#1634,#1635),
.UNSPECIFIED.,.F.,.F.) B_SPLINE_CURVE_WITH_KNOTS((3,3),(0.,
2.212533052011),.PIECEWISE_BEZIER_KNOTS.) CURVE() 
GEOMETRIC_REPRESENTATION_ITEM() RATIONAL_B_SPLINE_CURVE((1.,
0.812600352521,1.)) REPRESENTATION_ITEM('') );
#1633 = CARTESIAN_POINT('',(-129.3623283955,-44.38567521255,
    -3.821495259888));
#1634 = CARTESIAN_POINT('',(-129.3964328576,-44.61564691838,-4.5));
#1635 = CARTESIAN_POINT('',(-129.3964316839,-45.33287685512,-4.5));
#1636 = ORIENTED_EDGE('',*,*,#760,.F.);
#1637 = ( BOUNDED_SURFACE() B_SPLINE_SURFACE(2,9,(
    (#1638,#1639,#1640,#1641,#1642,#1643,#1644,#1645,#1646,#1647,#1648
      ,#1649,#1650,#1651,#1652,#1653,#1654,#1655)
    ,(#1656,#1657,#1658,#1659,#1660,#1661,#1662,#1663,#1664,#1665,#1666
      ,#1667,#1668,#1669,#1670,#1671,#1672,#1673)
    ,(#1674,#1675,#1676,#1677,#1678,#1679,#1680,#1681,#1682,#1683,#1684
      ,#1685,#1686,#1687,#1688,#1689,#1690,#1691
)),.UNSPECIFIED.,.F.,.F.,.F.) B_SPLINE_SURFACE_WITH_KNOTS((3,3),(10,8,10
    ),(0.,2.212533052011),(8.284429465345,9.056473910809,10.496962517356
),.UNSPECIFIED.) GEOMETRIC_REPRESENTATION_ITEM() 
RATIONAL_B_SPLINE_SURFACE((
    (1.,1.,1.,1.,1.,1.,1.,1.,1.,1.,1.,1.,1.,1.,1.,1.,1.,1.)
    ,(0.75777559092,0.769284400889,0.77978169417,0.788561060803
      ,0.795644800781,0.80186385108,0.80638203783,0.810055705998
      ,0.812644409048,0.817942297286,0.818674491422,0.81820064133
      ,0.816376522369,0.815175790287,0.814719310059,0.81347037516
      ,0.812597707246,0.812600352521)
    ,(1.,1.,1.,1.,1.,1.,1.,1.,1.,1.,1.,1.,1.,1.,1.,1.,1.,1.
))) REPRESENTATION_ITEM('') SURFACE() );
#1638 = CARTESIAN_POINT('',(-130.4573140355,-43.99387134827,
    -3.086512334145));
#1639 = CARTESIAN_POINT('',(-130.4556644498,-44.03225844679,
    -3.13872328877));
#1640 = CARTESIAN_POINT('',(-130.4510484598,-44.06692291447,
    -3.188275598544));
#1641 = CARTESIAN_POINT('',(-130.4381806614,-44.10377850181,
    -3.242746843954));
#1642 = CARTESIAN_POINT('',(-130.4174006915,-44.13754433351,
    -3.296553886259));
#1643 = CARTESIAN_POINT('',(-130.3960903518,-44.16551608474,
    -3.343465679996));
#1644 = CARTESIAN_POINT('',(-130.3677518092,-44.19283541343,
    -3.391007985043));
#1645 = CARTESIAN_POINT('',(-130.3368184176,-44.21629432883,
    -3.434230031197));
#1646 = CARTESIAN_POINT('',(-130.3006636517,-44.23795646514,
    -3.475821139646));
#1647 = CARTESIAN_POINT('',(-130.1876503262,-44.29323751895,
    -3.5866543653));
#1648 = CARTESIAN_POINT('',(-130.1019360847,-44.32133988151,
    -3.649295447439));
#1649 = CARTESIAN_POINT('',(-130.0088338238,-44.34218431471,
    -3.70037929471));
#1650 = CARTESIAN_POINT('',(-129.9096112186,-44.3582298939,
    -3.74291758153));
#1651 = CARTESIAN_POINT('',(-129.8080471265,-44.369538596,
    -3.774435068298));
#1652 = CARTESIAN_POINT('',(-129.709368879,-44.37708389554,
    -3.796219320972));
#1653 = CARTESIAN_POINT('',(-129.6164785436,-44.38273422994,
    -3.812794887531));
#1654 = CARTESIAN_POINT('',(-129.5190512212,-44.38567719854,
    -3.82150111931));
#1655 = CARTESIAN_POINT('',(-129.3623283955,-44.38567521255,
    -3.821495259888));
#1656 = CARTESIAN_POINT('',(-131.2579198036,-44.18166967864,
    -3.34194008161));
#1657 = CARTESIAN_POINT('',(-131.2139282763,-44.22925799799,
    -3.416976867905));
#1658 = CARTESIAN_POINT('',(-131.1666151969,-44.27454813405,
    -3.492797253411));
#1659 = CARTESIAN_POINT('',(-131.1155756715,-44.31676257882,
    -3.569616674431));
#1660 = CARTESIAN_POINT('',(-131.0592926162,-44.35695708232,
    -3.648970649257));
#1661 = CARTESIAN_POINT('',(-130.9999149278,-44.3914256437,
    -3.722980629322));
#1662 = CARTESIAN_POINT('',(-130.9385405758,-44.42228086742,
    -3.794638333509));
#1663 = CARTESIAN_POINT('',(-130.8740424374,-44.44938422958,
    -3.862802900296));
#1664 = CARTESIAN_POINT('',(-130.8067443726,-44.47313528894,
    -3.927733971085));
#1665 = CARTESIAN_POINT('',(-130.6077650763,-44.53225751601,
    -4.102196312502));
#1666 = CARTESIAN_POINT('',(-130.4687957091,-44.56054152714,
    -4.203675612383));
#1667 = CARTESIAN_POINT('',(-130.3232976658,-44.58047183207,
    -4.290144112291));
#1668 = CARTESIAN_POINT('',(-130.1727148063,-44.59384780448,
    -4.361256060442));
#1669 = CARTESIAN_POINT('',(-130.0199257947,-44.60345486849,
    -4.417148605678));
#1670 = CARTESIAN_POINT('',(-129.8660505273,-44.61028809293,
    -4.458434663068));
#1671 = CARTESIAN_POINT('',(-129.7097444505,-44.61398451541,
    -4.486187173305));
#1672 = CARTESIAN_POINT('',(-129.5534464595,-44.61564485495,
    -4.499999907858));
#1673 = CARTESIAN_POINT('',(-129.3964328576,-44.61564691838,-4.5));
#1674 = CARTESIAN_POINT('',(-131.3486009841,-44.93498237742,
    -2.93478158133));
#1675 = CARTESIAN_POINT('',(-131.3204258439,-44.97340177833,
    -3.061287960753));
#1676 = CARTESIAN_POINT('',(-131.2828531501,-45.00956376479,
    -3.18646751509));
#1677 = CARTESIAN_POINT('',(-131.2361226459,-45.04413701071,
    -3.308813583616));
#1678 = CARTESIAN_POINT('',(-131.1801240657,-45.07753593579,
    -3.428090321208));
#1679 = CARTESIAN_POINT('',(-131.116607539,-45.10584861168,
    -3.538921978831));
#1680 = CARTESIAN_POINT('',(-131.0486150255,-45.13221581406,
    -3.641499160269));
#1681 = CARTESIAN_POINT('',(-130.9757489357,-45.15563666892,
    -3.736775738204));
#1682 = CARTESIAN_POINT('',(-130.899248071,-45.17705539472,
    -3.824506930485));
#1683 = CARTESIAN_POINT('',(-130.6717011067,-45.23231628458,
    -4.055044467569));
#1684 = CARTESIAN_POINT('',(-130.5134145902,-45.26110207455,
    -4.179717185179));
#1685 = CARTESIAN_POINT('',(-130.3512825737,-45.28293552736,
    -4.279457889402));
#1686 = CARTESIAN_POINT('',(-130.18789181,-45.30121624162,
    -4.357446540855));
#1687 = CARTESIAN_POINT('',(-130.0265155686,-45.31397587748,
    -4.416256345325));
#1688 = CARTESIAN_POINT('',(-129.86782895,-45.32200317318,
    -4.458409831818));
#1689 = CARTESIAN_POINT('',(-129.7101482241,-45.32894979429,
    -4.48614714684));
#1690 = CARTESIAN_POINT('',(-129.5534447693,-45.33288166526,-4.5));
#1691 = CARTESIAN_POINT('',(-129.3964316839,-45.33287685512,-4.5));
#1692 = ADVANCED_FACE('',(#1693),#1753,.F.);
#1693 = FACE_BOUND('',#1694,.F.);
#1694 = EDGE_LOOP('',(#1695,#1705,#1714,#1722,#1730,#1738,#1745,#1746,
    #1747));
#1695 = ORIENTED_EDGE('',*,*,#1696,.F.);
#1696 = EDGE_CURVE('',#1697,#1699,#1701,.T.);
#1697 = VERTEX_POINT('',#1698);
#1698 = CARTESIAN_POINT('',(-133.5,104.45526196854,12.290146156696));
#1699 = VERTEX_POINT('',#1700);
#1700 = CARTESIAN_POINT('',(-133.5,99.106348363258,7.605284043955));
#1701 = LINE('',#1702,#1703);
#1702 = CARTESIAN_POINT('',(-133.5,103.84113203471,11.752258602024));
#1703 = VECTOR('',#1704,1.);
#1704 = DIRECTION('',(0.,-0.752258602024,-0.658867965286));
#1705 = ORIENTED_EDGE('',*,*,#1706,.T.);
#1706 = EDGE_CURVE('',#1697,#1707,#1709,.T.);
#1707 = VERTEX_POINT('',#1708);
#1708 = CARTESIAN_POINT('',(-133.5,103.82455532033,14.5));
#1709 = CIRCLE('',#1710,7.);
#1710 = AXIS2_PLACEMENT_3D('',#1711,#1712,#1713);
#1711 = CARTESIAN_POINT('',(-133.5,97.5,11.5));
#1712 = DIRECTION('',(1.,-0.,0.));
#1713 = DIRECTION('',(0.,0.,-1.));
#1714 = ORIENTED_EDGE('',*,*,#1715,.T.);
#1715 = EDGE_CURVE('',#1707,#1716,#1718,.T.);
#1716 = VERTEX_POINT('',#1717);
#1717 = CARTESIAN_POINT('',(-133.5,41.5,14.5));
#1718 = LINE('',#1719,#1720);
#1719 = CARTESIAN_POINT('',(-133.5,104.5,14.5));
#1720 = VECTOR('',#1721,1.);
#1721 = DIRECTION('',(-0.,-1.,-0.));
#1722 = ORIENTED_EDGE('',*,*,#1723,.F.);
#1723 = EDGE_CURVE('',#1724,#1716,#1726,.T.);
#1724 = VERTEX_POINT('',#1725);
#1725 = CARTESIAN_POINT('',(-133.5,41.5,18.5));
#1726 = LINE('',#1727,#1728);
#1727 = CARTESIAN_POINT('',(-133.5,41.5,8.25));
#1728 = VECTOR('',#1729,1.);
#1729 = DIRECTION('',(0.,3.155443620884E-30,-1.));
#1730 = ORIENTED_EDGE('',*,*,#1731,.T.);
#1731 = EDGE_CURVE('',#1724,#1732,#1734,.T.);
#1732 = VERTEX_POINT('',#1733);
#1733 = CARTESIAN_POINT('',(-133.5,-93.5,18.5));
#1734 = LINE('',#1735,#1736);
#1735 = CARTESIAN_POINT('',(-133.5,104.5,18.5));
#1736 = VECTOR('',#1737,1.);
#1737 = DIRECTION('',(0.,-1.,0.));
#1738 = ORIENTED_EDGE('',*,*,#1739,.F.);
#1739 = EDGE_CURVE('',#632,#1732,#1740,.T.);
#1740 = CIRCLE('',#1741,12.5);
#1741 = AXIS2_PLACEMENT_3D('',#1742,#1743,#1744);
#1742 = CARTESIAN_POINT('',(-133.5,-101.,28.5));
#1743 = DIRECTION('',(1.,0.,0.));
#1744 = DIRECTION('',(0.,1.,0.));
#1745 = ORIENTED_EDGE('',*,*,#629,.F.);
#1746 = ORIENTED_EDGE('',*,*,#970,.F.);
#1747 = ORIENTED_EDGE('',*,*,#1748,.F.);
#1748 = EDGE_CURVE('',#1699,#960,#1749,.T.);
#1749 = LINE('',#1750,#1751);
#1750 = CARTESIAN_POINT('',(-133.5,99.440033392655,7.62987136191));
#1751 = VECTOR('',#1752,1.);
#1752 = DIRECTION('',(0.,-0.997296323024,-7.348499222285E-02));
#1753 = PLANE('',#1754);
#1754 = AXIS2_PLACEMENT_3D('',#1755,#1756,#1757);
#1755 = CARTESIAN_POINT('',(-133.5,104.5,0.));
#1756 = DIRECTION('',(1.,0.,0.));
#1757 = DIRECTION('',(0.,-1.,0.));
#1758 = ADVANCED_FACE('',(#1759),#1778,.F.);
#1759 = FACE_BOUND('',#1760,.F.);
#1760 = EDGE_LOOP('',(#1761,#1770,#1771,#1772));
#1761 = ORIENTED_EDGE('',*,*,#1762,.F.);
#1762 = EDGE_CURVE('',#737,#1763,#1765,.T.);
#1763 = VERTEX_POINT('',#1764);
#1764 = CARTESIAN_POINT('',(133.5,-93.5,18.5));
#1765 = CIRCLE('',#1766,12.5);
#1766 = AXIS2_PLACEMENT_3D('',#1767,#1768,#1769);
#1767 = CARTESIAN_POINT('',(133.5,-101.,28.5));
#1768 = DIRECTION('',(1.,0.,0.));
#1769 = DIRECTION('',(0.,1.,0.));
#1770 = ORIENTED_EDGE('',*,*,#744,.F.);
#1771 = ORIENTED_EDGE('',*,*,#1739,.T.);
#1772 = ORIENTED_EDGE('',*,*,#1773,.T.);
#1773 = EDGE_CURVE('',#1732,#1763,#1774,.T.);
#1774 = LINE('',#1775,#1776);
#1775 = CARTESIAN_POINT('',(133.5,-93.5,18.5));
#1776 = VECTOR('',#1777,1.);
#1777 = DIRECTION('',(1.,0.,0.));
#1778 = CYLINDRICAL_SURFACE('',#1779,12.5);
#1779 = AXIS2_PLACEMENT_3D('',#1780,#1781,#1782);
#1780 = CARTESIAN_POINT('',(133.5,-101.,28.5));
#1781 = DIRECTION('',(1.,0.,0.));
#1782 = DIRECTION('',(0.,1.,0.));
#1783 = ADVANCED_FACE('',(#1784),#1836,.F.);
#1784 = FACE_BOUND('',#1785,.F.);
#1785 = EDGE_LOOP('',(#1786,#1797,#1805,#1811,#1812,#1813,#1814,#1822,
    #1830));
#1786 = ORIENTED_EDGE('',*,*,#1787,.F.);
#1787 = EDGE_CURVE('',#1788,#1790,#1792,.T.);
#1788 = VERTEX_POINT('',#1789);
#1789 = CARTESIAN_POINT('',(133.5,104.45526196854,12.290146156696));
#1790 = VERTEX_POINT('',#1791);
#1791 = CARTESIAN_POINT('',(133.5,103.82455532033,14.5));
#1792 = CIRCLE('',#1793,7.);
#1793 = AXIS2_PLACEMENT_3D('',#1794,#1795,#1796);
#1794 = CARTESIAN_POINT('',(133.5,97.5,11.5));
#1795 = DIRECTION('',(1.,-0.,0.));
#1796 = DIRECTION('',(0.,0.,-1.));
#1797 = ORIENTED_EDGE('',*,*,#1798,.T.);
#1798 = EDGE_CURVE('',#1788,#1799,#1801,.T.);
#1799 = VERTEX_POINT('',#1800);
#1800 = CARTESIAN_POINT('',(133.5,99.106348363258,7.605284043955));
#1801 = LINE('',#1802,#1803);
#1802 = CARTESIAN_POINT('',(133.5,103.84113203471,11.752258602024));
#1803 = VECTOR('',#1804,1.);
#1804 = DIRECTION('',(-0.,-0.752258602024,-0.658867965286));
#1805 = ORIENTED_EDGE('',*,*,#1806,.F.);
#1806 = EDGE_CURVE('',#1561,#1799,#1807,.T.);
#1807 = LINE('',#1808,#1809);
#1808 = CARTESIAN_POINT('',(133.5,9.426515007777,0.997296323024));
#1809 = VECTOR('',#1810,1.);
#1810 = DIRECTION('',(0.,0.997296323024,7.348499222285E-02));
#1811 = ORIENTED_EDGE('',*,*,#1560,.F.);
#1812 = ORIENTED_EDGE('',*,*,#736,.T.);
#1813 = ORIENTED_EDGE('',*,*,#1762,.T.);
#1814 = ORIENTED_EDGE('',*,*,#1815,.T.);
#1815 = EDGE_CURVE('',#1763,#1816,#1818,.T.);
#1816 = VERTEX_POINT('',#1817);
#1817 = CARTESIAN_POINT('',(133.5,41.5,18.5));
#1818 = LINE('',#1819,#1820);
#1819 = CARTESIAN_POINT('',(133.5,-104.5,18.5));
#1820 = VECTOR('',#1821,1.);
#1821 = DIRECTION('',(0.,1.,0.));
#1822 = ORIENTED_EDGE('',*,*,#1823,.T.);
#1823 = EDGE_CURVE('',#1816,#1824,#1826,.T.);
#1824 = VERTEX_POINT('',#1825);
#1825 = CARTESIAN_POINT('',(133.5,41.5,14.5));
#1826 = LINE('',#1827,#1828);
#1827 = CARTESIAN_POINT('',(133.5,41.5,8.25));
#1828 = VECTOR('',#1829,1.);
#1829 = DIRECTION('',(0.,3.155443620884E-30,-1.));
#1830 = ORIENTED_EDGE('',*,*,#1831,.F.);
#1831 = EDGE_CURVE('',#1790,#1824,#1832,.T.);
#1832 = LINE('',#1833,#1834);
#1833 = CARTESIAN_POINT('',(133.5,104.5,14.5));
#1834 = VECTOR('',#1835,1.);
#1835 = DIRECTION('',(0.,-1.,0.));
#1836 = PLANE('',#1837);
#1837 = AXIS2_PLACEMENT_3D('',#1838,#1839,#1840);
#1838 = CARTESIAN_POINT('',(133.5,-104.5,0.));
#1839 = DIRECTION('',(-1.,0.,0.));
#1840 = DIRECTION('',(0.,1.,0.));
#1841 = ADVANCED_FACE('',(#1842),#1867,.F.);
#1842 = FACE_BOUND('',#1843,.T.);
#1843 = EDGE_LOOP('',(#1844,#1854,#1860,#1861));
#1844 = ORIENTED_EDGE('',*,*,#1845,.F.);
#1845 = EDGE_CURVE('',#1846,#1848,#1850,.T.);
#1846 = VERTEX_POINT('',#1847);
#1847 = CARTESIAN_POINT('',(131.34860098411,-103.8486009841,
    -2.93478158133));
#1848 = VERTEX_POINT('',#1849);
#1849 = CARTESIAN_POINT('',(114.5,-103.8486009841,-2.93478158133));
#1850 = LINE('',#1851,#1852);
#1851 = CARTESIAN_POINT('',(131.,-103.8486009841,-2.93478158133));
#1852 = VECTOR('',#1853,1.);
#1853 = DIRECTION('',(-1.,0.,0.));
#1854 = ORIENTED_EDGE('',*,*,#1855,.F.);
#1855 = EDGE_CURVE('',#713,#1846,#1856,.T.);
#1856 = LINE('',#1857,#1858);
#1857 = CARTESIAN_POINT('',(129.94314781973,-102.4431478197,
    -9.245266289412));
#1858 = VECTOR('',#1859,1.);
#1859 = DIRECTION('',(-0.212429165024,0.212429165024,-0.953806950957));
#1860 = ORIENTED_EDGE('',*,*,#712,.T.);
#1861 = ORIENTED_EDGE('',*,*,#1862,.F.);
#1862 = EDGE_CURVE('',#1848,#705,#1863,.T.);
#1863 = LINE('',#1864,#1865);
#1864 = CARTESIAN_POINT('',(114.5,-103.6850192106,-3.669263744028));
#1865 = VECTOR('',#1866,1.);
#1866 = DIRECTION('',(0.,-0.217390790665,0.976084650086));
#1867 = PLANE('',#1868);
#1868 = AXIS2_PLACEMENT_3D('',#1869,#1870,#1871);
#1869 = CARTESIAN_POINT('',(132.,-104.,-2.255));
#1870 = DIRECTION('',(-1.52756624948E-17,0.976084650086,0.217390790665)
  );
#1871 = DIRECTION('',(1.,1.491033968107E-17,3.320788347677E-18));
#1872 = ADVANCED_FACE('',(#1873),#1908,.F.);
#1873 = FACE_BOUND('',#1874,.F.);
#1874 = EDGE_LOOP('',(#1875,#1885,#1893,#1899,#1900,#1901));
#1875 = ORIENTED_EDGE('',*,*,#1876,.F.);
#1876 = EDGE_CURVE('',#1877,#1879,#1881,.T.);
#1877 = VERTEX_POINT('',#1878);
#1878 = CARTESIAN_POINT('',(114.5,-100.75,-4.5));
#1879 = VERTEX_POINT('',#1880);
#1880 = CARTESIAN_POINT('',(114.5,-101.8964316839,-4.5));
#1881 = LINE('',#1882,#1883);
#1882 = CARTESIAN_POINT('',(114.5,-100.75,-4.5));
#1883 = VECTOR('',#1884,1.);
#1884 = DIRECTION('',(0.,-1.,0.));
#1885 = ORIENTED_EDGE('',*,*,#1886,.T.);
#1886 = EDGE_CURVE('',#1877,#1887,#1889,.T.);
#1887 = VERTEX_POINT('',#1888);
#1888 = CARTESIAN_POINT('',(114.5,-100.75,0.5));
#1889 = LINE('',#1890,#1891);
#1890 = CARTESIAN_POINT('',(114.5,-100.75,-4.5));
#1891 = VECTOR('',#1892,1.);
#1892 = DIRECTION('',(0.,0.,1.));
#1893 = ORIENTED_EDGE('',*,*,#1894,.T.);
#1894 = EDGE_CURVE('',#1887,#697,#1895,.T.);
#1895 = LINE('',#1896,#1897);
#1896 = CARTESIAN_POINT('',(114.5,-100.75,0.5));
#1897 = VECTOR('',#1898,1.);
#1898 = DIRECTION('',(0.,-1.,0.));
#1899 = ORIENTED_EDGE('',*,*,#704,.F.);
#1900 = ORIENTED_EDGE('',*,*,#1862,.F.);
#1901 = ORIENTED_EDGE('',*,*,#1902,.F.);
#1902 = EDGE_CURVE('',#1879,#1848,#1903,.T.);
#1903 = CIRCLE('',#1904,2.);
#1904 = AXIS2_PLACEMENT_3D('',#1905,#1906,#1907);
#1905 = CARTESIAN_POINT('',(114.5,-101.8964316839,-2.5));
#1906 = DIRECTION('',(-1.,0.,0.));
#1907 = DIRECTION('',(-0.,-0.976084650086,-0.217390790665));
#1908 = PLANE('',#1909);
#1909 = AXIS2_PLACEMENT_3D('',#1910,#1911,#1912);
#1910 = CARTESIAN_POINT('',(114.5,-100.75,-4.5));
#1911 = DIRECTION('',(1.,0.,0.));
#1912 = DIRECTION('',(0.,-1.,0.));
#1913 = ADVANCED_FACE('',(#1914),#1933,.F.);
#1914 = FACE_BOUND('',#1915,.T.);
#1915 = EDGE_LOOP('',(#1916,#1924,#1931,#1932));
#1916 = ORIENTED_EDGE('',*,*,#1917,.T.);
#1917 = EDGE_CURVE('',#689,#1918,#1920,.T.);
#1918 = VERTEX_POINT('',#1919);
#1919 = CARTESIAN_POINT('',(110.5,-100.75,0.5));
#1920 = LINE('',#1921,#1922);
#1921 = CARTESIAN_POINT('',(110.5,-104.5,0.5));
#1922 = VECTOR('',#1923,1.);
#1923 = DIRECTION('',(0.,1.,0.));
#1924 = ORIENTED_EDGE('',*,*,#1925,.T.);
#1925 = EDGE_CURVE('',#1918,#1887,#1926,.T.);
#1926 = CIRCLE('',#1927,2.);
#1927 = AXIS2_PLACEMENT_3D('',#1928,#1929,#1930);
#1928 = CARTESIAN_POINT('',(112.5,-100.75,0.5));
#1929 = DIRECTION('',(0.,0.,-1.));
#1930 = DIRECTION('',(1.,0.,0.));
#1931 = ORIENTED_EDGE('',*,*,#1894,.T.);
#1932 = ORIENTED_EDGE('',*,*,#696,.T.);
#1933 = PLANE('',#1934);
#1934 = AXIS2_PLACEMENT_3D('',#1935,#1936,#1937);
#1935 = CARTESIAN_POINT('',(0.25,-102.0148169582,0.5));
#1936 = DIRECTION('',(0.,0.,1.));
#1937 = DIRECTION('',(1.,0.,0.));
#1938 = ADVANCED_FACE('',(#1939),#1974,.F.);
#1939 = FACE_BOUND('',#1940,.F.);
#1940 = EDGE_LOOP('',(#1941,#1949,#1950,#1951,#1959,#1967));
#1941 = ORIENTED_EDGE('',*,*,#1942,.F.);
#1942 = EDGE_CURVE('',#681,#1943,#1945,.T.);
#1943 = VERTEX_POINT('',#1944);
#1944 = CARTESIAN_POINT('',(110.5,-103.8486009841,-2.93478158133));
#1945 = LINE('',#1946,#1947);
#1946 = CARTESIAN_POINT('',(110.5,-103.7736293779,-3.271404093081));
#1947 = VECTOR('',#1948,1.);
#1948 = DIRECTION('',(0.,0.217390790665,-0.976084650086));
#1949 = ORIENTED_EDGE('',*,*,#688,.T.);
#1950 = ORIENTED_EDGE('',*,*,#1917,.T.);
#1951 = ORIENTED_EDGE('',*,*,#1952,.F.);
#1952 = EDGE_CURVE('',#1953,#1918,#1955,.T.);
#1953 = VERTEX_POINT('',#1954);
#1954 = CARTESIAN_POINT('',(110.5,-100.75,-4.5));
#1955 = LINE('',#1956,#1957);
#1956 = CARTESIAN_POINT('',(110.5,-100.75,-4.5));
#1957 = VECTOR('',#1958,1.);
#1958 = DIRECTION('',(0.,0.,1.));
#1959 = ORIENTED_EDGE('',*,*,#1960,.F.);
#1960 = EDGE_CURVE('',#1961,#1953,#1963,.T.);
#1961 = VERTEX_POINT('',#1962);
#1962 = CARTESIAN_POINT('',(110.5,-101.8964316839,-4.5));
#1963 = LINE('',#1964,#1965);
#1964 = CARTESIAN_POINT('',(110.5,-104.5,-4.5));
#1965 = VECTOR('',#1966,1.);
#1966 = DIRECTION('',(0.,1.,0.));
#1967 = ORIENTED_EDGE('',*,*,#1968,.T.);
#1968 = EDGE_CURVE('',#1961,#1943,#1969,.T.);
#1969 = CIRCLE('',#1970,2.);
#1970 = AXIS2_PLACEMENT_3D('',#1971,#1972,#1973);
#1971 = CARTESIAN_POINT('',(110.5,-101.8964316839,-2.5));
#1972 = DIRECTION('',(-1.,0.,0.));
#1973 = DIRECTION('',(-0.,-0.976084650086,-0.217390790665));
#1974 = PLANE('',#1975);
#1975 = AXIS2_PLACEMENT_3D('',#1976,#1977,#1978);
#1976 = CARTESIAN_POINT('',(110.5,-104.5,-4.5));
#1977 = DIRECTION('',(-1.,0.,0.));
#1978 = DIRECTION('',(0.,1.,0.));
#1979 = ADVANCED_FACE('',(#1980),#1998,.F.);
#1980 = FACE_BOUND('',#1981,.T.);
#1981 = EDGE_LOOP('',(#1982,#1990,#1991,#1992));
#1982 = ORIENTED_EDGE('',*,*,#1983,.F.);
#1983 = EDGE_CURVE('',#1943,#1984,#1986,.T.);
#1984 = VERTEX_POINT('',#1985);
#1985 = CARTESIAN_POINT('',(-110.,-103.8486009841,-2.93478158133));
#1986 = LINE('',#1987,#1988);
#1987 = CARTESIAN_POINT('',(131.,-103.8486009841,-2.93478158133));
#1988 = VECTOR('',#1989,1.);
#1989 = DIRECTION('',(-1.,0.,0.));
#1990 = ORIENTED_EDGE('',*,*,#1942,.F.);
#1991 = ORIENTED_EDGE('',*,*,#680,.T.);
#1992 = ORIENTED_EDGE('',*,*,#1993,.T.);
#1993 = EDGE_CURVE('',#673,#1984,#1994,.T.);
#1994 = LINE('',#1995,#1996);
#1995 = CARTESIAN_POINT('',(-110.,-103.7736293779,-3.271404093081));
#1996 = VECTOR('',#1997,1.);
#1997 = DIRECTION('',(0.,0.217390790665,-0.976084650086));
#1998 = PLANE('',#1999);
#1999 = AXIS2_PLACEMENT_3D('',#2000,#2001,#2002);
#2000 = CARTESIAN_POINT('',(132.,-104.,-2.255));
#2001 = DIRECTION('',(-1.52756624948E-17,0.976084650086,0.217390790665)
  );
#2002 = DIRECTION('',(1.,1.491033968107E-17,3.320788347677E-18));
#2003 = ADVANCED_FACE('',(#2004),#2039,.T.);
#2004 = FACE_BOUND('',#2005,.T.);
#2005 = EDGE_LOOP('',(#2006,#2007,#2008,#2016,#2024,#2032));
#2006 = ORIENTED_EDGE('',*,*,#1993,.F.);
#2007 = ORIENTED_EDGE('',*,*,#672,.T.);
#2008 = ORIENTED_EDGE('',*,*,#2009,.T.);
#2009 = EDGE_CURVE('',#665,#2010,#2012,.T.);
#2010 = VERTEX_POINT('',#2011);
#2011 = CARTESIAN_POINT('',(-110.,-100.75,0.5));
#2012 = LINE('',#2013,#2014);
#2013 = CARTESIAN_POINT('',(-110.,-104.5,0.5));
#2014 = VECTOR('',#2015,1.);
#2015 = DIRECTION('',(0.,1.,0.));
#2016 = ORIENTED_EDGE('',*,*,#2017,.F.);
#2017 = EDGE_CURVE('',#2018,#2010,#2020,.T.);
#2018 = VERTEX_POINT('',#2019);
#2019 = CARTESIAN_POINT('',(-110.,-100.75,-4.5));
#2020 = LINE('',#2021,#2022);
#2021 = CARTESIAN_POINT('',(-110.,-100.75,-4.5));
#2022 = VECTOR('',#2023,1.);
#2023 = DIRECTION('',(0.,0.,1.));
#2024 = ORIENTED_EDGE('',*,*,#2025,.F.);
#2025 = EDGE_CURVE('',#2026,#2018,#2028,.T.);
#2026 = VERTEX_POINT('',#2027);
#2027 = CARTESIAN_POINT('',(-110.,-101.8964316839,-4.5));
#2028 = LINE('',#2029,#2030);
#2029 = CARTESIAN_POINT('',(-110.,-104.5,-4.5));
#2030 = VECTOR('',#2031,1.);
#2031 = DIRECTION('',(0.,1.,0.));
#2032 = ORIENTED_EDGE('',*,*,#2033,.T.);
#2033 = EDGE_CURVE('',#2026,#1984,#2034,.T.);
#2034 = CIRCLE('',#2035,2.);
#2035 = AXIS2_PLACEMENT_3D('',#2036,#2037,#2038);
#2036 = CARTESIAN_POINT('',(-110.,-101.8964316839,-2.5));
#2037 = DIRECTION('',(-1.,0.,0.));
#2038 = DIRECTION('',(-0.,-0.976084650086,-0.217390790665));
#2039 = PLANE('',#2040);
#2040 = AXIS2_PLACEMENT_3D('',#2041,#2042,#2043);
#2041 = CARTESIAN_POINT('',(-110.,-104.5,-4.5));
#2042 = DIRECTION('',(-1.,0.,0.));
#2043 = DIRECTION('',(0.,1.,0.));
#2044 = ADVANCED_FACE('',(#2045),#2064,.F.);
#2045 = FACE_BOUND('',#2046,.T.);
#2046 = EDGE_LOOP('',(#2047,#2048,#2056,#2063));
#2047 = ORIENTED_EDGE('',*,*,#664,.T.);
#2048 = ORIENTED_EDGE('',*,*,#2049,.T.);
#2049 = EDGE_CURVE('',#657,#2050,#2052,.T.);
#2050 = VERTEX_POINT('',#2051);
#2051 = CARTESIAN_POINT('',(-114.,-100.75,0.5));
#2052 = LINE('',#2053,#2054);
#2053 = CARTESIAN_POINT('',(-114.,-104.5,0.5));
#2054 = VECTOR('',#2055,1.);
#2055 = DIRECTION('',(0.,1.,0.));
#2056 = ORIENTED_EDGE('',*,*,#2057,.T.);
#2057 = EDGE_CURVE('',#2050,#2010,#2058,.T.);
#2058 = CIRCLE('',#2059,2.);
#2059 = AXIS2_PLACEMENT_3D('',#2060,#2061,#2062);
#2060 = CARTESIAN_POINT('',(-112.,-100.75,0.5));
#2061 = DIRECTION('',(0.,0.,-1.));
#2062 = DIRECTION('',(1.,0.,0.));
#2063 = ORIENTED_EDGE('',*,*,#2009,.F.);
#2064 = PLANE('',#2065);
#2065 = AXIS2_PLACEMENT_3D('',#2066,#2067,#2068);
#2066 = CARTESIAN_POINT('',(0.25,-102.0148169582,0.5));
#2067 = DIRECTION('',(0.,0.,1.));
#2068 = DIRECTION('',(1.,0.,0.));
#2069 = ADVANCED_FACE('',(#2070),#2105,.F.);
#2070 = FACE_BOUND('',#2071,.F.);
#2071 = EDGE_LOOP('',(#2072,#2080,#2081,#2082,#2090,#2098));
#2072 = ORIENTED_EDGE('',*,*,#2073,.F.);
#2073 = EDGE_CURVE('',#649,#2074,#2076,.T.);
#2074 = VERTEX_POINT('',#2075);
#2075 = CARTESIAN_POINT('',(-114.,-103.8486009841,-2.93478158133));
#2076 = LINE('',#2077,#2078);
#2077 = CARTESIAN_POINT('',(-114.,-103.7736293779,-3.271404093081));
#2078 = VECTOR('',#2079,1.);
#2079 = DIRECTION('',(0.,0.217390790665,-0.976084650086));
#2080 = ORIENTED_EDGE('',*,*,#656,.T.);
#2081 = ORIENTED_EDGE('',*,*,#2049,.T.);
#2082 = ORIENTED_EDGE('',*,*,#2083,.F.);
#2083 = EDGE_CURVE('',#2084,#2050,#2086,.T.);
#2084 = VERTEX_POINT('',#2085);
#2085 = CARTESIAN_POINT('',(-114.,-100.75,-4.5));
#2086 = LINE('',#2087,#2088);
#2087 = CARTESIAN_POINT('',(-114.,-100.75,-4.5));
#2088 = VECTOR('',#2089,1.);
#2089 = DIRECTION('',(0.,0.,1.));
#2090 = ORIENTED_EDGE('',*,*,#2091,.F.);
#2091 = EDGE_CURVE('',#2092,#2084,#2094,.T.);
#2092 = VERTEX_POINT('',#2093);
#2093 = CARTESIAN_POINT('',(-114.,-101.8964316839,-4.5));
#2094 = LINE('',#2095,#2096);
#2095 = CARTESIAN_POINT('',(-114.,-104.5,-4.5));
#2096 = VECTOR('',#2097,1.);
#2097 = DIRECTION('',(0.,1.,0.));
#2098 = ORIENTED_EDGE('',*,*,#2099,.T.);
#2099 = EDGE_CURVE('',#2092,#2074,#2100,.T.);
#2100 = CIRCLE('',#2101,2.);
#2101 = AXIS2_PLACEMENT_3D('',#2102,#2103,#2104);
#2102 = CARTESIAN_POINT('',(-114.,-101.8964316839,-2.5));
#2103 = DIRECTION('',(-1.,0.,0.));
#2104 = DIRECTION('',(-0.,-0.976084650086,-0.217390790665));
#2105 = PLANE('',#2106);
#2106 = AXIS2_PLACEMENT_3D('',#2107,#2108,#2109);
#2107 = CARTESIAN_POINT('',(-114.,-104.5,-4.5));
#2108 = DIRECTION('',(-1.,0.,0.));
#2109 = DIRECTION('',(0.,1.,0.));
#2110 = ADVANCED_FACE('',(#2111),#2122,.F.);
#2111 = FACE_BOUND('',#2112,.T.);
#2112 = EDGE_LOOP('',(#2113,#2119,#2120,#2121));
#2113 = ORIENTED_EDGE('',*,*,#2114,.F.);
#2114 = EDGE_CURVE('',#2074,#1584,#2115,.T.);
#2115 = LINE('',#2116,#2117);
#2116 = CARTESIAN_POINT('',(131.,-103.8486009841,-2.93478158133));
#2117 = VECTOR('',#2118,1.);
#2118 = DIRECTION('',(-1.,0.,0.));
#2119 = ORIENTED_EDGE('',*,*,#2073,.F.);
#2120 = ORIENTED_EDGE('',*,*,#648,.T.);
#2121 = ORIENTED_EDGE('',*,*,#1591,.T.);
#2122 = PLANE('',#2123);
#2123 = AXIS2_PLACEMENT_3D('',#2124,#2125,#2126);
#2124 = CARTESIAN_POINT('',(132.,-104.,-2.255));
#2125 = DIRECTION('',(-1.52756624948E-17,0.976084650086,0.217390790665)
  );
#2126 = DIRECTION('',(1.,1.491033968107E-17,3.320788347677E-18));
#2127 = ADVANCED_FACE('',(#2128),#2158,.F.);
#2128 = FACE_BOUND('',#2129,.F.);
#2129 = EDGE_LOOP('',(#2130,#2138,#2156,#2157));
#2130 = ORIENTED_EDGE('',*,*,#2131,.T.);
#2131 = EDGE_CURVE('',#784,#2132,#2134,.T.);
#2132 = VERTEX_POINT('',#2133);
#2133 = CARTESIAN_POINT('',(129.39643168394,-45.33294685323,-4.5));
#2134 = ( BOUNDED_CURVE() B_SPLINE_CURVE(2,(#2135,#2136,#2137),
.UNSPECIFIED.,.F.,.F.) B_SPLINE_CURVE_WITH_KNOTS((3,3),(0.,
263.94548305435),.PIECEWISE_BEZIER_KNOTS.) CURVE() 
GEOMETRIC_REPRESENTATION_ITEM() RATIONAL_B_SPLINE_CURVE((1.,
0.812562335992,1.)) REPRESENTATION_ITEM('') );
#2135 = CARTESIAN_POINT('',(129.35843853915,-44.38570334343,
    -3.821578261981));
#2136 = CARTESIAN_POINT('',(129.39643363728,-44.61561813316,-4.5));
#2137 = CARTESIAN_POINT('',(129.39643168394,-45.33294685323,-4.5));
#2138 = ORIENTED_EDGE('',*,*,#2139,.T.);
#2139 = EDGE_CURVE('',#2132,#987,#2140,.T.);
#2140 = ( BOUNDED_CURVE() B_SPLINE_CURVE(14,(#2141,#2142,#2143,#2144,
    #2145,#2146,#2147,#2148,#2149,#2150,#2151,#2152,#2153,#2154,#2155),
.UNSPECIFIED.,.F.,.F.) B_SPLINE_CURVE_WITH_KNOTS((15,15),(
274.44244557171,276.65154147373),.PIECEWISE_BEZIER_KNOTS.) CURVE() 
GEOMETRIC_REPRESENTATION_ITEM() RATIONAL_B_SPLINE_CURVE((1.,
    1.000000000001,0.999999999997,1.000000000008,0.999999999984,
    1.000000000025,0.999999999968,1.000000000033,0.999999999972,
    1.00000000002,0.999999999989,1.000000000005,0.999999999998,1.,1.)) 
REPRESENTATION_ITEM('') );
#2141 = CARTESIAN_POINT('',(129.39643168394,-45.33294685323,-4.5));
#2142 = CARTESIAN_POINT('',(129.55123893849,-45.33295268869,-4.5));
#2143 = CARTESIAN_POINT('',(129.70535473698,-45.32948406447,
    -4.487276384162));
#2144 = CARTESIAN_POINT('',(129.86235738222,-45.32228800475,
    -4.459977248944));
#2145 = CARTESIAN_POINT('',(130.01521384837,-45.31352158192,
    -4.427980176618));
#2146 = CARTESIAN_POINT('',(130.17807997036,-45.30789000477,
    -4.351599696699));
#2147 = CARTESIAN_POINT('',(130.3305272082,-45.27853187941,
    -4.333166374766));
#2148 = CARTESIAN_POINT('',(130.50995560006,-45.2812265486,
    -4.154909990304));
#2149 = CARTESIAN_POINT('',(130.64131191385,-45.22582672605,
    -4.158558562056));
#2150 = CARTESIAN_POINT('',(130.83450878246,-45.22672150441,
    -3.912642416027));
#2151 = CARTESIAN_POINT('',(130.9512997251,-45.16627560592,
    -3.83020234581));
#2152 = CARTESIAN_POINT('',(131.10303319529,-45.13090047151,
    -3.608970953643));
#2153 = CARTESIAN_POINT('',(131.21130413407,-45.07209737879,
    -3.402751543082));
#2154 = CARTESIAN_POINT('',(131.29561046569,-45.00709341267,
    -3.172709009015));
#2155 = CARTESIAN_POINT('',(131.34860098411,-44.93494066342,
    -2.93478158133));
#2156 = ORIENTED_EDGE('',*,*,#986,.F.);
#2157 = ORIENTED_EDGE('',*,*,#802,.F.);
#2158 = ( BOUNDED_SURFACE() B_SPLINE_SURFACE(2,14,(
    (#2159,#2160,#2161,#2162,#2163,#2164,#2165,#2166,#2167,#2168,#2169
      ,#2170,#2171,#2172,#2173)
    ,(#2174,#2175,#2176,#2177,#2178,#2179,#2180,#2181,#2182,#2183,#2184
      ,#2185,#2186,#2187,#2188)
    ,(#2189,#2190,#2191,#2192,#2193,#2194,#2195,#2196,#2197,#2198,#2199
      ,#2200,#2201,#2202,#2203
)),.UNSPECIFIED.,.F.,.F.,.F.) B_SPLINE_SURFACE_WITH_KNOTS((3,3),(15,15),
  (0.,2.209095902022),(274.44244557171,276.65154147373),
.PIECEWISE_BEZIER_KNOTS.) GEOMETRIC_REPRESENTATION_ITEM() 
RATIONAL_B_SPLINE_SURFACE((
    (1.,1.000000000001,0.999999999997,1.000000000008,0.999999999984
      ,1.000000000025,0.999999999968,1.000000000033,0.999999999972
      ,1.00000000002,0.999999999989,1.000000000005,0.999999999998,1.,1.)
    ,(0.812562335992,0.81255911269,0.813305099813,0.814541510342
      ,0.817149467083,0.810719701616,0.829009590745,0.802625069809
      ,0.838552602347,0.80328195493,0.823643434308,0.80633735311
      ,0.796564259937,0.779484400497,0.757798692826)
    ,(1.,1.000000000001,0.999999999997,1.000000000008,0.999999999984
      ,1.000000000025,0.999999999968,1.000000000033,0.999999999972
      ,1.00000000002,0.999999999989,1.000000000005,0.999999999998,1.,1.
))) REPRESENTATION_ITEM('') SURFACE() );
#2159 = CARTESIAN_POINT('',(129.35843853915,-44.38570334343,
    -3.821578261981));
#2160 = CARTESIAN_POINT('',(129.51292673782,-44.3857057757,
    -3.821585439009));
#2161 = CARTESIAN_POINT('',(129.61776528603,-44.38280303401,
    -3.813390308403));
#2162 = CARTESIAN_POINT('',(129.71003303985,-44.37931569353,
    -3.799798843725));
#2163 = CARTESIAN_POINT('',(129.8084456966,-44.36285801983,
    -3.766449118681));
#2164 = CARTESIAN_POINT('',(129.88156418812,-44.38075797758,
    -3.777522166862));
#2165 = CARTESIAN_POINT('',(130.04750706371,-44.30706434957,
    -3.653633767341));
#2166 = CARTESIAN_POINT('',(130.02514449335,-44.38367475576,
    -3.74515203744));
#2167 = CARTESIAN_POINT('',(130.27650121227,-44.24530743785,
    -3.516370204912));
#2168 = CARTESIAN_POINT('',(130.18913317916,-44.31877761097,
    -3.609516014161));
#2169 = CARTESIAN_POINT('',(130.38571126432,-44.21450642493,
    -3.426522491991));
#2170 = CARTESIAN_POINT('',(130.38345587275,-44.19363609361,
    -3.384025552469));
#2171 = CARTESIAN_POINT('',(130.43533460311,-44.13129778412,
    -3.281268503417));
#2172 = CARTESIAN_POINT('',(130.45465250588,-44.06566627323,
    -3.184142955361));
#2173 = CARTESIAN_POINT('',(130.45749788404,-43.99369028621,
    -3.086266092309));
#2174 = CARTESIAN_POINT('',(129.39643363728,-44.61561813316,-4.5));
#2175 = CARTESIAN_POINT('',(129.55124151374,-44.61561559307,
    -4.499999848804));
#2176 = CARTESIAN_POINT('',(129.70516701156,-44.61390450659,
    -4.486907426198));
#2177 = CARTESIAN_POINT('',(129.85950955654,-44.6115700658,
    -4.463183657568));
#2178 = CARTESIAN_POINT('',(130.01345442593,-44.60219283447,
    -4.415728576473));
#2179 = CARTESIAN_POINT('',(130.15661102049,-44.601744389,
    -4.389529093912));
#2180 = CARTESIAN_POINT('',(130.32307497692,-44.5739233299,
    -4.272395182165));
#2181 = CARTESIAN_POINT('',(130.44319142738,-44.58132356368,
    -4.273199054599));
#2182 = CARTESIAN_POINT('',(130.61446914458,-44.53358474002,
    -4.084563655099));
#2183 = CARTESIAN_POINT('',(130.7244193356,-44.52137865442,
    -4.057330520242));
#2184 = CARTESIAN_POINT('',(130.86707232276,-44.47138153696,
    -3.884543390406));
#2185 = CARTESIAN_POINT('',(130.97851510856,-44.41857256778,
    -3.7682675783));
#2186 = CARTESIAN_POINT('',(131.08426404957,-44.3498833243,
    -3.62320048721));
#2187 = CARTESIAN_POINT('',(131.17632579322,-44.26990330958,
    -3.480965279248));
#2188 = CARTESIAN_POINT('',(131.25792981211,-44.18167294834,
    -3.341895143612));
#2189 = CARTESIAN_POINT('',(129.39643168394,-45.33294685323,-4.5));
#2190 = CARTESIAN_POINT('',(129.55123893849,-45.33295268869,-4.5));
#2191 = CARTESIAN_POINT('',(129.70535473698,-45.32948406447,
    -4.487276384162));
#2192 = CARTESIAN_POINT('',(129.86235738222,-45.32228800475,
    -4.459977248944));
#2193 = CARTESIAN_POINT('',(130.01521384837,-45.31352158192,
    -4.427980176618));
#2194 = CARTESIAN_POINT('',(130.17807997036,-45.30789000477,
    -4.351599696699));
#2195 = CARTESIAN_POINT('',(130.3305272082,-45.27853187941,
    -4.333166374766));
#2196 = CARTESIAN_POINT('',(130.50995560006,-45.2812265486,
    -4.154909990304));
#2197 = CARTESIAN_POINT('',(130.64131191385,-45.22582672605,
    -4.158558562056));
#2198 = CARTESIAN_POINT('',(130.83450878246,-45.22672150441,
    -3.912642416027));
#2199 = CARTESIAN_POINT('',(130.9512997251,-45.16627560592,
    -3.83020234581));
#2200 = CARTESIAN_POINT('',(131.10303319529,-45.13090047151,
    -3.608970953643));
#2201 = CARTESIAN_POINT('',(131.21130413407,-45.07209737879,
    -3.402751543082));
#2202 = CARTESIAN_POINT('',(131.29561046569,-45.00709341267,
    -3.172709009015));
#2203 = CARTESIAN_POINT('',(131.34860098411,-44.93494066342,
    -2.93478158133));
#2204 = ADVANCED_FACE('',(#2205),#2227,.F.);
#2205 = FACE_BOUND('',#2206,.F.);
#2206 = EDGE_LOOP('',(#2207,#2208,#2225,#2226));
#2207 = ORIENTED_EDGE('',*,*,#1631,.T.);
#2208 = ORIENTED_EDGE('',*,*,#2209,.T.);
#2209 = EDGE_CURVE('',#1609,#2132,#2210,.T.);
#2210 = ( BOUNDED_CURVE() B_SPLINE_CURVE(13,(#2211,#2212,#2213,#2214,
    #2215,#2216,#2217,#2218,#2219,#2220,#2221,#2222,#2223,#2224),
.UNSPECIFIED.,.F.,.F.) B_SPLINE_CURVE_WITH_KNOTS((14,14),(
10.496962517356,274.44244557171),.PIECEWISE_BEZIER_KNOTS.) CURVE() 
GEOMETRIC_REPRESENTATION_ITEM() RATIONAL_B_SPLINE_CURVE((1.,1.,
    0.999999999999,1.000000000004,0.999999999993,1.00000000001,
    0.999999999988,1.000000000012,0.999999999991,1.000000000006,
0.999999999997,1.000000000001,1.,1.)) REPRESENTATION_ITEM('') );
#2211 = CARTESIAN_POINT('',(-129.3964316839,-45.33287685512,-4.5));
#2212 = CARTESIAN_POINT('',(-109.4787213671,-45.3322503532,-4.5));
#2213 = CARTESIAN_POINT('',(-89.69068896691,-45.33282936669,-4.5));
#2214 = CARTESIAN_POINT('',(-69.65340904525,-45.33251181752,
    -4.500000000001));
#2215 = CARTESIAN_POINT('',(-49.79939014677,-45.33262195605,
    -4.499999999999));
#2216 = CARTESIAN_POINT('',(-29.84412462833,-45.33257791369,
    -4.500000000002));
#2217 = CARTESIAN_POINT('',(-9.970133538203,-45.33256120404,
    -4.499999999998));
#2218 = CARTESIAN_POINT('',(9.971324427962,-45.33263183654,
    -4.500000000002));
#2219 = CARTESIAN_POINT('',(29.841394627677,-45.33252236628,
    -4.499999999999));
#2220 = CARTESIAN_POINT('',(49.806886885005,-45.33265851399,
    -4.500000000001));
#2221 = CARTESIAN_POINT('',(69.648542659339,-45.33248294018,-4.5));
#2222 = CARTESIAN_POINT('',(89.717613177846,-45.3328908757,-4.5));
#2223 = CARTESIAN_POINT('',(109.47705904196,-45.33216882882,-4.5));
#2224 = CARTESIAN_POINT('',(129.39643168394,-45.33294685323,-4.5));
#2225 = ORIENTED_EDGE('',*,*,#2131,.F.);
#2226 = ORIENTED_EDGE('',*,*,#783,.F.);
#2227 = ( BOUNDED_SURFACE() B_SPLINE_SURFACE(2,13,(
    (#2228,#2229,#2230,#2231,#2232,#2233,#2234,#2235,#2236,#2237,#2238
      ,#2239,#2240,#2241)
    ,(#2242,#2243,#2244,#2245,#2246,#2247,#2248,#2249,#2250,#2251,#2252
      ,#2253,#2254,#2255)
    ,(#2256,#2257,#2258,#2259,#2260,#2261,#2262,#2263,#2264,#2265,#2266
      ,#2267,#2268,#2269
)),.UNSPECIFIED.,.F.,.F.,.F.) B_SPLINE_SURFACE_WITH_KNOTS((3,3),(14,14),
  (0.,263.94548305435),(10.496962517356,274.44244557171),
.PIECEWISE_BEZIER_KNOTS.) GEOMETRIC_REPRESENTATION_ITEM() 
RATIONAL_B_SPLINE_SURFACE((
    (1.,1.,0.999999999999,1.000000000004,0.999999999993,1.00000000001
      ,0.999999999988,1.000000000012,0.999999999991,1.000000000006
      ,0.999999999997,1.000000000001,1.,1.)
    ,(0.812600352521,0.812940670909,0.812625772761,0.812799359532
      ,0.812737769276,0.812763311541,0.812772268042,0.812731600486
      ,0.812795320403,0.81271674419,0.812815632846,0.812592143631
      ,0.812985001454,0.812562335992)
    ,(1.,1.,0.999999999999,1.000000000004,0.999999999993,1.00000000001
      ,0.999999999988,1.000000000012,0.999999999991,1.000000000006
,0.999999999997,1.000000000001,1.,1.
  ))) REPRESENTATION_ITEM('') SURFACE() );
#2228 = CARTESIAN_POINT('',(-129.3623283955,-44.38567521255,
    -3.821495259888));
#2229 = CARTESIAN_POINT('',(-109.4814386357,-44.38542328256,
    -3.820751969789));
#2230 = CARTESIAN_POINT('',(-89.70210910934,-44.38565709911,
    -3.821442544751));
#2231 = CARTESIAN_POINT('',(-69.66484430101,-44.3855265472,
    -3.821055252945));
#2232 = CARTESIAN_POINT('',(-49.80196506628,-44.38557544672,
    -3.821202935086));
#2233 = CARTESIAN_POINT('',(-29.85295553089,-44.38555350403,
    -3.821135064145));
#2234 = CARTESIAN_POINT('',(-9.962292589587,-44.3855470969,
    -3.821116394814));
#2235 = CARTESIAN_POINT('',(9.963288351805,-44.38558151947,
    -3.821222402039));
#2236 = CARTESIAN_POINT('',(29.851213227074,-44.38552636326,
    -3.82105143841));
#2237 = CARTESIAN_POINT('',(49.80948750379,-44.38559320115,
    -3.821257575717));
#2238 = CARTESIAN_POINT('',(69.661499341692,-44.38551339848,
    -3.821015319302));
#2239 = CARTESIAN_POINT('',(89.730229343021,-44.38568240216,
    -3.821517633785));
#2240 = CARTESIAN_POINT('',(109.48011948347,-44.3853903782,
    -3.820654778906));
#2241 = CARTESIAN_POINT('',(129.35843853915,-44.38570334343,
    -3.821578261981));
#2242 = CARTESIAN_POINT('',(-129.3964328576,-44.61564691838,-4.5));
#2243 = CARTESIAN_POINT('',(-109.4870593584,-44.61590460113,-4.5));
#2244 = CARTESIAN_POINT('',(-89.67374033157,-44.61566565253,-4.5));
#2245 = CARTESIAN_POINT('',(-69.67171261759,-44.6157986233,-4.5));
#2246 = CARTESIAN_POINT('',(-49.78307042499,-44.61574954449,-4.5));
#2247 = CARTESIAN_POINT('',(-29.86235580385,-44.61577112736,
    -4.499999999999));
#2248 = CARTESIAN_POINT('',(-9.949487606255,-44.61577774785,
    -4.500000000001));
#2249 = CARTESIAN_POINT('',(9.950038245259,-44.61574375589,
    -4.499999999999));
#2250 = CARTESIAN_POINT('',(29.861437517855,-44.61579791472,
    -4.500000000001));
#2251 = CARTESIAN_POINT('',(49.787691778883,-44.61573200167,-4.5));
#2252 = CARTESIAN_POINT('',(69.671012404909,-44.61581175851,-4.5));
#2253 = CARTESIAN_POINT('',(89.696593160052,-44.61563988093,-4.5));
#2254 = CARTESIAN_POINT('',(109.487414851,-44.61593821063,-4.5));
#2255 = CARTESIAN_POINT('',(129.39643363728,-44.61561813316,-4.5));
#2256 = CARTESIAN_POINT('',(-129.3964316839,-45.33287685512,-4.5));
#2257 = CARTESIAN_POINT('',(-109.4787213671,-45.3322503532,-4.5));
#2258 = CARTESIAN_POINT('',(-89.69068896691,-45.33282936669,-4.5));
#2259 = CARTESIAN_POINT('',(-69.65340904525,-45.33251181752,
    -4.500000000001));
#2260 = CARTESIAN_POINT('',(-49.79939014677,-45.33262195605,
    -4.499999999999));
#2261 = CARTESIAN_POINT('',(-29.84412462833,-45.33257791369,
    -4.500000000002));
#2262 = CARTESIAN_POINT('',(-9.970133538203,-45.33256120404,
    -4.499999999998));
#2263 = CARTESIAN_POINT('',(9.971324427962,-45.33263183654,
    -4.500000000002));
#2264 = CARTESIAN_POINT('',(29.841394627677,-45.33252236628,
    -4.499999999999));
#2265 = CARTESIAN_POINT('',(49.806886885005,-45.33265851399,
    -4.500000000001));
#2266 = CARTESIAN_POINT('',(69.648542659339,-45.33248294018,-4.5));
#2267 = CARTESIAN_POINT('',(89.717613177846,-45.3328908757,-4.5));
#2268 = CARTESIAN_POINT('',(109.47705904196,-45.33216882882,-4.5));
#2269 = CARTESIAN_POINT('',(129.39643168394,-45.33294685323,-4.5));
#2270 = ADVANCED_FACE('',(#2271),#2283,.T.);
#2271 = FACE_BOUND('',#2272,.T.);
#2272 = EDGE_LOOP('',(#2273,#2280,#2281,#2282));
#2273 = ORIENTED_EDGE('',*,*,#2274,.T.);
#2274 = EDGE_CURVE('',#1699,#1513,#2275,.T.);
#2275 = ELLIPSE('',#2276,1.0544905097,1.);
#2276 = AXIS2_PLACEMENT_3D('',#2277,#2278,#2279);
#2277 = CARTESIAN_POINT('',(-132.5,99.106348363258,7.605284043955));
#2278 = DIRECTION('',(0.,-0.922444532332,-0.386129621722));
#2279 = DIRECTION('',(0.,0.386129621722,-0.922444532332));
#2280 = ORIENTED_EDGE('',*,*,#1520,.T.);
#2281 = ORIENTED_EDGE('',*,*,#959,.F.);
#2282 = ORIENTED_EDGE('',*,*,#1748,.F.);
#2283 = CYLINDRICAL_SURFACE('',#2284,1.);
#2284 = AXIS2_PLACEMENT_3D('',#2285,#2286,#2287);
#2285 = CARTESIAN_POINT('',(-132.5,99.440033392655,7.62987136191));
#2286 = DIRECTION('',(0.,-0.997296323024,-7.348499222285E-02));
#2287 = DIRECTION('',(-1.,0.,0.));
#2288 = ADVANCED_FACE('',(#2289),#2300,.T.);
#2289 = FACE_BOUND('',#2290,.T.);
#2290 = EDGE_LOOP('',(#2291,#2297,#2298,#2299));
#2291 = ORIENTED_EDGE('',*,*,#2292,.F.);
#2292 = EDGE_CURVE('',#987,#1846,#2293,.T.);
#2293 = LINE('',#2294,#2295);
#2294 = CARTESIAN_POINT('',(131.34860098411,-34.5,-2.93478158133));
#2295 = VECTOR('',#2296,1.);
#2296 = DIRECTION('',(0.,-1.,0.));
#2297 = ORIENTED_EDGE('',*,*,#994,.T.);
#2298 = ORIENTED_EDGE('',*,*,#1543,.T.);
#2299 = ORIENTED_EDGE('',*,*,#1855,.T.);
#2300 = PLANE('',#2301);
#2301 = AXIS2_PLACEMENT_3D('',#2302,#2303,#2304);
#2302 = CARTESIAN_POINT('',(131.5,-34.5,-2.255));
#2303 = DIRECTION('',(0.976084650086,-1.52756624948E-17,-0.217390790665)
  );
#2304 = DIRECTION('',(-1.491033968107E-17,-1.,3.320788347677E-18));
#2305 = ADVANCED_FACE('',(#2306),#2331,.T.);
#2306 = FACE_BOUND('',#2307,.F.);
#2307 = EDGE_LOOP('',(#2308,#2318,#2324,#2325));
#2308 = ORIENTED_EDGE('',*,*,#2309,.T.);
#2309 = EDGE_CURVE('',#2310,#2312,#2314,.T.);
#2310 = VERTEX_POINT('',#2311);
#2311 = CARTESIAN_POINT('',(132.5,104.5,11.));
#2312 = VERTEX_POINT('',#2313);
#2313 = CARTESIAN_POINT('',(-132.5,104.5,11.));
#2314 = LINE('',#2315,#2316);
#2315 = CARTESIAN_POINT('',(133.5,104.5,11.));
#2316 = VECTOR('',#2317,1.);
#2317 = DIRECTION('',(-1.,0.,0.));
#2318 = ORIENTED_EDGE('',*,*,#2319,.T.);
#2319 = EDGE_CURVE('',#2312,#1513,#2320,.T.);
#2320 = LINE('',#2321,#2322);
#2321 = CARTESIAN_POINT('',(-132.5,104.5,11.));
#2322 = VECTOR('',#2323,1.);
#2323 = DIRECTION('',(0.,-0.752258602024,-0.658867965286));
#2324 = ORIENTED_EDGE('',*,*,#1510,.F.);
#2325 = ORIENTED_EDGE('',*,*,#2326,.F.);
#2326 = EDGE_CURVE('',#2310,#1511,#2327,.T.);
#2327 = LINE('',#2328,#2329);
#2328 = CARTESIAN_POINT('',(132.5,104.5,11.));
#2329 = VECTOR('',#2330,1.);
#2330 = DIRECTION('',(-0.,-0.752258602024,-0.658867965286));
#2331 = PLANE('',#2332);
#2332 = AXIS2_PLACEMENT_3D('',#2333,#2334,#2335);
#2333 = CARTESIAN_POINT('',(133.5,102.00675919243,8.816287519443));
#2334 = DIRECTION('',(0.,0.658867965286,-0.752258602024));
#2335 = DIRECTION('',(1.,0.,0.));
#2336 = ADVANCED_FACE('',(#2337),#2349,.T.);
#2337 = FACE_BOUND('',#2338,.F.);
#2338 = EDGE_LOOP('',(#2339,#2340,#2341,#2348));
#2339 = ORIENTED_EDGE('',*,*,#1568,.T.);
#2340 = ORIENTED_EDGE('',*,*,#1806,.T.);
#2341 = ORIENTED_EDGE('',*,*,#2342,.F.);
#2342 = EDGE_CURVE('',#1511,#1799,#2343,.T.);
#2343 = ELLIPSE('',#2344,1.0544905097,1.);
#2344 = AXIS2_PLACEMENT_3D('',#2345,#2346,#2347);
#2345 = CARTESIAN_POINT('',(132.5,99.106348363258,7.605284043955));
#2346 = DIRECTION('',(0.,-0.922444532332,-0.386129621722));
#2347 = DIRECTION('',(0.,0.386129621722,-0.922444532332));
#2348 = ORIENTED_EDGE('',*,*,#1527,.F.);
#2349 = CYLINDRICAL_SURFACE('',#2350,1.);
#2350 = AXIS2_PLACEMENT_3D('',#2351,#2352,#2353);
#2351 = CARTESIAN_POINT('',(132.5,9.426515007777,0.997296323024));
#2352 = DIRECTION('',(0.,0.997296323024,7.348499222285E-02));
#2353 = DIRECTION('',(0.,7.348499222285E-02,-0.997296323024));
#2354 = ADVANCED_FACE('',(#2355),#2374,.T.);
#2355 = FACE_BOUND('',#2356,.T.);
#2356 = EDGE_LOOP('',(#2357,#2365,#2372,#2373));
#2357 = ORIENTED_EDGE('',*,*,#2358,.F.);
#2358 = EDGE_CURVE('',#2359,#1609,#2361,.T.);
#2359 = VERTEX_POINT('',#2360);
#2360 = CARTESIAN_POINT('',(-129.3964316839,-101.8964316839,-4.5));
#2361 = LINE('',#2362,#2363);
#2362 = CARTESIAN_POINT('',(-129.3964316839,-103.5,-4.5));
#2363 = VECTOR('',#2364,1.);
#2364 = DIRECTION('',(0.,1.,0.));
#2365 = ORIENTED_EDGE('',*,*,#2366,.T.);
#2366 = EDGE_CURVE('',#2359,#1584,#2367,.T.);
#2367 = ELLIPSE('',#2368,2.828427124746,2.);
#2368 = AXIS2_PLACEMENT_3D('',#2369,#2370,#2371);
#2369 = CARTESIAN_POINT('',(-129.3964316839,-101.8964316839,-2.5));
#2370 = DIRECTION('',(-0.707106781187,0.707106781187,0.));
#2371 = DIRECTION('',(0.707106781187,0.707106781187,0.));
#2372 = ORIENTED_EDGE('',*,*,#1583,.T.);
#2373 = ORIENTED_EDGE('',*,*,#1608,.T.);
#2374 = CYLINDRICAL_SURFACE('',#2375,2.);
#2375 = AXIS2_PLACEMENT_3D('',#2376,#2377,#2378);
#2376 = CARTESIAN_POINT('',(-129.3964316839,-103.5,-2.5));
#2377 = DIRECTION('',(0.,1.,0.));
#2378 = DIRECTION('',(0.,0.,-1.));
#2379 = ADVANCED_FACE('',(#2380),#2409,.T.);
#2380 = FACE_BOUND('',#2381,.T.);
#2381 = EDGE_LOOP('',(#2382,#2399,#2406,#2407,#2408));
#2382 = ORIENTED_EDGE('',*,*,#2383,.T.);
#2383 = EDGE_CURVE('',#1697,#2384,#2386,.T.);
#2384 = VERTEX_POINT('',#2385);
#2385 = CARTESIAN_POINT('',(-133.2815275752,104.5,11.5));
#2386 = B_SPLINE_CURVE_WITH_KNOTS('',6,(#2387,#2388,#2389,#2390,#2391,
    #2392,#2393,#2394,#2395,#2396,#2397,#2398),.UNSPECIFIED.,.F.,.F.,(7,
    5,7),(0.,0.865818737799,1.),.UNSPECIFIED.);
#2387 = CARTESIAN_POINT('',(-133.5,104.45526196854,12.290146156696));
#2388 = CARTESIAN_POINT('',(-133.5,104.46909885465,12.168346959225));
#2389 = CARTESIAN_POINT('',(-133.4878206874,104.4803667838,
    12.046341598917));
#2390 = CARTESIAN_POINT('',(-133.4641644829,104.48882508179,
    11.926297791974));
#2391 = CARTESIAN_POINT('',(-133.430020654,104.49458046181,
    11.810017547951));
#2392 = CARTESIAN_POINT('',(-133.386295996,104.49795016791,
    11.698988870509));
#2393 = CARTESIAN_POINT('',(-133.3254852524,104.49957965715,
    11.578399554075));
#2394 = CARTESIAN_POINT('',(-133.3171115148,104.49975125015,
    11.562378397198));
#2395 = CARTESIAN_POINT('',(-133.3085263287,104.49987738583,
    11.546522337309));
#2396 = CARTESIAN_POINT('',(-133.2997322696,104.49995972647,
    11.530836867498));
#2397 = CARTESIAN_POINT('',(-133.290731861,104.5,11.51532754676));
#2398 = CARTESIAN_POINT('',(-133.2815275752,104.5,11.5));
#2399 = ORIENTED_EDGE('',*,*,#2400,.T.);
#2400 = EDGE_CURVE('',#2384,#2312,#2401,.T.);
#2401 = ELLIPSE('',#2402,1.329330096471,1.);
#2402 = AXIS2_PLACEMENT_3D('',#2403,#2404,#2405);
#2403 = CARTESIAN_POINT('',(-132.5,104.5,12.329330096471));
#2404 = DIRECTION('',(0.,-1.,0.));
#2405 = DIRECTION('',(0.,0.,-1.));
#2406 = ORIENTED_EDGE('',*,*,#2319,.T.);
#2407 = ORIENTED_EDGE('',*,*,#2274,.F.);
#2408 = ORIENTED_EDGE('',*,*,#1696,.F.);
#2409 = CYLINDRICAL_SURFACE('',#2410,1.);
#2410 = AXIS2_PLACEMENT_3D('',#2411,#2412,#2413);
#2411 = CARTESIAN_POINT('',(-132.5,103.84113203471,11.752258602024));
#2412 = DIRECTION('',(0.,-0.752258602024,-0.658867965286));
#2413 = DIRECTION('',(-1.,0.,0.));
#2414 = ADVANCED_FACE('',(#2415),#2458,.T.);
#2415 = FACE_BOUND('',#2416,.T.);
#2416 = EDGE_LOOP('',(#2417,#2427,#2435,#2441,#2442,#2443,#2444,#2452));
#2417 = ORIENTED_EDGE('',*,*,#2418,.T.);
#2418 = EDGE_CURVE('',#2419,#2421,#2423,.T.);
#2419 = VERTEX_POINT('',#2420);
#2420 = CARTESIAN_POINT('',(129.5,97.5,18.5));
#2421 = VERTEX_POINT('',#2422);
#2422 = CARTESIAN_POINT('',(-129.5,97.5,18.5));
#2423 = LINE('',#2424,#2425);
#2424 = CARTESIAN_POINT('',(133.5,97.5,18.5));
#2425 = VECTOR('',#2426,1.);
#2426 = DIRECTION('',(-1.,0.,0.));
#2427 = ORIENTED_EDGE('',*,*,#2428,.T.);
#2428 = EDGE_CURVE('',#2421,#2429,#2431,.T.);
#2429 = VERTEX_POINT('',#2430);
#2430 = CARTESIAN_POINT('',(-129.5,45.5,18.5));
#2431 = LINE('',#2432,#2433);
#2432 = CARTESIAN_POINT('',(-129.5,104.5,18.5));
#2433 = VECTOR('',#2434,1.);
#2434 = DIRECTION('',(-0.,-1.,-0.));
#2435 = ORIENTED_EDGE('',*,*,#2436,.T.);
#2436 = EDGE_CURVE('',#2429,#1724,#2437,.T.);
#2437 = LINE('',#2438,#2439);
#2438 = CARTESIAN_POINT('',(-109.7928932188,65.207106781187,18.5));
#2439 = VECTOR('',#2440,1.);
#2440 = DIRECTION('',(-0.707106781187,-0.707106781187,0.));
#2441 = ORIENTED_EDGE('',*,*,#1731,.T.);
#2442 = ORIENTED_EDGE('',*,*,#1773,.T.);
#2443 = ORIENTED_EDGE('',*,*,#1815,.T.);
#2444 = ORIENTED_EDGE('',*,*,#2445,.F.);
#2445 = EDGE_CURVE('',#2446,#1816,#2448,.T.);
#2446 = VERTEX_POINT('',#2447);
#2447 = CARTESIAN_POINT('',(129.5,45.5,18.5));
#2448 = LINE('',#2449,#2450);
#2449 = CARTESIAN_POINT('',(109.79289321881,65.207106781187,18.5));
#2450 = VECTOR('',#2451,1.);
#2451 = DIRECTION('',(0.707106781187,-0.707106781187,0.));
#2452 = ORIENTED_EDGE('',*,*,#2453,.F.);
#2453 = EDGE_CURVE('',#2419,#2446,#2454,.T.);
#2454 = LINE('',#2455,#2456);
#2455 = CARTESIAN_POINT('',(129.5,104.5,18.5));
#2456 = VECTOR('',#2457,1.);
#2457 = DIRECTION('',(0.,-1.,0.));
#2458 = PLANE('',#2459);
#2459 = AXIS2_PLACEMENT_3D('',#2460,#2461,#2462);
#2460 = CARTESIAN_POINT('',(0.,0.,18.5));
#2461 = DIRECTION('',(0.,0.,1.));
#2462 = DIRECTION('',(1.,0.,0.));
#2463 = ADVANCED_FACE('',(#2464),#2482,.T.);
#2464 = FACE_BOUND('',#2465,.F.);
#2465 = EDGE_LOOP('',(#2466,#2467,#2475,#2481));
#2466 = ORIENTED_EDGE('',*,*,#1723,.T.);
#2467 = ORIENTED_EDGE('',*,*,#2468,.T.);
#2468 = EDGE_CURVE('',#1716,#2469,#2471,.T.);
#2469 = VERTEX_POINT('',#2470);
#2470 = CARTESIAN_POINT('',(-129.5,45.5,14.5));
#2471 = LINE('',#2472,#2473);
#2472 = CARTESIAN_POINT('',(-117.0428932188,57.957106781187,14.5));
#2473 = VECTOR('',#2474,1.);
#2474 = DIRECTION('',(0.707106781187,0.707106781187,0.));
#2475 = ORIENTED_EDGE('',*,*,#2476,.T.);
#2476 = EDGE_CURVE('',#2469,#2429,#2477,.T.);
#2477 = LINE('',#2478,#2479);
#2478 = CARTESIAN_POINT('',(-129.5,45.5,15.5));
#2479 = VECTOR('',#2480,1.);
#2480 = DIRECTION('',(0.,-3.155443620884E-30,1.));
#2481 = ORIENTED_EDGE('',*,*,#2436,.T.);
#2482 = PLANE('',#2483);
#2483 = AXIS2_PLACEMENT_3D('',#2484,#2485,#2486);
#2484 = CARTESIAN_POINT('',(-132.0857864376,42.914213562373,16.5));
#2485 = DIRECTION('',(-0.707106781187,0.707106781187,2.231235581979E-30)
  );
#2486 = DIRECTION('',(0.,-3.155443620884E-30,1.));
#2487 = ADVANCED_FACE('',(#2488),#2506,.T.);
#2488 = FACE_BOUND('',#2489,.T.);
#2489 = EDGE_LOOP('',(#2490,#2498,#2499,#2500));
#2490 = ORIENTED_EDGE('',*,*,#2491,.T.);
#2491 = EDGE_CURVE('',#2492,#1707,#2494,.T.);
#2492 = VERTEX_POINT('',#2493);
#2493 = CARTESIAN_POINT('',(-129.5,103.82455532033,14.5));
#2494 = LINE('',#2495,#2496);
#2495 = CARTESIAN_POINT('',(133.5,103.82455532033,14.5));
#2496 = VECTOR('',#2497,1.);
#2497 = DIRECTION('',(-1.,0.,0.));
#2498 = ORIENTED_EDGE('',*,*,#1715,.T.);
#2499 = ORIENTED_EDGE('',*,*,#2468,.T.);
#2500 = ORIENTED_EDGE('',*,*,#2501,.F.);
#2501 = EDGE_CURVE('',#2492,#2469,#2502,.T.);
#2502 = LINE('',#2503,#2504);
#2503 = CARTESIAN_POINT('',(-129.5,104.5,14.5));
#2504 = VECTOR('',#2505,1.);
#2505 = DIRECTION('',(-0.,-1.,-0.));
#2506 = PLANE('',#2507);
#2507 = AXIS2_PLACEMENT_3D('',#2508,#2509,#2510);
#2508 = CARTESIAN_POINT('',(-133.5,104.5,14.5));
#2509 = DIRECTION('',(0.,0.,1.));
#2510 = DIRECTION('',(1.,0.,0.));
#2511 = ADVANCED_FACE('',(#2512),#2564,.T.);
#2512 = FACE_BOUND('',#2513,.F.);
#2513 = EDGE_LOOP('',(#2514,#2531,#2532,#2540,#2547,#2548,#2555,#2556,
    #2557,#2558));
#2514 = ORIENTED_EDGE('',*,*,#2515,.F.);
#2515 = EDGE_CURVE('',#1788,#2516,#2518,.T.);
#2516 = VERTEX_POINT('',#2517);
#2517 = CARTESIAN_POINT('',(133.28152757529,104.5,11.5));
#2518 = B_SPLINE_CURVE_WITH_KNOTS('',6,(#2519,#2520,#2521,#2522,#2523,
    #2524,#2525,#2526,#2527,#2528,#2529,#2530),.UNSPECIFIED.,.F.,.F.,(7,
    5,7),(0.,0.8658187378,1.),.UNSPECIFIED.);
#2519 = CARTESIAN_POINT('',(133.5,104.45526196854,12.290146156696));
#2520 = CARTESIAN_POINT('',(133.5,104.46909885466,12.168346959225));
#2521 = CARTESIAN_POINT('',(133.48782068743,104.4803667838,
    12.046341598918));
#2522 = CARTESIAN_POINT('',(133.46416448291,104.48882508179,
    11.926297791974));
#2523 = CARTESIAN_POINT('',(133.43002065406,104.49458046181,
    11.810017547951));
#2524 = CARTESIAN_POINT('',(133.38629599602,104.49795016791,
    11.698988870509));
#2525 = CARTESIAN_POINT('',(133.32548525242,104.49957965715,
    11.578399554075));
#2526 = CARTESIAN_POINT('',(133.3171115148,104.49975125015,
    11.562378397198));
#2527 = CARTESIAN_POINT('',(133.30852632877,104.49987738583,
    11.546522337309));
#2528 = CARTESIAN_POINT('',(133.29973226962,104.49995972647,
    11.530836867498));
#2529 = CARTESIAN_POINT('',(133.29073186108,104.5,11.51532754676));
#2530 = CARTESIAN_POINT('',(133.28152757529,104.5,11.5));
#2531 = ORIENTED_EDGE('',*,*,#1787,.T.);
#2532 = ORIENTED_EDGE('',*,*,#2533,.T.);
#2533 = EDGE_CURVE('',#1790,#2534,#2536,.T.);
#2534 = VERTEX_POINT('',#2535);
#2535 = CARTESIAN_POINT('',(129.5,103.82455532033,14.5));
#2536 = LINE('',#2537,#2538);
#2537 = CARTESIAN_POINT('',(133.5,103.82455532033,14.5));
#2538 = VECTOR('',#2539,1.);
#2539 = DIRECTION('',(-1.,0.,0.));
#2540 = ORIENTED_EDGE('',*,*,#2541,.F.);
#2541 = EDGE_CURVE('',#2419,#2534,#2542,.T.);
#2542 = CIRCLE('',#2543,7.);
#2543 = AXIS2_PLACEMENT_3D('',#2544,#2545,#2546);
#2544 = CARTESIAN_POINT('',(129.5,97.5,11.5));
#2545 = DIRECTION('',(-1.,0.,0.));
#2546 = DIRECTION('',(0.,1.,0.));
#2547 = ORIENTED_EDGE('',*,*,#2418,.T.);
#2548 = ORIENTED_EDGE('',*,*,#2549,.T.);
#2549 = EDGE_CURVE('',#2421,#2492,#2550,.T.);
#2550 = CIRCLE('',#2551,7.);
#2551 = AXIS2_PLACEMENT_3D('',#2552,#2553,#2554);
#2552 = CARTESIAN_POINT('',(-129.5,97.5,11.5));
#2553 = DIRECTION('',(-1.,0.,0.));
#2554 = DIRECTION('',(0.,1.,0.));
#2555 = ORIENTED_EDGE('',*,*,#2491,.T.);
#2556 = ORIENTED_EDGE('',*,*,#1706,.F.);
#2557 = ORIENTED_EDGE('',*,*,#2383,.T.);
#2558 = ORIENTED_EDGE('',*,*,#2559,.F.);
#2559 = EDGE_CURVE('',#2516,#2384,#2560,.T.);
#2560 = LINE('',#2561,#2562);
#2561 = CARTESIAN_POINT('',(133.5,104.5,11.5));
#2562 = VECTOR('',#2563,1.);
#2563 = DIRECTION('',(-1.,0.,0.));
#2564 = CYLINDRICAL_SURFACE('',#2565,7.);
#2565 = AXIS2_PLACEMENT_3D('',#2566,#2567,#2568);
#2566 = CARTESIAN_POINT('',(133.5,97.5,11.5));
#2567 = DIRECTION('',(-1.,0.,0.));
#2568 = DIRECTION('',(0.,1.,0.));
#2569 = ADVANCED_FACE('',(#2570),#2588,.T.);
#2570 = FACE_BOUND('',#2571,.F.);
#2571 = EDGE_LOOP('',(#2572,#2573,#2574,#2582));
#2572 = ORIENTED_EDGE('',*,*,#2533,.F.);
#2573 = ORIENTED_EDGE('',*,*,#1831,.T.);
#2574 = ORIENTED_EDGE('',*,*,#2575,.T.);
#2575 = EDGE_CURVE('',#1824,#2576,#2578,.T.);
#2576 = VERTEX_POINT('',#2577);
#2577 = CARTESIAN_POINT('',(129.5,45.5,14.5));
#2578 = LINE('',#2579,#2580);
#2579 = CARTESIAN_POINT('',(117.04289321881,57.957106781187,14.5));
#2580 = VECTOR('',#2581,1.);
#2581 = DIRECTION('',(-0.707106781187,0.707106781187,0.));
#2582 = ORIENTED_EDGE('',*,*,#2583,.F.);
#2583 = EDGE_CURVE('',#2534,#2576,#2584,.T.);
#2584 = LINE('',#2585,#2586);
#2585 = CARTESIAN_POINT('',(129.5,104.5,14.5));
#2586 = VECTOR('',#2587,1.);
#2587 = DIRECTION('',(0.,-1.,0.));
#2588 = PLANE('',#2589);
#2589 = AXIS2_PLACEMENT_3D('',#2590,#2591,#2592);
#2590 = CARTESIAN_POINT('',(133.5,104.5,14.5));
#2591 = DIRECTION('',(0.,0.,1.));
#2592 = DIRECTION('',(1.,0.,0.));
#2593 = ADVANCED_FACE('',(#2594),#2605,.T.);
#2594 = FACE_BOUND('',#2595,.T.);
#2595 = EDGE_LOOP('',(#2596,#2597,#2598,#2604));
#2596 = ORIENTED_EDGE('',*,*,#1823,.T.);
#2597 = ORIENTED_EDGE('',*,*,#2575,.T.);
#2598 = ORIENTED_EDGE('',*,*,#2599,.T.);
#2599 = EDGE_CURVE('',#2576,#2446,#2600,.T.);
#2600 = LINE('',#2601,#2602);
#2601 = CARTESIAN_POINT('',(129.5,45.5,15.5));
#2602 = VECTOR('',#2603,1.);
#2603 = DIRECTION('',(0.,-3.155443620884E-30,1.));
#2604 = ORIENTED_EDGE('',*,*,#2445,.T.);
#2605 = PLANE('',#2606);
#2606 = AXIS2_PLACEMENT_3D('',#2607,#2608,#2609);
#2607 = CARTESIAN_POINT('',(132.08578643762,42.914213562373,16.5));
#2608 = DIRECTION('',(0.707106781187,0.707106781187,2.231235581979E-30)
  );
#2609 = DIRECTION('',(0.,3.155443620884E-30,-1.));
#2610 = ADVANCED_FACE('',(#2611),#2624,.T.);
#2611 = FACE_BOUND('',#2612,.F.);
#2612 = EDGE_LOOP('',(#2613,#2614,#2621,#2622,#2623));
#2613 = ORIENTED_EDGE('',*,*,#2515,.T.);
#2614 = ORIENTED_EDGE('',*,*,#2615,.T.);
#2615 = EDGE_CURVE('',#2516,#2310,#2616,.T.);
#2616 = ELLIPSE('',#2617,1.329330096471,1.);
#2617 = AXIS2_PLACEMENT_3D('',#2618,#2619,#2620);
#2618 = CARTESIAN_POINT('',(132.5,104.5,12.329330096471));
#2619 = DIRECTION('',(-0.,1.,0.));
#2620 = DIRECTION('',(0.,0.,-1.));
#2621 = ORIENTED_EDGE('',*,*,#2326,.T.);
#2622 = ORIENTED_EDGE('',*,*,#2342,.T.);
#2623 = ORIENTED_EDGE('',*,*,#1798,.F.);
#2624 = CYLINDRICAL_SURFACE('',#2625,1.);
#2625 = AXIS2_PLACEMENT_3D('',#2626,#2627,#2628);
#2626 = CARTESIAN_POINT('',(132.5,103.84113203471,11.752258602024));
#2627 = DIRECTION('',(-0.,-0.752258602024,-0.658867965286));
#2628 = DIRECTION('',(1.,0.,0.));
#2629 = ADVANCED_FACE('',(#2630),#2649,.T.);
#2630 = FACE_BOUND('',#2631,.F.);
#2631 = EDGE_LOOP('',(#2632,#2633,#2642,#2648));
#2632 = ORIENTED_EDGE('',*,*,#1845,.F.);
#2633 = ORIENTED_EDGE('',*,*,#2634,.T.);
#2634 = EDGE_CURVE('',#1846,#2635,#2637,.T.);
#2635 = VERTEX_POINT('',#2636);
#2636 = CARTESIAN_POINT('',(129.39643168394,-101.8964316839,-4.5));
#2637 = ELLIPSE('',#2638,2.828427124746,2.);
#2638 = AXIS2_PLACEMENT_3D('',#2639,#2640,#2641);
#2639 = CARTESIAN_POINT('',(129.39643168394,-101.8964316839,-2.5));
#2640 = DIRECTION('',(0.707106781187,0.707106781187,-0.));
#2641 = DIRECTION('',(-0.707106781187,0.707106781187,0.));
#2642 = ORIENTED_EDGE('',*,*,#2643,.T.);
#2643 = EDGE_CURVE('',#2635,#1879,#2644,.T.);
#2644 = LINE('',#2645,#2646);
#2645 = CARTESIAN_POINT('',(131.,-101.8964316839,-4.5));
#2646 = VECTOR('',#2647,1.);
#2647 = DIRECTION('',(-1.,0.,0.));
#2648 = ORIENTED_EDGE('',*,*,#1902,.T.);
#2649 = CYLINDRICAL_SURFACE('',#2650,2.);
#2650 = AXIS2_PLACEMENT_3D('',#2651,#2652,#2653);
#2651 = CARTESIAN_POINT('',(131.,-101.8964316839,-2.5));
#2652 = DIRECTION('',(-1.,0.,0.));
#2653 = DIRECTION('',(-0.,-0.976084650086,-0.217390790665));
#2654 = ADVANCED_FACE('',(#2655),#2696,.F.);
#2655 = FACE_BOUND('',#2656,.F.);
#2656 = EDGE_LOOP('',(#2657,#2663,#2664,#2665,#2671,#2672,#2679,#2680,
    #2686,#2687,#2694,#2695));
#2657 = ORIENTED_EDGE('',*,*,#2658,.F.);
#2658 = EDGE_CURVE('',#2132,#2635,#2659,.T.);
#2659 = LINE('',#2660,#2661);
#2660 = CARTESIAN_POINT('',(129.39643168394,-34.5,-4.5));
#2661 = VECTOR('',#2662,1.);
#2662 = DIRECTION('',(0.,-1.,0.));
#2663 = ORIENTED_EDGE('',*,*,#2209,.F.);
#2664 = ORIENTED_EDGE('',*,*,#2358,.F.);
#2665 = ORIENTED_EDGE('',*,*,#2666,.F.);
#2666 = EDGE_CURVE('',#2092,#2359,#2667,.T.);
#2667 = LINE('',#2668,#2669);
#2668 = CARTESIAN_POINT('',(131.,-101.8964316839,-4.5));
#2669 = VECTOR('',#2670,1.);
#2670 = DIRECTION('',(-1.,0.,0.));
#2671 = ORIENTED_EDGE('',*,*,#2091,.T.);
#2672 = ORIENTED_EDGE('',*,*,#2673,.T.);
#2673 = EDGE_CURVE('',#2084,#2018,#2674,.T.);
#2674 = CIRCLE('',#2675,2.);
#2675 = AXIS2_PLACEMENT_3D('',#2676,#2677,#2678);
#2676 = CARTESIAN_POINT('',(-112.,-100.75,-4.5));
#2677 = DIRECTION('',(0.,0.,-1.));
#2678 = DIRECTION('',(1.,0.,0.));
#2679 = ORIENTED_EDGE('',*,*,#2025,.F.);
#2680 = ORIENTED_EDGE('',*,*,#2681,.F.);
#2681 = EDGE_CURVE('',#1961,#2026,#2682,.T.);
#2682 = LINE('',#2683,#2684);
#2683 = CARTESIAN_POINT('',(131.,-101.8964316839,-4.5));
#2684 = VECTOR('',#2685,1.);
#2685 = DIRECTION('',(-1.,0.,0.));
#2686 = ORIENTED_EDGE('',*,*,#1960,.T.);
#2687 = ORIENTED_EDGE('',*,*,#2688,.T.);
#2688 = EDGE_CURVE('',#1953,#1877,#2689,.T.);
#2689 = CIRCLE('',#2690,2.);
#2690 = AXIS2_PLACEMENT_3D('',#2691,#2692,#2693);
#2691 = CARTESIAN_POINT('',(112.5,-100.75,-4.5));
#2692 = DIRECTION('',(0.,0.,-1.));
#2693 = DIRECTION('',(1.,0.,0.));
#2694 = ORIENTED_EDGE('',*,*,#1876,.T.);
#2695 = ORIENTED_EDGE('',*,*,#2643,.F.);
#2696 = PLANE('',#2697);
#2697 = AXIS2_PLACEMENT_3D('',#2698,#2699,#2700);
#2698 = CARTESIAN_POINT('',(0.,-69.5,-4.5));
#2699 = DIRECTION('',(0.,0.,1.));
#2700 = DIRECTION('',(1.,0.,0.));
#2701 = ADVANCED_FACE('',(#2702),#2708,.F.);
#2702 = FACE_BOUND('',#2703,.F.);
#2703 = EDGE_LOOP('',(#2704,#2705,#2706,#2707));
#2704 = ORIENTED_EDGE('',*,*,#1952,.T.);
#2705 = ORIENTED_EDGE('',*,*,#1925,.T.);
#2706 = ORIENTED_EDGE('',*,*,#1886,.F.);
#2707 = ORIENTED_EDGE('',*,*,#2688,.F.);
#2708 = CYLINDRICAL_SURFACE('',#2709,2.);
#2709 = AXIS2_PLACEMENT_3D('',#2710,#2711,#2712);
#2710 = CARTESIAN_POINT('',(112.5,-100.75,-4.5));
#2711 = DIRECTION('',(0.,0.,-1.));
#2712 = DIRECTION('',(1.,0.,0.));
#2713 = ADVANCED_FACE('',(#2714),#2720,.T.);
#2714 = FACE_BOUND('',#2715,.F.);
#2715 = EDGE_LOOP('',(#2716,#2717,#2718,#2719));
#2716 = ORIENTED_EDGE('',*,*,#1983,.F.);
#2717 = ORIENTED_EDGE('',*,*,#1968,.F.);
#2718 = ORIENTED_EDGE('',*,*,#2681,.T.);
#2719 = ORIENTED_EDGE('',*,*,#2033,.T.);
#2720 = CYLINDRICAL_SURFACE('',#2721,2.);
#2721 = AXIS2_PLACEMENT_3D('',#2722,#2723,#2724);
#2722 = CARTESIAN_POINT('',(131.,-101.8964316839,-2.5));
#2723 = DIRECTION('',(-1.,0.,0.));
#2724 = DIRECTION('',(-0.,-0.976084650086,-0.217390790665));
#2725 = ADVANCED_FACE('',(#2726),#2732,.F.);
#2726 = FACE_BOUND('',#2727,.F.);
#2727 = EDGE_LOOP('',(#2728,#2729,#2730,#2731));
#2728 = ORIENTED_EDGE('',*,*,#2083,.T.);
#2729 = ORIENTED_EDGE('',*,*,#2057,.T.);
#2730 = ORIENTED_EDGE('',*,*,#2017,.F.);
#2731 = ORIENTED_EDGE('',*,*,#2673,.F.);
#2732 = CYLINDRICAL_SURFACE('',#2733,2.);
#2733 = AXIS2_PLACEMENT_3D('',#2734,#2735,#2736);
#2734 = CARTESIAN_POINT('',(-112.,-100.75,-4.5));
#2735 = DIRECTION('',(0.,0.,-1.));
#2736 = DIRECTION('',(1.,0.,0.));
#2737 = ADVANCED_FACE('',(#2738),#2744,.T.);
#2738 = FACE_BOUND('',#2739,.F.);
#2739 = EDGE_LOOP('',(#2740,#2741,#2742,#2743));
#2740 = ORIENTED_EDGE('',*,*,#2114,.F.);
#2741 = ORIENTED_EDGE('',*,*,#2099,.F.);
#2742 = ORIENTED_EDGE('',*,*,#2666,.T.);
#2743 = ORIENTED_EDGE('',*,*,#2366,.T.);
#2744 = CYLINDRICAL_SURFACE('',#2745,2.);
#2745 = AXIS2_PLACEMENT_3D('',#2746,#2747,#2748);
#2746 = CARTESIAN_POINT('',(131.,-101.8964316839,-2.5));
#2747 = DIRECTION('',(-1.,0.,0.));
#2748 = DIRECTION('',(-0.,-0.976084650086,-0.217390790665));
#2749 = ADVANCED_FACE('',(#2750),#2756,.T.);
#2750 = FACE_BOUND('',#2751,.T.);
#2751 = EDGE_LOOP('',(#2752,#2753,#2754,#2755));
#2752 = ORIENTED_EDGE('',*,*,#2658,.F.);
#2753 = ORIENTED_EDGE('',*,*,#2139,.T.);
#2754 = ORIENTED_EDGE('',*,*,#2292,.T.);
#2755 = ORIENTED_EDGE('',*,*,#2634,.T.);
#2756 = CYLINDRICAL_SURFACE('',#2757,2.);
#2757 = AXIS2_PLACEMENT_3D('',#2758,#2759,#2760);
#2758 = CARTESIAN_POINT('',(129.39643168394,-34.5,-2.5));
#2759 = DIRECTION('',(0.,-1.,0.));
#2760 = DIRECTION('',(-0.,-0.,-1.));
#2761 = ADVANCED_FACE('',(#2762),#2768,.F.);
#2762 = FACE_BOUND('',#2763,.F.);
#2763 = EDGE_LOOP('',(#2764,#2765,#2766,#2767));
#2764 = ORIENTED_EDGE('',*,*,#2559,.T.);
#2765 = ORIENTED_EDGE('',*,*,#2400,.T.);
#2766 = ORIENTED_EDGE('',*,*,#2309,.F.);
#2767 = ORIENTED_EDGE('',*,*,#2615,.F.);
#2768 = PLANE('',#2769);
#2769 = AXIS2_PLACEMENT_3D('',#2770,#2771,#2772);
#2770 = CARTESIAN_POINT('',(133.5,104.5,0.));
#2771 = DIRECTION('',(0.,-1.,0.));
#2772 = DIRECTION('',(-1.,0.,0.));
#2773 = ADVANCED_FACE('',(#2774),#2780,.T.);
#2774 = FACE_BOUND('',#2775,.F.);
#2775 = EDGE_LOOP('',(#2776,#2777,#2778,#2779));
#2776 = ORIENTED_EDGE('',*,*,#2541,.T.);
#2777 = ORIENTED_EDGE('',*,*,#2583,.T.);
#2778 = ORIENTED_EDGE('',*,*,#2599,.T.);
#2779 = ORIENTED_EDGE('',*,*,#2453,.F.);
#2780 = PLANE('',#2781);
#2781 = AXIS2_PLACEMENT_3D('',#2782,#2783,#2784);
#2782 = CARTESIAN_POINT('',(129.5,104.5,14.5));
#2783 = DIRECTION('',(1.,0.,0.));
#2784 = DIRECTION('',(-0.,-2.22044604925E-16,-1.));
#2785 = ADVANCED_FACE('',(#2786),#2792,.T.);
#2786 = FACE_BOUND('',#2787,.T.);
#2787 = EDGE_LOOP('',(#2788,#2789,#2790,#2791));
#2788 = ORIENTED_EDGE('',*,*,#2549,.T.);
#2789 = ORIENTED_EDGE('',*,*,#2501,.T.);
#2790 = ORIENTED_EDGE('',*,*,#2476,.T.);
#2791 = ORIENTED_EDGE('',*,*,#2428,.F.);
#2792 = PLANE('',#2793);
#2793 = AXIS2_PLACEMENT_3D('',#2794,#2795,#2796);
#2794 = CARTESIAN_POINT('',(-129.5,104.5,14.5));
#2795 = DIRECTION('',(-1.,0.,0.));
#2796 = DIRECTION('',(0.,2.22044604925E-16,1.));
#2797 = ( GEOMETRIC_REPRESENTATION_CONTEXT(3) 
GLOBAL_UNCERTAINTY_ASSIGNED_CONTEXT((#2801)) 
GLOBAL_UNIT_ASSIGNED_CONTEXT((#2798,#2799,#2800)) REPRESENTATION_CONTEXT
('Context #1','3D Context with UNIT and UNCERTAINTY') );
#2798 = ( LENGTH_UNIT() NAMED_UNIT(*) SI_UNIT(.MILLI.,.METRE.) );
#2799 = ( NAMED_UNIT(*) PLANE_ANGLE_UNIT() SI_UNIT($,.RADIAN.) );
#2800 = ( NAMED_UNIT(*) SI_UNIT($,.STERADIAN.) SOLID_ANGLE_UNIT() );
#2801 = UNCERTAINTY_MEASURE_WITH_UNIT(LENGTH_MEASURE(0.1),#2798,
  'distance_accuracy_value','confusion accuracy');
#2802 = PRODUCT_RELATED_PRODUCT_CATEGORY('part',$,(#7));
#2803 = MECHANICAL_DESIGN_GEOMETRIC_PRESENTATION_REPRESENTATION('',(
    #2804),#2797);
#2804 = STYLED_ITEM('color',(#2805),#15);
#2805 = PRESENTATION_STYLE_ASSIGNMENT((#2806,#2814));
#2806 = SURFACE_STYLE_USAGE(.BOTH.,#2807);
#2807 = SURFACE_SIDE_STYLE('',(#2808,#2812));
#2808 = SURFACE_STYLE_FILL_AREA(#2809);
#2809 = FILL_AREA_STYLE('',(#2810));
#2810 = FILL_AREA_STYLE_COLOUR('',#2811);
#2811 = COLOUR_RGB('',0.301960791261,0.301960791261,0.301960791261);
#2812 = SURFACE_STYLE_RENDERING_WITH_PROPERTIES(.NORMAL_SHADING.,#2811,(
    #2813));
#2813 = SURFACE_STYLE_TRANSPARENT(0.699999988079);
#2814 = CURVE_STYLE('',#2815,POSITIVE_LENGTH_MEASURE(0.1),#2816);
#2815 = DRAUGHTING_PRE_DEFINED_CURVE_FONT('continuous');
#2816 = COLOUR_RGB('',9.803921802644E-02,9.803921802644E-02,
  9.803921802644E-02);
ENDSEC;
END-ISO-10303-21;
